stt,material,material_description,dvt,ton_dau_ky,nhap_trong_ky,xuat_tra_lai,chuyen_mdsd,xuat_sx,xuat_khac,ton_cuoi_ky,ghi_chu
1,0000080692,"磁控連接線;;;;;;550mm;JST VHR-5+TKP,HL20P-03;",EA,0.0,720.0,0.0,0.0,0.0,0.0,720.0,
2,0000081548,軸承;滾珠;8504-2RS;;輝遠;輝遠,EA,0.0,8010.0,0.0,0.0,4630.0,0.0,3380.0,chênh lệch=80.00
3,0000082212,螺帽;焊接;M10x1.5P;G10;防鏽油;,EA,0.0,155394.0,0.0,0.0,95168.0,0.0,60226.0,chênh lệch=40.00
4,0000082605,墊圈;平;Φ6.0xΦ16.0x1.0T;不鏽鋼;;,EA,0.0,1846.0,0.0,0.0,0.0,0.0,1846.0,
5,0000082795,止擋環;軸承;;SPHC;φ25.5x10x5T;鍍白鋅;EP80;,EA,0.0,3190.0,0.0,0.0,962.0,0.0,2228.0,
6,0000084630,安全開關;;;;新進/R13-69;TM501,EA,0.0,11962.0,0.0,0.0,7036.0,0.0,4926.0,
7,0000086279,螺絲;圓柱;M10x1.5Px25L;;六角承窩;;電著黑;;;,EA,0.0,43920.0,0.0,0.0,23057.0,0.0,20863.0,
8,0000086513,螺絲;圓柱;M10x1.5Px40L;;六角承窩;;鍍黑鋅;;G12.9;,EA,0.0,320.0,0.0,0.0,0.0,0.0,320.0,
9,0000087483,螺絲;傘頭;M4x0.7Px35L;;十字;;鍍黑鋅;;;,EA,0.0,9444.0,0.0,0.0,0.0,0.0,9444.0,
10,0000089111,膠帶;泡棉;雙面;20x30x3t;TM501;,EA,0.0,11859.0,0.0,0.0,6933.0,0.0,4926.0,
11,0000089636,主軸;皮帶輪;;S45C;塗防鏽油;EP78;Φ52x125;,EA,0.0,20.0,0.0,0.0,0.0,0.0,20.0,
12,0000089637,"皮帶輪;多槽;;;HT200,J8Φ198;EP78",EA,0.0,720.0,0.0,0.0,0.0,0.0,720.0,
13,0000089832,軸承;滾珠;6205LUZ(TUTZ)/C3;Φ25xΦ52x15T;TPI;,EA,0.0,800.0,0.0,0.0,0.0,0.0,800.0,
14,0000089860,端塞;C-SAFE;;尼龍 66;黑色/Black C;;TM507;,EA,0.0,720.0,0.0,0.0,0.0,0.0,720.0,
15,0000090571,固定片;;;SPHC;43x43x1.6T;;TM507;,EA,0.0,1200.0,0.0,0.0,0.0,0.0,1200.0,
16,0000090959,螺帽;六角;M10x1.5P;G10;鍍鉻;,EA,0.0,615.0,0.0,0.0,16.0,0.0,599.0,
17,0000092113,皮帶輪;平;;FC25;Φ282;S70;,EA,0.0,720.0,0.0,0.0,0.0,0.0,720.0,
18,0000092805,軸承;自動調心;2204-2RS;Φ20xΦ47x18T;輝遠;,EA,0.0,1440.0,0.0,0.0,0.0,0.0,1440.0,
19,0000093219,護套;;;PVC;紅色;VCP 100030R;EP79;,EA,0.0,10723.0,0.0,0.0,6933.0,0.0,3790.0,
20,0000093400,螺絲;埋頭;M5x0.8Px15L;切口;十字;;電著黑;;;,EA,0.0,3840.0,0.0,0.0,0.0,0.0,3840.0,
21,0000093519,緩衝墊;跑板;;;;;TM512;,EA,0.0,70244.0,0.0,0.0,41688.0,0.0,28556.0,
22,0000093781,墊圈;彈簧;Φ17.3xΦ26.3x3.0T;;鍍黑鋅;,EA,0.0,13458.0,0.0,0.0,9060.0,0.0,4398.0,
23,0000093982,導線束帶;;;白色;385L;W=4.8mm;;;,EA,0.0,4320.0,0.0,0.0,0.0,0.0,4320.0,
24,0000094297,皮帶;多槽;FGD;460-J16-FG;;CARLISLE;,EA,0.0,720.0,0.0,0.0,0.0,0.0,720.0,
25,0000094927,心軸;擺臂;B;SS41/S15C;;EP304;φ25x86.5L;,EA,0.0,1440.0,0.0,0.0,0.0,0.0,1440.0,
26,0000094929,端塞;貼地桿;左前;ABS/PA757;深灰/80435;;EP304;,EA,0.0,1920.0,0.0,0.0,0.0,0.0,1920.0,chênh lệch=1900.00; tồn điều chỉnh (Đã khai báo hải quan nhưng chưa nhập sổ): delta=+1900
27,0000095017,軸心;移動輪;;SS41/S15C;;EP304;φ25x51.5L;,EA,0.0,1440.0,0.0,0.0,0.0,0.0,1440.0,
28,0000095034,軸套;擺動臂;B;SS41/S15C;;EP304;;,EA,0.0,1440.0,0.0,0.0,0.0,0.0,1440.0,
29,0000095035,軸承套;擺動臂;;ABS/PA757;深灰/80435;;EP304;,EA,0.0,3940.0,0.0,0.0,0.0,0.0,3940.0,chênh lệch=3900.00; tồn điều chỉnh (Đã khai báo hải quan nhưng chưa nhập sổ): delta=+3900
30,0000095048,軸承;滾針;HK2016;;INA;,EA,0.0,2880.0,0.0,0.0,0.0,0.0,2880.0,
31,0000095050,連接軸;;A;SCM440;;EP304;;,EA,0.0,1440.0,0.0,0.0,0.0,0.0,1440.0,
32,0000095051,連接軸;;B;SCM440;;EP304;;,EA,0.0,1440.0,0.0,0.0,0.0,0.0,1440.0,
33,0000095097,管端塞;;;;;豐將FK01004;φ38.1;;,EA,0.0,4400.0,0.0,0.0,0.0,0.0,4400.0,chênh lệch=3900.00; tồn điều chỉnh (Đã khai báo hải quan nhưng chưa nhập sổ): delta=+3900
34,0000095100,端塞;貼地桿;右前;ABS/PA757;深灰/80435;;EP304;,EA,0.0,1920.0,0.0,0.0,0.0,0.0,1920.0,chênh lệch=1900.00; tồn điều chỉnh (Đã khai báo hải quan nhưng chưa nhập sổ): delta=+1900
35,0000095638,腳墊;調整;;;;M12x61H;EP304;,EA,0.0,3148.0,0.0,0.0,1380.0,0.0,1768.0,chênh lệch=40.00
36,0000095667,"腳墊組;;後;;;3/8""-16UNC;TM512;",EA,0.0,23718.0,0.0,0.0,13866.0,0.0,9852.0,
37,0000096074,粉體塗料;黑砂銀 25KG/箱;,KG,0.0,29675.0,0.0,0.0,18277.534,0.0,11397.466,CCDC
38,000041-AA,移動輪;;;尼龍+30%玻纖;黑色;;TM68;,EA,0.0,1440.0,0.0,0.0,0.0,0.0,1440.0,
39,000454-H,鎖緊護蓋;;;S45C;鍍鉻;GM01;;,EA,0.0,1202.0,0.0,0.0,120.0,0.0,1082.0,
40,000508-D,腳墊;;;橡膠(SBR);;黑色;Φ76x20;配Φ60圓管;GM01;,EA,0.0,920.0,0.0,0.0,80.0,0.0,840.0,
41,000509-E,腳墊;;;橡膠(SBR);黑色;Φ105x20;GM01;配Φ89圓管,EA,0.0,400.0,0.0,0.0,80.0,0.0,320.0,
42,000510-D,腳墊;;;橡膠(SBR);;黑色;Φ92.2x20;GM02;配Φ76.2圓管 ,EA,0.0,1390.0,0.0,0.0,140.0,0.0,1250.0,
43,000514-C,腳墊;支撐;下;PVC;;黑色;96x56x20;GM07;,EA,0.0,14820.0,0.0,0.0,7696.0,0.0,7124.0,chênh lệch=40.00
44,000521-A,腳墊;橡膠;120;GM07;,EA,0.0,609.0,0.0,0.0,104.0,0.0,505.0,122/123=điều chỉnh; chênh lệch=202.00
45,000522-D,腳墊;車架;;橡膠發泡;鍍五彩;3/8-16UNC;EP34;,EA,0.0,586.0,0.0,0.0,258.0,0.0,328.0,
46,000524-A,腳墊;支撐;下;橡膠(SBR);;黑色;180x136.8x61.2;FW11;,EA,0.0,1218.0,0.0,0.0,208.0,0.0,1010.0,122/123=điều chỉnh; chênh lệch=504.00
47,000533-AA,腳墊;;;橡膠(SBR);;;GM21;,EA,0.0,360.0,0.0,0.0,40.0,0.0,320.0,
48,000538-CB,腳墊;貼地桿;後;70%PVC;;黑色;;RB22,EA,0.0,540.0,0.0,0.0,40.0,0.0,500.0,
49,000554-A,腳墊;支撐;下;;;橡膠;黑色;160x120x15;FW81;,EA,0.0,6390.0,0.0,0.0,3718.0,0.0,2672.0,122/123=điều chỉnh; chênh lệch=12.00
50,000588-D,泡棉;;;Φ24x5.0tx130L;;GM14,EA,0.0,236.0,0.0,0.0,228.0,0.0,8.0,
51,000591-C,泡棉;;;φ30.4x5.0tx105L;;FW50,EA,0.0,3170.0,0.0,0.0,700.0,0.0,2470.0,
52,000603-B,泡棉;握管;;;;EPDM+PP;φ30.4x5.0tx358L;MS20;,EA,0.0,60.0,0.0,0.0,0.0,0.0,60.0,
53,000664-AA,泡棉;握管;;;;EPDM+PP;φ30.4x5.0tx320L;MS20;,EA,0.0,310.0,0.0,0.0,20.0,0.0,290.0,
54,000751-C,緩衝墊;;;NBR橡膠;;φ100x34.9L;FW10;,EA,0.0,13068.0,0.0,0.0,7624.0,0.0,5444.0,122/123=điều chỉnh; chênh lệch=524.00
55,000753-C,緩衝墊;;上;;;橡膠;黑色;φ84.5x26;FW94;,EA,0.0,1543.0,0.0,0.0,925.0,0.0,618.0,
56,000755-CA,緩衝墊;輔助選擇片;MS51;,EA,0.0,2360.0,0.0,0.0,120.0,0.0,2240.0,
57,000776-A,緩衝墊;;;;;橡膠;黑色;160x41;FW91;,EA,0.0,162500.0,0.0,0.0,119980.0,0.0,42520.0,
58,000845-F,襯片;;;;;Delrin □60x60;GM19;,EA,0.0,1380.0,0.0,0.0,40.0,0.0,1340.0,
59,000926-A,管端塞;;;PP;黑色/Black C;φ38.1x3.0t;FW91;烤漆,EA,0.0,997.0,0.0,0.0,124.0,0.0,873.0,
60,001129-B,端塞;;;PP;;黑色;EP109;,EA,0.0,640.0,0.0,0.0,0.0,0.0,640.0,
61,001401-A,端蓋;;;ABS;黑色/Black C;Φ76.2;GM03;,EA,0.0,4913.0,0.0,0.0,2492.0,0.0,2421.0,
62,001402-A,端蓋;端塞;;ABS/防火;純黑色;Ø50.8*43;GM01;,EA,0.0,540.0,0.0,0.0,40.0,0.0,500.0,
63,001406-A,管端塞;;;ABS/PA757;黑色/Black C;;GM05;,EA,0.0,998.0,0.0,0.0,368.0,0.0,630.0,
64,001407-A,端蓋;方管;;;;50x50x19;GM03;,EA,0.0,580.0,0.0,0.0,40.0,0.0,540.0,
65,001422-BA,管端塞;橢圓管;;PP;黑色;Φ40x80x3.0t;MS20;,EA,0.0,800.0,0.0,0.0,160.0,0.0,640.0,
66,001509-D,固定膠塊;遮蓋;;NBR橡膠;;;GM01;,EA,0.0,3840.0,0.0,0.0,672.0,0.0,3168.0,
67,001513-A,緩衝塊;緩衝;;NBR橡膠;純黑色;Φ50x40;GM01;,EA,0.0,2640.0,0.0,0.0,320.0,0.0,2320.0,
68,001522-B,止擋塊;;;NBR橡膠;純黑色;Φ38x20;GM02;,EA,0.0,320.0,0.0,0.0,86.0,0.0,234.0,
69,001523-E,止擋墊;凸輪;;NBR橡膠;純黑色;;GM03;,EA,0.0,1182.0,0.0,0.0,456.0,0.0,726.0,
70,001525-B,止擋片;轉臂;;;;30x45x6;GM03;,EA,0.0,200.0,0.0,0.0,40.0,0.0,160.0,
71,001526-D,螺絲;;M8x1.25Px40L;;;;;;;護蓋用,EA,0.0,3840.0,0.0,0.0,672.0,0.0,3168.0,
72,001528-B,螺絲;圓柱;;;;;橡膠;;特製;;擺臂止擋,EA,0.0,140.0,0.0,0.0,97.0,0.0,43.0,
73,001530-C,螺絲;;M10x1.5P;;;;;;;靠墊用;頭部SR20,EA,0.0,138.0,0.0,0.0,56.0,0.0,82.0,
74,001531-AA,螺絲;圓頭;M8X1.25PX10L;;;橡膠;;;特製,EA,0.0,401.0,0.0,0.0,80.0,0.0,321.0,
75,001595-A,絕緣保護套;自由型;KSS KG-020;10M/捲;;;,EA,0.0,101.0,0.0,0.0,56.064,0.0,44.936,
76,001597-A,絕緣保護套;自由型;;槽徑=3.2mm;10M/捲;;;,EA,0.0,259.0,0.0,0.0,138.66,0.0,120.34,
77,001679-00,配線固定座;;;HC-101(KSS);;;,EA,0.0,15816.0,0.0,0.0,8660.0,0.0,7156.0,chênh lệch=160.00
78,001791-AA,固定塊;舉重桿連接套;;POM(塑膠鋼);純黑色;;FW62;,EA,0.0,2551.0,0.0,0.0,524.0,0.0,2027.0,
79,002391-A,"濾波器接地線;;;;;;;160(WST,B40506BS-2+KST,RVS3",EA,0.0,11558.0,0.0,0.0,7138.0,0.0,4420.0,
80,003553-D,功率電阻;10Ω;400W;;650mm;3.96-4P白VH;含線材;EP23,EA,0.0,720.0,0.0,0.0,0.0,0.0,720.0,
81,003569-A,電視轉接頭;;F-A005;CB54C;中研,EA,0.0,13079.0,0.0,0.0,6933.0,0.0,6146.0,
82,003699-00,軸承;滾珠;6202ZZ;Ψ15XΨ35X11T;;CE2;FAG,EA,0.0,1280.0,0.0,0.0,0.0,0.0,1280.0,
83,003715-00,墊圈;浪型;Φ15.6xΦ21.8x0.3T;65Mn;鍍黑鋅;,EA,0.0,440.0,0.0,0.0,40.0,0.0,400.0,
84,003726-00,螺絲;圓頭;ST3.5x1.3Px6L;平頭;十字;;鍍白鋅;平尾;;,EA,0.0,34309.0,0.0,0.0,20799.0,0.0,13510.0,
85,004078-A2,軸承;滾珠;6005ZZ;Φ25xΦ47x12T;TPI;,EA,0.0,398.0,0.0,0.0,250.0,0.0,148.0,
86,004081-A2,軸承;滾珠;6204ZZ;Φ20xΦ47x14T;TPI;,EA,0.0,398.0,0.0,0.0,250.0,0.0,148.0,
87,004118-00,軸承;凸緣乾式;LFF-2015;Φ20xΦ23x16.5L;順德;,EA,0.0,340.0,0.0,0.0,40.0,0.0,300.0,
88,004142-A,軸承;止推;51104;;;WM,EA,0.0,500.0,0.0,0.0,142.0,0.0,358.0,
89,004362-00,螺絲;傘頭;M4x0.7Px10L;;十字;;鍍黑鋅;;;,EA,0.0,6000.0,0.0,0.0,4500.0,0.0,1500.0,
90,004375-AD,螺絲;傘頭;M5x0.8Px15L;;十字;;鍍黑鋅;耐落;;,EA,0.0,1708.0,0.0,0.0,324.0,0.0,1384.0,
91,004378-00,螺絲;傘頭;M5x0.8Px25L;切口;十字;;鍍鎳;;;,EA,0.0,10600.0,0.0,0.0,5200.0,0.0,5400.0,
92,004385-AD,螺絲;傘頭;M5x0.8Px12L;切口;十字;不鏽鋼;染黑;;;,EA,0.0,1920.0,0.0,0.0,0.0,0.0,1920.0,
93,004426-00,螺絲;埋頭;M6x1.0Px12L;;十字;;鍍黑鋅;耐落;;,EA,0.0,6426.0,0.0,0.0,3075.0,0.0,3351.0,
94,004460-AF,螺絲;圓柱;M6x1.0Px20L;;六角承窩;;鍍鉻;;;,EA,0.0,210.0,0.0,0.0,0.0,0.0,210.0,
95,004479-AB,螺絲;圓柱;M8x1.25Px15L;;六角承窩;;鍍鉻;耐落;;,EA,0.0,1000.0,0.0,0.0,10.0,0.0,990.0,
96,004482-AB,螺絲;圓柱;M8x1.25Px20L;;六角承窩;;鍍鉻;耐落;;,EA,0.0,1562.0,0.0,0.0,68.0,0.0,1494.0,
97,004493-00,螺絲;圓柱;M8x1.25Px16L;;六角承窩;;鍍黑鋅;;G12.9;,EA,0.0,640.0,0.0,0.0,0.0,0.0,640.0,
98,004518-00,螺絲;圓柱;M10x1.5Px75L;;六角承窩;;鍍鉻;;G12.9;,EA,0.0,512.0,0.0,0.0,26.0,0.0,486.0,
99,004555-AB,螺絲;圓柱;M10x1.5Px25L;;六角承窩;;鍍鉻;耐落;G12.9;,EA,0.0,5816.0,0.0,0.0,2968.0,0.0,2848.0,
100,004556-AB,螺絲;圓柱;M12x1.75Px25L;;六角承窩;;鍍鉻;耐落;;,EA,0.0,540.0,0.0,0.0,40.0,0.0,500.0,
101,004573-AD,螺絲;埋頭;M10x1.5Px25L;;六角承窩;;鍍鉻;;;,EA,0.0,28020.0,0.0,0.0,13504.0,0.0,14516.0,
102,004579-AB,螺絲;埋頭;M8x1.25Px25L;;六角承窩;;鍍鉻;;;,EA,0.0,540.0,0.0,0.0,0.0,0.0,540.0,
103,004623-00,螺絲;傘頭;Φ4x12L;自攻切口;十字;;電著;;尖尾,EA,0.0,3160.0,0.0,0.0,0.0,0.0,3160.0,
104,004626-00,螺絲;傘頭;Φ4x10L;自攻牙;十字;;電著黑;尖尾;;,EA,0.0,640.0,0.0,0.0,0.0,0.0,640.0,
105,004693-00,螺絲;平頭;M8X1.25PX15L;;六角承窩;;鍍黑鋅;;,EA,0.0,72.0,0.0,0.0,72.0,0.0,0.0,
106,004693-AD,螺絲;平頭;M8X1.25PX15L;;六角承窩;;鍍鉻;耐落;;,EA,0.0,7040.0,0.0,0.0,4090.0,0.0,2950.0,
107,004694-00,螺絲;平頭;M8X1.25PX10L;;六角承窩;;鍍鉻;;;,EA,0.0,200.0,0.0,0.0,0.0,0.0,200.0,
108,004696-AB,螺絲;平頭;M8x1.25Px20L;;六角承窩;;鍍鉻;;;,EA,0.0,52706.0,0.0,0.0,26656.0,0.0,26050.0,
109,004699-00,螺絲;平頭;M8X1.25PX15L;;六角承窩;;鍍鉻;耐落;G8.8;,EA,0.0,1000.0,0.0,0.0,28.0,0.0,972.0,
110,004703-AF,螺絲;平頭;M8X1.25PX20L;;六角承窩;;鍍鉻;耐落;;,EA,0.0,11000.0,0.0,0.0,7170.0,0.0,3830.0,
111,004706-A,螺絲;平頭;M6x1.0Px16L;;六角承窩;;鍍黑鋅;;;,EA,0.0,57.0,0.0,0.0,28.0,0.0,29.0,
112,004720-AC,螺絲;傘頭;M8X1.25PX20L;;六角承窩;;鍍鉻;;,EA,0.0,170.0,0.0,0.0,20.0,0.0,150.0,
113,004727-AB,螺絲;傘頭;M8X1.25PX30L;;六角承窩;;鍍鉻;;耐落,EA,0.0,1929.0,0.0,0.0,925.0,0.0,1004.0,
114,004758-AD,螺絲;傘頭;M10X1.5PX50L-15L;;六角承窩;;鍍鉻;;半牙,EA,0.0,578.0,0.0,0.0,314.0,0.0,264.0,
115,004793-00,螺絲;傘頭;M10X1.5PX15L;;六角承窩;鉻鉬合金鋼;鍍鉻;耐落;G12,EA,0.0,13597.0,0.0,0.0,7425.0,0.0,6172.0,
116,004855-AC,螺絲;止付;M6x1.0Px4L;;;;電著黑;尖尾/耐落;;,EA,0.0,23824.0,0.0,0.0,7920.0,0.0,15904.0,
117,004911-00,螺帽;六角;M16x2.0Px7.0T;SS41;鍍白鋅;,EA,0.0,1440.0,0.0,0.0,0.0,0.0,1440.0,
118,004929-00,螺帽;尼龍;M8x1.25P;;鍍鉻;,EA,0.0,5769.0,0.0,0.0,2586.0,0.0,3183.0,
119,004938-00,螺帽;尼龍;M6x1.0P;;鍍鉻;,EA,0.0,2185.0,0.0,0.0,260.0,0.0,1925.0,
120,004942-00,螺帽;尼龍;M10x1.5P;;鍍黑鋅;,EA,0.0,46560.0,0.0,0.0,27968.0,0.0,18592.0,
121,004943-00,螺帽;尼龍;M10x1.5P;;鍍鉻;,EA,0.0,2740.0,0.0,0.0,404.0,0.0,2336.0,
122,004953-00,螺帽;焊接;M10x1.5P;SS41;;Φ12台階,EA,0.0,3478.0,0.0,0.0,1556.0,0.0,1922.0,chênh lệch=160.00
123,004954-00,螺帽;焊接;3/8-16UNC;SS41;鍍黑鋅;;,EA,0.0,25124.0,0.0,0.0,13866.0,0.0,11258.0,
124,004957-00,螺帽;鎖緊;M25x1.5P;SS41;鍍黑鋅;,EA,0.0,640.0,0.0,0.0,0.0,0.0,640.0,
125,004975-00,拉帽;;ALS7-8125-3.8(0.5-3.8);;鍍白鋅;,EA,0.0,23200.0,0.0,0.0,2808.0,0.0,20392.0,
126,004976-00,拉帽;;ALS7-1015-1.5(0.5-3.8);;鍍彩鋅;;,EA,0.0,1000.0,0.0,0.0,200.0,0.0,800.0,
127,004978-00,拉帽;六角;NHS-1015-4.0(M10X1.5P);;鍍彩鋅,EA,0.0,4216.0,0.0,0.0,1057.0,0.0,3159.0,
128,004980-A,拉帽;六角;NHS-580-3.0(M5x0.8P);;鍍白鋅;,EA,0.0,34600.0,0.0,0.0,15330.0,0.0,19270.0,
129,004983-A,拉帽;六角;NKHS-8125-2.5(M8x1.25P);;鍍白鋅;,EA,0.0,155118.0,0.0,0.0,94080.0,0.0,61038.0,
130,005017-00,"墊圈;彈簧;Φ10.2xΦ18.4x2.5T;;鍍鉻;;RoHS,REACH",EA,0.0,1752.0,0.0,0.0,368.0,0.0,1384.0,
131,005018-00,"墊圈;彈簧;Φ12.2xΦ21.5x3.0T;;鍍鉻;;RoHS,REACH",EA,0.0,4000.0,0.0,0.0,660.0,0.0,3340.0,chênh lệch=280.00
132,005025-00,墊圈;平;Φ25.5xΦ38.0x1.5T;;鍍黑鋅;,EA,0.0,640.0,0.0,0.0,0.0,0.0,640.0,
133,005031-AC,"墊圈;平;Φ20.2xΦ30.0x2.0T;;鍍鉻;;RoHS,REACH",EA,0.0,1328.0,0.0,0.0,424.0,0.0,904.0,
134,005042-00,墊圈;平;Φ8.2xΦ30.0x2.0T;;鍍黑鋅;,EA,0.0,640.0,0.0,0.0,0.0,0.0,640.0,
135,005042-Z,"墊圈;平;Φ8.2xΦ30x2.0T;;鍍鉻;;RoHS,REACH",EA,0.0,32.0,0.0,0.0,16.0,0.0,16.0,
136,005043-7,墊圈;平;Φ10xΦ30x2.0T;;鍍鉻;,EA,0.0,1000.0,0.0,0.0,21.0,0.0,979.0,
137,005048-AB,墊圈;平;Φ8.2xΦ15.0x1.2T;;鍍白鋅;,EA,0.0,100.0,0.0,0.0,100.0,0.0,0.0,
138,005062-00,墊圈;平;Φ10.2xΦ19.0x2.0T;;鍍鉻;,EA,0.0,7312.0,0.0,0.0,1674.0,0.0,5638.0,
139,005067-00,墊圈;平;Φ10.2xΦ15.0x1.5T;;鍍黑鋅;,EA,0.0,1280.0,0.0,0.0,0.0,0.0,1280.0,
140,005084-00,墊圈;平;Φ5.3xΦ10.0x1.0T;;鍍鉻;,EA,0.0,2000.0,0.0,0.0,914.0,0.0,1086.0,
141,005117-AB,墊圈;平;Φ8.2xΦ16.0x2.0T;;鍍鉻;,EA,0.0,1000.0,0.0,0.0,86.0,0.0,914.0,
142,005121-00,墊圈;平;Φ30.3xΦ45.0x1.2T;鍍鋅鋼板;鍍白鋅;,EA,0.0,720.0,0.0,0.0,0.0,0.0,720.0,
143,005125-00,墊圈;平;Φ10.2xΦ20.0x1.0T;;鍍黑鋅;,EA,0.0,7200.0,0.0,0.0,5400.0,0.0,1800.0,
144,005130-00,墊圈;平;Φ8.4xΦ15.5x1.6T;;鍍鉻;,EA,0.0,15202.0,0.0,0.0,6673.0,0.0,8529.0,
145,005132-00,墊圈;平;Φ13.0xΦ26.0x2.5T;;鍍鉻;,EA,0.0,3360.0,0.0,0.0,982.0,0.0,2378.0,
146,005138-A,墊圈;平;Φ10.2XΦ25.0X1.5T;;鍍鉻;,EA,0.0,124.0,0.0,0.0,42.0,0.0,82.0,
147,005138-AB,墊圈;平;Φ10.2XΦ25X1.5T;;鍍鉻;,EA,0.0,8.0,0.0,0.0,0.0,0.0,8.0,
148,005207-A,墊圈;平;Φ20.2xΦ30.0x2.0T;鐵弗龍;;,EA,0.0,593.0,0.0,0.0,98.0,0.0,495.0,
149,005220-00,墊圈;浪型;Φ20.7xΦ29.1x0.3T;65Mn;鍍黑鋅;,EA,0.0,800.0,0.0,0.0,36.0,0.0,764.0,
150,005227-00,墊圈;浪型;Φ26.0xΦ34.0x0.3T;;電著黑;,EA,0.0,100.0,0.0,0.0,0.0,0.0,100.0,
151,005330-00,夾;C型夾(自攻牙);WUSN-4039;;;,EA,0.0,11805.0,0.0,0.0,5768.0,0.0,6037.0,chênh lệch=160.00
152,005354-00,扣環;內C型;R-42;;;,EA,0.0,4000.0,0.0,0.0,2.0,0.0,3998.0,
153,005356-00,扣環;內C型;R-47;;鍍黑鋅;,EA,0.0,640.0,0.0,0.0,0.0,0.0,640.0,
154,005365-00,扣環;外C型;S-20;;鍍黑鋅;,EA,0.0,270.0,0.0,0.0,88.0,0.0,182.0,
155,005485-E,彈簧;壓縮;φ1.1xφ12.7x38Lx7N;SWP;鍍白鋅;GM01,EA,0.0,1720.0,0.0,0.0,803.0,0.0,917.0,
156,005486-E,彈簧;壓縮;φ1.0xφ12.7x65Lx12N;65Mn;鍍白鋅;GM09;,EA,0.0,724.0,0.0,0.0,267.0,0.0,457.0,
157,005811-00,導線束帶;;;160L;;黑色;,EA,0.0,184439.0,0.0,0.0,107169.0,0.0,77270.0,chênh lệch=40.00
158,005816-00,導線束帶;;;200L白;KSS CV-200M;;;,EA,0.0,7200.0,0.0,0.0,0.0,0.0,7200.0,
159,005817-00,導線束帶;;;白色;300L;W=4.8MM;KSS CV-300S;;;,EA,0.0,85313.0,0.0,0.0,48691.0,0.0,36622.0,
160,005825-00,捲式結束帶;;10米/捲;KSS KS-10;O.D.=10;;白色;,EA,0.0,22.0,0.0,0.0,0.0,0.0,22.0,
161,005844-B,固定扣座;;;PA6;;;GM01;,EA,0.0,720.0,0.0,0.0,0.0,0.0,720.0,
162,005845-B,固定扣插頭;;;PA6;;;GM01;,EA,0.0,720.0,0.0,0.0,0.0,0.0,720.0,
163,005847-A,彈力繩;壓線端子;;;ψ10.8xψ25.0x2400;;GM100;,EA,0.0,1030.0,0.0,0.0,140.0,0.0,890.0,
164,006078-00,貼標;接地;;;;;;TM08,EA,0.0,45839.0,0.0,0.0,27427.0,0.0,18412.0,chênh lệch=160.00
165,006559-B,貼標;;環保;黑色;;;;EP03,EA,0.0,47436.0,0.0,0.0,27732.0,0.0,19704.0,
166,006610-B,貼標;腳墊調整;;黑底白字;;;;GM01,EA,0.0,170.0,0.0,0.0,20.0,0.0,150.0,
167,006611-E,規格貼標;選擇片;15磅;黑底白字;PC;;;GM01;,EA,0.0,440.0,0.0,0.0,40.0,0.0,400.0,
168,006620-D,規格貼標;選擇片;10磅;黑底白字;PC;;;GM13;,EA,0.0,170.0,0.0,0.0,20.0,0.0,150.0,
169,006643-BX,指示貼標;;PP;;;左;;EP32,EA,0.0,720.0,0.0,0.0,0.0,0.0,720.0,
170,006644-BX,指示貼標;;PP;;;右;;EP32,EA,0.0,720.0,0.0,0.0,0.0,0.0,720.0,
171,006652-C,貼標;輔助選擇片;;紅底黑字;;;;MS51,EA,0.0,1530.0,0.0,0.0,140.0,0.0,1390.0,
172,006653-C,貼標;;;黑底白字;PC;;;MS51;,EA,0.0,1540.0,0.0,0.0,280.0,0.0,1260.0,
173,007179-00,管;正方型;STKR400;□50.0X50.0X3.0TX6000;;,EA,0.0,27.0,0.0,0.0,16.112000000000002,0.0,10.888,
174,007202-00,管;長方型;STKR400;□30.0X60.0X3.0TX6000;;,EA,0.0,269.0,0.0,0.0,119.4,0.0,149.6,
175,007263-00,管;圓型;STK400;Φ50.8X3.0TX6060;;,EA,0.0,52.0,0.0,0.0,0.6000000000000014,0.0,51.4,
176,007271-A,管;圓型;STK400;Φ25.4X2.0TX6060;;,EA,0.0,199.0,0.0,0.0,3.5560000000000116,0.0,195.444,
177,007272-A,管;圓型;STK400;Φ89.0X3.0TX5000;;,EA,0.0,59.0,0.0,0.0,22.022,0.0,36.978,
178,007275-00,管;橢圓型;STK400;Φ40.0XΦ80.0X2.0TX6000;;,EA,0.0,192.0,0.0,0.0,22.02199999999999,0.0,169.978,
179,007280-A,管;橢圓型;STK400;Φ50.0XΦ100.0X3.0TX6060;;,EA,0.0,28.0,0.0,0.0,8.805,0.0,19.195,
180,007289-A,管;橢圓型;STK400;Φ50.0XΦ100.0X3.0TX5700;;,EA,0.0,36.0,0.0,0.0,19.595,0.0,16.405,
181,007350-A,固定片;COVER;;SPC;28x20x21x2.0T;;TM37;,EA,0.0,1440.0,0.0,0.0,0.0,0.0,1440.0,
182,008234-C,固定片;襯套;;20#;16x16x3.0T;染黑;GM02;,EA,0.0,2500.0,0.0,0.0,1488.0,0.0,1012.0,
183,008441-E,固定片;腳墊;;20#;89;;GM01;,EA,0.0,400.0,0.0,0.0,80.0,0.0,320.0,
184,008442-E,固定片;腳墊;;20#;76.2;;GM02;,EA,0.0,2440.0,0.0,0.0,240.0,0.0,2200.0,
185,008497-A,固定片;平衡;;SPC;101.5x31x50x6.0T;;GM11;76.2,EA,0.0,1240.0,0.0,0.0,140.0,0.0,1100.0,
186,008504-A,固定片;平衡;;SPC;102.1x31x50x6.0T;;GM02;89,EA,0.0,400.0,0.0,0.0,80.0,0.0,320.0,
187,008522-C,墊圈;轉軸;Φ26.5;SS41;鍍鉻;,EA,0.0,3072.0,0.0,0.0,644.0,0.0,2428.0,
188,008523-B,墊圈;弧型;Φ10xΦ28x4.8T;SS41;鍍鉻;,EA,0.0,8248.0,0.0,0.0,1148.0,0.0,7100.0,
189,008531-H,調整片;腿墊;;SPC;81x143x157.5x8.0T;;GM01;,EA,0.0,20.0,0.0,0.0,20.0,0.0,0.0,
190,008546-F,護蓋片;腳墊調整;;SUS304;Ø200x6.0;電解;GM01;,EA,0.0,170.0,0.0,0.0,20.0,0.0,150.0,
191,008550-C,護蓋片;凸輪;;SUS304;;電解;GM15;,EA,0.0,757.0,0.0,0.0,397.0,0.0,360.0,chênh lệch=40.00
192,008563-B,連接片;扶手;;SPHC;100x67.2x8.0t;;GM14;,EA,0.0,170.0,0.0,0.0,103.0,0.0,67.0,
193,008565-C,連接片;腳墊調整;;SPC;8.0t;;GM01;,EA,0.0,340.0,0.0,0.0,40.0,0.0,300.0,
194,008569-A,止檔片;滑輪支撐片;;橡膠;20x20x3t;;MS21;,EA,0.0,2187.0,0.0,0.0,200.0,0.0,1987.0,
195,008864-A,螺絲;圓頭;Φ2.9x1.06Px7L;高低牙;十字;1022;鍍黑鋅;;;,EA,0.0,70154.0,0.0,0.0,41598.0,0.0,28556.0,
196,009076-C2,套管;貼地桿;;SS41;;EP34;φ25.4x32L;,EA,0.0,3184.0,0.0,0.0,3127.0,0.0,57.0,chênh lệch=2993.00
197,009247-A,轉軸;;;S45C;鍍鉻;MS51;Φ10x25L;,EA,0.0,2328.0,0.0,0.0,510.0,0.0,1818.0,
198,009248-A,轉軸;鋼索;SCM21;φ35x66L;MS51;,EA,0.0,510.0,0.0,0.0,60.0,0.0,450.0,
199,009250-A,雙手握把;左;;;;MS52;市購品,EA,0.0,370.0,0.0,0.0,62.0,0.0,308.0,
200,009251-A,握把;右;雙手;;;MS53;市購品,EA,0.0,470.0,0.0,0.0,62.0,0.0,408.0,
201,009255-B,墊圈;轉軸;Φ50X5L;SS41;;鋼索輪,EA,0.0,1050.0,0.0,0.0,100.0,0.0,950.0,
202,009256-A,墊圈;轉軸;;SS41;,EA,0.0,540.0,0.0,0.0,40.0,0.0,500.0,
203,009270-D,轉軸;調整墊;;SS41;;GM03;Ø32x62;,EA,0.0,170.0,0.0,0.0,20.0,0.0,150.0,
204,009288-K,軸;拉銷;;35CrMo;;GM01;Ø16x78.5;市購品;,EA,0.0,290.0,0.0,0.0,20.0,0.0,270.0,
205,009289-F,調整軸;背墊;;45#;;GM03;Ø20x83;,EA,0.0,170.0,0.0,0.0,20.0,0.0,150.0,
206,009349-E,固定片;腳墊;GM01,EA,0.0,610.0,0.0,0.0,60.0,0.0,550.0,
207,009355-B,止擋環;泡棉;;AL6061;噴砂;GM02;Ø41.6x10;,EA,0.0,6574.0,0.0,0.0,1582.0,0.0,4992.0,
208,009356-B,止擋環;泡棉;;AL6061;噴砂;GM03;Ø35.1x10;,EA,0.0,3268.0,0.0,0.0,1838.0,0.0,1430.0,chênh lệch=40.00
209,009358-D,墊圈;轉軸;;SS41;;,EA,0.0,340.0,0.0,0.0,115.0,0.0,225.0,
210,009360-AA,墊圈;;;;鍍鉻;握把,EA,0.0,25.0,0.0,0.0,25.0,0.0,0.0,
211,009371-E,端塞;握管;;AL-6061;噴砂/陽極處理;;GM03;,EA,0.0,2275.0,0.0,0.0,938.0,0.0,1337.0,chênh lệch=40.00
212,009372-E,護蓋-加工;握把;;;φ41.6x30;GM02;,EA,0.0,6610.0,0.0,0.0,1618.0,0.0,4992.0,
213,012819-00,磁控發電機;ψ210 CE EP MX/600系列;400W;;;JM07,EA,0.0,480.0,0.0,0.0,0.0,0.0,480.0,
214,019151-AA,緩衝塊;;;橡膠(SBR);黑色;φ22xφ50x30L;GM77;,EA,0.0,9882.0,0.0,0.0,5996.0,0.0,3886.0,chênh lệch=80.00
215,020069-00,螺絲;圓柱;M8x1.25Px12L;;六角承窩;;鍍黑鋅;耐落;G12.9;,EA,0.0,640.0,0.0,0.0,0.0,0.0,640.0,
216,020085-00,螺絲;圓柱;M8x1.25Px20.0L;;六角承窩;;鍍鉻;耐落;;,EA,0.0,3473.0,0.0,0.0,1123.0,0.0,2350.0,
217,020104-AC,螺絲;圓柱;M10x1.5Px30L;;六角承窩;;鍍鉻;;;,EA,0.0,2.0,0.0,0.0,0.0,0.0,2.0,
218,020122-A,螺絲;圓柱;M12X1.75PX25L;;六角承窩;;鍍鉻;;,EA,0.0,1909.0,0.0,0.0,416.0,0.0,1493.0,
219,020126-D,螺絲;止付;M8X1.25PX20L;;;;鍍鉻;;耐落;止擋,EA,0.0,170.0,0.0,0.0,96.0,0.0,74.0,
220,020132-00,螺絲;埋頭;M8X1.25PX30L;;六角承窩;;;;,EA,0.0,2617.0,0.0,0.0,471.0,0.0,2146.0,
221,020186-00,螺絲;傘頭;Φ4X30L;自攻牙;十字;;鍍鉻;尖尾;;,EA,0.0,1409.0,0.0,0.0,418.0,0.0,991.0,
222,020256-AD,螺絲;傘頭;M5X0.8PX10L;;六角承窩;;鍍鉻;;;,EA,0.0,5540.0,0.0,0.0,1788.0,0.0,3752.0,
223,020292-00,螺絲;傘頭;M8x1.25Px55L-20L;;六角承窩;G12.9;鍍鉻;;;,EA,0.0,2928.0,0.0,0.0,1411.0,0.0,1517.0,
224,020453-Z,墊圈;平;Φ20.5xΦ30x2.5t;;鍍鉻;,EA,0.0,1328.0,0.0,0.0,320.0,0.0,1008.0,
225,020465-AB,墊圈;平;Φ10.2xΦ25.0x2.0T;;鍍鉻;,EA,0.0,26252.0,0.0,0.0,16743.0,0.0,9509.0,
226,020478-00,墊圈;平;Φ10.2xΦ20.0x2.0T;;鍍黑鋅;,EA,0.0,95960.0,0.0,0.0,76508.0,0.0,19452.0,
227,020478-AC,墊圈;平;Φ10.2xΦ20.0x2.0T;;鍍鉻;,EA,0.0,20000.0,0.0,0.0,4630.0,0.0,15370.0,
228,020479-A,墊圈;平;Φ10.2xΦ22.0x2.0T;;鍍鉻;,EA,0.0,1500.0,0.0,0.0,519.0,0.0,981.0,
229,020634-00,夾;C型;;;SPHC;鍍鋅;,EA,0.0,1440.0,0.0,0.0,0.0,0.0,1440.0,
230,021068-C,保麗龍;MS52;MS52-X11C;,EA,0.0,170.0,0.0,0.0,20.0,0.0,150.0,
231,021309-A,警告貼標;;防小孩窒息;;;;;TM108,EA,0.0,35077.0,0.0,0.0,20799.0,0.0,14278.0,
232,022400-A,彈簧銷;;Φ5x30L;;;,EA,0.0,634.0,0.0,0.0,316.0,0.0,318.0,
233,024578-A,MS20五金零件包組,EA,0.0,30.0,0.0,0.0,0.0,0.0,30.0,
234,026884-00,螺帽;焊接;M6x1.0P;SS41;;毛柸,EA,0.0,1280.0,0.0,0.0,472.0,0.0,808.0,
235,028275-AA,調整腳墊;貼地桿;;橡膠(SBR);;;EP127;,EA,0.0,2742.0,0.0,0.0,314.0,0.0,2428.0,
236,028536-A,螺帽;焊接;M8x1.25P;G10;防鏽油;毛柸,EA,0.0,7400.0,0.0,0.0,0.0,0.0,7400.0,
237,028997-A,乾燥劑;10G;隨儀錶入料;,EA,0.0,45503.0,0.0,0.0,42336.0,0.0,3167.0,Đã quy đổi; chênh lệch=35403.00
238,029145-AA,泡棉;;;EPDM+PP;;Φ24x5.0tx476L;GM01;緊配Φ31.8,EA,0.0,340.0,0.0,0.0,40.0,0.0,300.0,
239,029160-AA,端塞;;;PVC;黑色/Black C;Φ31.8x3t;GM77;,EA,0.0,1396.0,0.0,0.0,470.0,0.0,926.0,
240,029715-00,氣泡袋;230x450;TM23;TM23-X07A,EA,0.0,80.0,0.0,0.0,0.0,0.0,80.0,
241,029797-E,棧板;;3;1490x1300x125;;FW84,EA,0.0,156.0,0.0,0.0,147.0,0.0,9.0,chênh lệch=23.00
242,029869-A,塑料布;500x500,EA,0.0,1680.0,0.0,0.0,120.0,0.0,1560.0,
243,030423-00,管;正方型;STKR400;□40.0X40.0X2.0TX6000;;,EA,0.0,1575.0,0.0,0.0,1353.2,0.0,221.8,chênh lệch=152.00
244,030441-A,管;長方型;STKR400;□20.0X40.0X1.5TX6000;;,EA,0.0,1322.0,0.0,0.0,921.3589999999999,0.0,400.641,
245,030463-A,管;圓型;STK41;Φ50.8x3.0Tx5700;;,EA,0.0,208.0,0.0,0.0,68.34200000000001,0.0,139.658,
246,030464-A,管;圓型;STK400;Φ12.7x1.4Tx6000;;,EA,0.0,199.0,0.0,0.0,3.4950000000000045,0.0,195.505,
247,030486-A,管;橢圓型;STK41;Φ40.0xΦ80.0x3.0Tx5700;;,EA,0.0,32.0,0.0,0.0,23.685000000000002,0.0,8.315,
248,030487-A,管;橢圓型;SS400;Φ50.0xΦ100.0x3.0Tx5700;;,EA,0.0,144.0,0.0,0.0,63.227000000000004,0.0,80.773,
249,031200-B,連接片;拆卸;;SPC;278.5x107.5x65.0x6.0t;;MS51;,EA,0.0,440.0,0.0,0.0,40.0,0.0,400.0,
250,031203-B,連接片;穩定管;;SPC;120.0x74.1x5.0t;;MS20;,EA,0.0,120.0,0.0,0.0,0.0,0.0,120.0,
251,031206-A,連接片;拆卸;;SPC;480.0x107.5x65.0x6.0t;;MS21;,EA,0.0,310.0,0.0,0.0,20.0,0.0,290.0,
252,031210-A,固定片;連接片;下;SPC;113.0x76.0x8.0t;;MS51;,EA,0.0,610.0,0.0,0.0,60.0,0.0,550.0,
253,031211-A,固定片;滑輪;;SPC;49.5x60.0x8.0t;;MS51;,EA,0.0,340.0,0.0,0.0,40.0,0.0,300.0,
254,031215-A,支撐板;滑輪;;SPC;146.5x172.5x4.0t;;MS51;,EA,0.0,3180.0,0.0,0.0,280.0,0.0,2900.0,
255,031216-A,支撐板;鋼索輪;;SPC;182.3x120.0x26.5x4.0t;;MS51,EA,0.0,60.0,0.0,0.0,60.0,0.0,0.0,
256,031217-B,支撐板;滑輪;;SPHC;Φ120x34x4.0t;;MS51;,EA,0.0,740.0,0.0,0.0,120.0,0.0,620.0,
257,031220-B,支撐板;滑輪;下;SPC;240.0x180.0x4.0t;;MS53;,EA,0.0,1080.0,0.0,0.0,80.0,0.0,1000.0,
258,031223-A,固定片;滑輪;上;SPC;288.2x83.7x6.0t;;MS51;,EA,0.0,720.0,0.0,0.0,120.0,0.0,600.0,
259,031226-C,固定片;鋼索;;SPC;70.0x60.0x33.6x6.0t;;MS52;,EA,0.0,170.0,0.0,0.0,20.0,0.0,150.0,
260,031227-A,固定片;座墊;;SPC;400.0x208.0x6.0t;;MS53;,EA,0.0,270.0,0.0,0.0,20.0,0.0,250.0,
261,031231-A,固定片;握把;;SPC;180.0x56.8x4.0t;;MS21;,EA,0.0,20.0,0.0,0.0,20.0,0.0,0.0,
262,031234-A,補強片;支撐管;上;SPC;76.6x75.5x8.0t;;MS51;,EA,0.0,340.0,0.0,0.0,40.0,0.0,300.0,
263,031235-A,補強片;;;SPC;95.0x64.4x8.0t;;MS52;,EA,0.0,340.0,0.0,0.0,40.0,0.0,300.0,
264,031237-A,支撐板;鋼索輪;右;SPC;182.3x120.0x4.0t;;MS51;,EA,0.0,60.0,0.0,0.0,60.0,0.0,0.0,
265,031290-B,固定片;座墊;;SPC;350.0x220.0x6.0t;;GM20;,EA,0.0,20.0,0.0,0.0,20.0,0.0,0.0,
266,031328-A,固定片;腳墊;;SPHC;39.5x33.0x6.0t;;FW40;,EA,0.0,2243.0,0.0,0.0,1577.0,0.0,666.0,
267,031329-C,固定片;靠墊;;SPC;560.0x151.0x4.0t;;GM23;,EA,0.0,170.0,0.0,0.0,38.0,0.0,132.0,
268,031392-A,腳踏板;;;SPC;290x115x6.0t;;GM21;,EA,0.0,200.0,0.0,0.0,40.0,0.0,160.0,
269,031706-A,襯套;調整拉銷;;S45C;;GM01;Ø25.4x39.5;,EA,0.0,20.0,0.0,0.0,20.0,0.0,0.0,
270,031707-A,套筒;調整拉銷;;20CrMo;;GM09;Ø25.4x60;,EA,0.0,170.0,0.0,0.0,20.0,0.0,150.0,
271,031709-C,墊塊;導桿;;SS41;;MS51;Φ36x30;,EA,0.0,1840.0,0.0,0.0,160.0,0.0,1680.0,
272,031711-A,固定塊;;;SS41;;MS51;Ø20x16;,EA,0.0,1360.0,0.0,0.0,120.0,0.0,1240.0,
273,031714-B,轉軸;鋼索;;SS41;;MS51;φ50x59;,EA,0.0,600.0,0.0,0.0,100.0,0.0,500.0,
274,031716-B,軸心;滑輪;;SCM21;;MS53;φ20x127L;,EA,0.0,540.0,0.0,0.0,40.0,0.0,500.0,
275,031720-A,固定座;貼地管;SS41;φ24x99;MS51,EA,0.0,350.0,0.0,0.0,40.0,0.0,310.0,
276,031724-A,支撐套;;;SS41;;MS20;φ38x100;,EA,0.0,60.0,0.0,0.0,0.0,0.0,60.0,
277,031725-D,連接桿;;;20#;;MS20;φ31.8x1285.3;圓棒,EA,0.0,30.0,0.0,0.0,0.0,0.0,30.0,
278,031726-C,支撐桿;;;20#;;MS20;φ25.4x357;圓棒,EA,0.0,60.0,0.0,0.0,0.0,0.0,60.0,
279,031751-J,固定軸;拉銷;;35CrMo;鍍鉻;GM09;Ø16x99;市購品;,EA,0.0,170.0,0.0,0.0,20.0,0.0,150.0,
280,032075-00,塑膠袋;;;;160x160;;;;,EA,0.0,720.0,0.0,0.0,0.0,0.0,720.0,
281,041719-A,支撐管;;φ76.2x3tx2390L;左;;Q195;MS51,EA,0.0,170.0,0.0,0.0,20.0,0.0,150.0,
282,041721-B,支撐管;;φ76.2x3tx2390L;左;;Q195;MS53,EA,0.0,20.0,0.0,0.0,20.0,0.0,0.0,
283,041726-A,支撐管;;φ76.2x3tx2390L;右;;Q195;MS51,EA,0.0,170.0,0.0,0.0,20.0,0.0,150.0,
284,041728-B,支撐管;;φ76.2x3tx2390L;右;;Q195;MS53,EA,0.0,270.0,0.0,0.0,20.0,0.0,250.0,
285,041733-B,支撐管;;Φ60x3tx218.4L;前;;STK41;MS51;,EA,0.0,120.0,0.0,0.0,120.0,0.0,0.0,
286,041734-A,支撐管;;Φ60x3tx259L;後;;STK41;MS21;,EA,0.0,20.0,0.0,0.0,20.0,0.0,0.0,
287,041736-B,支撐管;;φ60x3tx497.4L;上;;STK41;MS51;,EA,0.0,80.0,0.0,0.0,80.0,0.0,0.0,
288,041737-B,支撐管;選擇片;Φ50x100x3tx980L;;;SS400;MS51;,EA,0.0,782.0,0.0,0.0,80.0,0.0,702.0,
289,041738-B,支撐管;選擇片;Φ50x100x3tx980L;上;;SS400;MS51;,EA,0.0,920.0,0.0,0.0,80.0,0.0,840.0,
290,041739-B,支撐管;選擇片;φ50x100x3tx980L;下;;SS400;MS53;,EA,0.0,20.0,0.0,0.0,20.0,0.0,0.0,
291,041741-A,管;滑輪;φ40x80x3tx2284.1L;上;;STK41;MS51;,EA,0.0,170.0,0.0,0.0,20.0,0.0,150.0,
292,041742-A,管;滑輪;φ40x80x3tx1201.8L;上;;STK41;MS52,EA,0.0,170.0,0.0,0.0,20.0,0.0,150.0,
293,041743-A,貼地桿;;Φ50.8x3tx590L;後;;STK41;MS51;,EA,0.0,920.0,0.0,0.0,80.0,0.0,840.0,
294,041746-A,貼地桿;;φ76.2x3tx300L;;;STK41;MS53,EA,0.0,20.0,0.0,0.0,20.0,0.0,0.0,
295,041749-A,支撐管;滑輪;φ50.8x3tx415.4L;;;STK41;MS51;,EA,0.0,170.0,0.0,0.0,20.0,0.0,150.0,
296,041751-A,支撐管;滑輪;φ50.8x3tx170L;下;;STK41;MS53;,EA,0.0,20.0,0.0,0.0,20.0,0.0,0.0,
297,041752-A,支撐管;滾輪;φ50.8x3tx286.4L;;;STK41;MS51;,EA,0.0,170.0,0.0,0.0,20.0,0.0,150.0,
298,041753-A,支撐管;座椅;φ76.2x3tx297.7L;;;STK41;MS51,EA,0.0,20.0,0.0,0.0,20.0,0.0,0.0,
299,041754-A,支撐管;座椅;φ76.2x3tx317.6L;;;STK41;MS53,EA,0.0,20.0,0.0,0.0,20.0,0.0,0.0,
300,041757-F,調整管;滑輪;□60x60x2.5tx154L;;;;MS21,EA,0.0,20.0,0.0,0.0,20.0,0.0,0.0,
301,041759-A,補強管;車架;Φ60x3tx445.4L;;;STK41;MS21;,EA,0.0,310.0,0.0,0.0,20.0,0.0,290.0,
302,041760-D,補強管;車架;φ60x3.0tx760L;;;Q195;MS51;,EA,0.0,20.0,0.0,0.0,20.0,0.0,0.0,
303,041763-A,橫管;;φ50x100X3tx2770L;;;STK41;MS20,EA,0.0,30.0,0.0,0.0,0.0,0.0,30.0,
304,041765-A,套管;握把;Φ31.8x3tx370L;;;STK41;MS21;,EA,0.0,20.0,0.0,0.0,20.0,0.0,0.0,
305,041921-B,支撐管;;Φ60x3.0tx69L;;;;GM01;,EA,0.0,60.0,0.0,0.0,60.0,0.0,0.0,
306,044504-00,下拉組;半成品;;;;MS51G2;;,EA,0.0,1.0,0.0,0.0,0.0,0.0,1.0,thử khuôn/chưa nhập kho→tồn kho; tồn điều chỉnh (bù sản phẩm lỗi): delta=+1
307,048065-A,氣泡袋;;長邊開口;;1000x650;;;;,EA,0.0,63.0,0.0,0.0,63.0,0.0,0.0,FIFO; chênh lệch=195.00
308,048970-BA,腳墊;;;PVC;純黑色;;GM151;,EA,0.0,2515.0,0.0,0.0,992.0,0.0,1523.0,
309,049043-AA,"管端塞;;;PVC;純黑色;口50.0x75.0;FW151;2.0t,3.0t",EA,0.0,3288.0,0.0,0.0,2192.0,0.0,1096.0,
310,049062-BA,端塞;;;ABS/PA757;黑色/Black C;;GM87　　　　　　　　　,EA,0.0,1260.0,0.0,0.0,585.0,0.0,675.0,
311,049128-AA,端塞;;;PVC;黑色/Black C;;GM153;市購品;,EA,0.0,850.0,0.0,0.0,416.0,0.0,434.0,
312,049256-AB,螺絲;圓柱;M10x1.5Px20L;;六角承窩;;鍍鉻;;G12.9;,EA,0.0,15310.0,0.0,0.0,8344.0,0.0,6966.0,
313,049286-A,螺帽;六角帶緣;M8x1.25P;SS41;鍍黑鋅;,EA,0.0,59036.0,0.0,0.0,38012.0,0.0,21024.0,
314,049750-00,管;長方型;STKR400;□50.0X75.0X3.0TX6000;;,EA,0.0,182.0,0.0,0.0,125.2,0.0,56.8,
315,049752-00,管;長方型;STKR400;□25.0X50.0X2.0TX6000;;,EA,0.0,1630.0,0.0,0.0,1176.6,0.0,453.4,
316,049758-00,管;橢圓型;STK400;Φ50.0xΦ100.0x3.0Tx6000;;,EA,0.0,3803.0,0.0,0.0,3722.787,0.0,80.213,chênh lệch=756.00
317,049886-A,固定片;腳墊;;SPHC;150x70x6.0t;;GM151;,EA,0.0,620.0,0.0,0.0,138.0,0.0,482.0,
318,050166-A,支撐片;;;SPHC;Φ50xΦ20x3.0T;;GM151;,EA,0.0,1160.0,0.0,0.0,380.0,0.0,780.0,
319,055320-A,管;橢圓型;STK400;Φ40.0XΦ80.0X3.0TX6000;;,EA,0.0,727.0,0.0,0.0,495.697,0.0,231.303,
320,056006-A,接地線;;;黃/綠;;14AWG 1015;1000;Φ5.0 O型端子+KST,EA,0.0,720.0,0.0,0.0,0.0,0.0,720.0,
321,056123-AA,緩衝塊;;;橡膠(SBR);純黑色;;GM152;,EA,0.0,102.0,0.0,0.0,32.0,0.0,70.0,
322,056312-AA,緩衝墊;;;PU發泡;;110x50x18;FW13;,EA,0.0,4.0,0.0,0.0,0.0,0.0,4.0,
323,057048-00,螺絲組;半成品;;;;MS51;;,EA,0.0,170.0,0.0,0.0,20.0,0.0,150.0,
324,058999-A,管;正方型;STKR41;□50.0X50.0X2.0TX6000;;,EA,0.0,25.0,0.0,0.0,0.0,0.0,25.0,chênh lệch=38.00; tồn điều chỉnh (Đã nhập kho nhưng chưa khai báo): delta=-38
325,059806-B,PE袋;;;1800x930x1550xT0.05mm;;,EA,0.0,20.0,0.0,0.0,1.0,0.0,19.0,
326,060034-A,棧板;GM151,EA,0.0,33.0,0.0,0.0,32.0,0.0,1.0,chênh lệch=2.00
327,061531-AA,腳墊;;;PVC;黑色/Black C;;FW151;,EA,0.0,5162.0,0.0,0.0,1572.0,0.0,3590.0,
328,062132-A,固定管;;□50x75x3.0tx1080L;;;Q195;FW158,EA,0.0,232.0,0.0,0.0,232.0,0.0,0.0,
329,062626-AA,端塞;;;PVC;純黑色;;FW158;,EA,0.0,856.0,0.0,0.0,176.0,0.0,680.0,
330,063874-00,管;長方型;STKR41;□40.0X60.0X3.0TX6000;;,EA,0.0,50.0,0.0,0.0,8.546999999999997,0.0,41.453,
331,065248-A,電視轉接頭;F FEMALE;F-A028-NBX7-C w/ Nut;CB61,EA,0.0,12799.0,0.0,0.0,7153.0,0.0,5646.0,
332,066090-A,魔線;250公尺/捲,EA,0.0,4.0,0.0,0.0,0.0,0.0,4.0,
333,066108-A,管;圓型;STK400;Φ31.8x3.0Tx6000;;,EA,0.0,200.0,0.0,0.0,53.35400000000001,0.0,146.646,
334,066109-A,管;圓型;STK41;Φ25.4X3.0TX6000,EA,0.0,150.0,0.0,0.0,62.135000000000005,0.0,87.865,
335,066111-A,管;圓型;STK41;Φ50.8X3.0TX6000;,EA,0.0,200.0,0.0,0.0,9.192000000000007,0.0,190.808,
336,066113-A,管;圓型;STK41;Φ76.2x3.0Tx6000;;,EA,0.0,45.0,0.0,0.0,19.775,0.0,25.225,
337,066128-00,管;橢圓型;STK400;Φ30.0X70.0X2.0TX6000;;,EA,0.0,200.0,0.0,0.0,0.3079999999999927,0.0,199.692,
338,066131-00,管;橢圓型;STK400;Φ50.0XΦ100.0X2.0TX6000;;,EA,0.0,64.0,0.0,0.0,0.0,0.0,64.0,chênh lệch=59.00; tồn điều chỉnh (Đã khai báo hải quan nhưng chưa nhập sổ): delta=+59
339,066133-A,管;正方型;STKR400;□30.0x30.0x1.5Tx6000;;,EA,0.0,470.0,0.0,0.0,349.4,0.0,120.6,
340,066137-A,管;正方型;STKR41;□45.0X45.0X2.5TX6000;;,EA,0.0,3031.0,0.0,0.0,2794.8,0.0,236.2,chênh lệch=392.00
341,066138-A,管;長方型;STKR400;□20.0X40.0X2.0TX6000;;,EA,0.0,100.0,0.0,0.0,3.584000000000003,0.0,96.416,
342,066141-A,管;長方型;STKR400;□30.0X60.0X2.0TX6000;;,EA,0.0,52.0,0.0,0.0,29.08,0.0,22.92,
343,066145-A,管;長方型;STKR400;□40.0X80.0X3.0TX6000;;,EA,0.0,37.0,0.0,0.0,31.6,0.0,5.4,chênh lệch=6.00
344,066146-A,管;長方型;STKR41;□40.0X80.0X2.5TX6000;;,EA,0.0,200.0,0.0,0.0,137.12,0.0,62.88,chênh lệch=98.00
345,066148-A,管;長方型;STKR41;□50.0X100.0X3.0TX6000;;,EA,0.0,1.0,0.0,0.0,0.0,0.0,1.0,
346,066277-A,螺絲;傘頭;Φ5x15L;自攻牙;十字;-;鍍黑鋅;尖尾;-;,EA,0.0,3312.0,0.0,0.0,1292.0,0.0,2020.0,
347,069801,螺絲;平頭;M8X1.25PX8L;;六角承窩;;鍍鉻;;,EA,0.0,7200.0,0.0,0.0,3700.0,0.0,3500.0,
348,070571,墊圈;平;Φ5.2XΦ10.0X1.5T;;鍍鉻;,EA,0.0,84.0,0.0,0.0,84.0,0.0,0.0,
349,071337,端塞;拉帽;;PP;P425C;;MS151;,EA,0.0,9760.0,0.0,0.0,1920.0,0.0,7840.0,
350,071988,管;圓型;STK400;Φ31.8X2.0TX6000;;,EA,0.0,60.0,0.0,0.0,0.0,0.0,60.0,
351,073167,管;橢圓型;STK400;Φ30.0XΦ60.0X2.0TX6000;;,EA,0.0,200.0,0.0,0.0,7.699999999999989,0.0,192.3,
352,073168,管;圓型;STK400;Φ38.1X3.0TX6000;;,EA,0.0,240.0,0.0,0.0,60.156000000000006,0.0,179.844,
353,073572,滑動輪;;;;純黑色;Φ90;MS21;日本保理;M90-44,EA,0.0,2350.0,0.0,0.0,260.0,0.0,2090.0,
354,073573,滑動輪;;;;純黑色;Φ115;MS51;日本保理;M90-44,EA,0.0,4060.0,0.0,0.0,1060.0,0.0,3000.0,
355,074814,管;正方型;STKR400;□30.0X30.0X2.0TX6000;;,EA,0.0,3262.0,0.0,0.0,2829.6,0.0,432.4,chênh lệch=392.00
356,075168,管;橢圓型;STK41;Φ40.0XΦ120.0X3.0TX6000;;,EA,0.0,127.0,0.0,0.0,127.0,0.0,0.0,chênh lệch=90.00
357,075280,螺帽;焊接;M8x1.25P;SS41;;請改用028536-A,EA,0.0,800.0,0.0,0.0,160.0,0.0,640.0,
358,075713,管;圓型;STK41;Φ89.0x3.0Tx6000;;,EA,0.0,2.0,0.0,0.0,0.0,0.0,2.0,
359,075722,管;圓型;STK41;Φ60.0x3.0Tx6000;;,EA,0.0,518.0,0.0,0.0,201.478,0.0,316.522,
360,075723,管;橢圓型;STK41;Φ30.0X70.0X3.0TX6000;;,EA,0.0,200.0,0.0,0.0,12.424000000000007,0.0,187.576,
361,079132,管;握把;φ25.4x3.0tx461L;;;Q195;GM14,EA,0.0,170.0,0.0,0.0,55.0,0.0,115.0,
362,079937,警告貼標;零件盒;;;;;;TM298B;,EA,0.0,23774.0,0.0,0.0,13922.0,0.0,9852.0,
363,081649,墊圈;彈簧;SW8 8.2x13.5x2.0T;;鍍鉻;,EA,0.0,3760.0,0.0,0.0,1301.0,0.0,2459.0,
364,084241,螺絲;止付;M6x1.0Px5L;;;;鍍黑鋅;尖尾/耐落;;,EA,0.0,18716.0,0.0,0.0,9126.0,0.0,9590.0,
365,084555,握把;電鍍;半成品;GM01,EA,0.0,170.0,0.0,0.0,20.0,0.0,150.0,
366,085774,螺帽;六角;M10x1.5P;SS41;鍍鉻;,EA,0.0,1302.0,0.0,0.0,117.0,0.0,1185.0,
367,086035,端塞;握把;GM204;,EA,0.0,478.0,0.0,0.0,115.0,0.0,363.0,
368,086331,墊圈;浪型;Φ17.2xΦ22.5x0.3T;;鍍黑鋅;,EA,0.0,30006.0,0.0,0.0,11866.0,0.0,18140.0,
369,086541,泡棉;;黑色;Φ30.4x5.0tx380L;握把;PL02,EA,0.0,1624.0,0.0,0.0,524.0,0.0,1100.0,
370,086682,止擋墊;;;NBR橡膠;黑色;;PL01;,EA,0.0,1642.0,0.0,0.0,524.0,0.0,1118.0,
371,087601,貼標;紙箱;115x115;;;;;GM01-SNAP,EA,0.0,340.0,0.0,0.0,40.0,0.0,300.0,
372,087955,螺絲;傘頭;M6x1.0Px10L;;六角承窩;;鍍鉻;耐落;;,EA,0.0,3000.0,0.0,0.0,334.0,0.0,2666.0,
373,089983,握把;MS21KM-G3;,EA,0.0,1760.0,0.0,0.0,202.0,0.0,1558.0,
374,090074,螺絲組;半成品;MS52KM-G3,EA,0.0,170.0,0.0,0.0,20.0,0.0,150.0,
375,090327,固定片;肘墊;;SPHC;;;;GM30;,EA,0.0,658.0,0.0,0.0,190.0,0.0,468.0,
376,090440,止擋塊;凸輪;上;橡膠(SBR);黑色/Black C;;GM30;,EA,0.0,3865.0,0.0,0.0,1685.0,0.0,2180.0,
377,091689,泡棉;;;;;φ24x5.0tx145L;GM26;南京錦天(101-55),EA,0.0,60.0,0.0,0.0,0.0,0.0,60.0,
378,091826,隔板;外紙箱;;1440x820x5;;PL03,EA,0.0,130.0,0.0,0.0,123.0,0.0,7.0,
379,093287,立管;;φ89x3.0tx2259L;右前;;Q195;MS10;,EA,0.0,200.0,0.0,0.0,40.0,0.0,160.0,
380,093288,立管;;φ89x3tx2315L;右後;;Q195;MS10;,EA,0.0,200.0,0.0,0.0,40.0,0.0,160.0,
381,093289,連接管;;φ50xφ100x3.0tx1050L;右下;;Q195;MS10;,EA,0.0,200.0,0.0,0.0,40.0,0.0,160.0,
382,093290,連接管;;φ50xφ100x3.0tx1050L;中;;Q195;MS10;,EA,0.0,400.0,0.0,0.0,80.0,0.0,320.0,
383,093291,連接管;;φ89x3.0tx910L;上;;Q195;MS10;,EA,0.0,80.0,0.0,0.0,80.0,0.0,0.0,
384,093292,固定片;連接管;;SPHC;66x83x131.8x6.0T;;MS10;,EA,0.0,200.0,0.0,0.0,40.0,0.0,160.0,
385,093293,固定片;導桿;右;SPHC;95x68x56x6.0T;;MS10;,EA,0.0,200.0,0.0,0.0,40.0,0.0,160.0,
386,093294,固定片;車架;;SPHC;246.6x97x6.0T;;MS10;,EA,0.0,400.0,0.0,0.0,80.0,0.0,320.0,
387,093295,固定塊;止擋;;;;MS10;;,EA,0.0,400.0,0.0,0.0,80.0,0.0,320.0,
388,093296,固定塊;調整管;;;;MS10;;,EA,0.0,580.0,0.0,0.0,80.0,0.0,500.0,
389,093297,固定片;滑輪;;SPHC;40x60x8.0T;;MS10;,EA,0.0,400.0,0.0,0.0,80.0,0.0,320.0,
390,093298,固定桿;滑輪;;20#;;MS10;φ25x90mm;,EA,0.0,480.0,0.0,0.0,80.0,0.0,400.0,
391,093299,固定桿;滑輪;;20#;;MS10;φ25x95mm;,EA,0.0,480.0,0.0,0.0,80.0,0.0,400.0,
392,093300,固定桿;滑輪;;20#;;MS10;φ25x115mm;,EA,0.0,400.0,0.0,0.0,80.0,0.0,320.0,
393,093301,固定桿;滑輪;;20#;;MS10;φ25x140mm;,EA,0.0,500.0,0.0,0.0,80.0,0.0,420.0,
394,093302,補強片;滑輪;;SPHC;45x60x50x6.0T;;MS10;,EA,0.0,400.0,0.0,0.0,80.0,0.0,320.0,
395,093308,連接管;;φ50xφ100x3.0tx1050L;左下;;Q195;MS10;,EA,0.0,200.0,0.0,0.0,40.0,0.0,160.0,
396,093310,儲物鉤組1;加工;電著黑;MS10,EA,0.0,400.0,0.0,0.0,80.0,0.0,320.0,
397,093311,固定片;連接管;;SPHC;131.8x83x66x6.0T;;MS10;,EA,0.0,200.0,0.0,0.0,40.0,0.0,160.0,
398,093312,固定片;導桿;左;SPHC;98x68x56x6.0T;;MS10;,EA,0.0,200.0,0.0,0.0,40.0,0.0,160.0,
399,093313,立管;;φ89x3tx2259L;左前;;Q195;MS10;,EA,0.0,200.0,0.0,0.0,40.0,0.0,160.0,
400,093314,立管;;φ89x3tx2315L;左後;;Q195;MS10;,EA,0.0,200.0,0.0,0.0,40.0,0.0,160.0,
401,093324,固定片;腳踏板;;烤漆;;;MS10;,EA,0.0,200.0,0.0,0.0,40.0,0.0,160.0,
402,093326,固定片;止擋;;SPHC;55x49.5x25.5x4.0T;;MS10;,EA,0.0,200.0,0.0,0.0,40.0,0.0,160.0,
403,093327,固定片;;後;SPHC;133x56x4.0T;;MS10;,EA,0.0,200.0,0.0,0.0,40.0,0.0,160.0,
404,093328,固定軸;腳踏板;;45#;;MS10;φ19x70L;,EA,0.0,200.0,0.0,0.0,40.0,0.0,160.0,
405,093330,握把-加工;腳踏板;;;浸塑137C;MS10;matte black,EA,0.0,200.0,0.0,0.0,40.0,0.0,160.0,
406,093331,固定片;滑輪;;SPHC;125x120x34x4.0T;;MS10;,EA,0.0,1600.0,0.0,0.0,320.0,0.0,1280.0,
407,093334,鏈繩;市購品;MS10;,EA,0.0,202.0,0.0,0.0,42.0,0.0,160.0,
408,093340,護套;棒球握把;;;;;MS10;市購品,EA,0.0,200.0,0.0,0.0,42.0,0.0,158.0,
409,093345,封條;;側;PVC;純黑色;;MS10;,EA,0.0,400.0,0.0,0.0,80.0,0.0,320.0,
410,093346,SLEEVE;;;20#;;MS10;φ42x40mm;AL,EA,0.0,240.0,0.0,0.0,40.0,0.0,200.0,
411,093347,固定片;;中;SPHC;448x85.9x6.0T;;MS10;,EA,0.0,800.0,0.0,0.0,160.0,0.0,640.0,
412,093355,固定管;;φ40x80x3.0Tx1100L;;;Q195;MS10;,EA,0.0,400.0,0.0,0.0,80.0,0.0,320.0,
413,093356,連接片;固定管;;SPHC;120x38.5x5.0T;;MS10;,EA,0.0,800.0,0.0,0.0,160.0,0.0,640.0,
414,093357,連接片;;;SPHC;241.4x184.9x6.0T;;MS10;,EA,0.0,800.0,0.0,0.0,160.0,0.0,640.0,
415,093362,心軸;轉動;;20#;;MS10;φ36x83;,EA,0.0,240.0,0.0,0.0,40.0,0.0,200.0,
416,093366,岩點;左;藍色;;;市購品,EA,0.0,200.0,0.0,0.0,40.0,0.0,160.0,
417,093367,岩點;右;藍色;;;市購品,EA,0.0,200.0,0.0,0.0,40.0,0.0,160.0,
418,093371,固定片;升降組;;SPHC;98x70x63x5.0T;;MS10;,EA,0.0,400.0,0.0,0.0,80.0,0.0,320.0,
419,093372,固定塊;鋼索;;20#;;MS10;;,EA,0.0,480.0,0.0,0.0,80.0,0.0,400.0,
420,093376,滾輪;;;POM(塑膠鋼);純黑色;;MS10;,EA,0.0,1260.0,0.0,0.0,240.0,0.0,1020.0,
421,093380,心軸;轉動;2;45#;鍍白鋅;MS10;φ16.2x87.5;,EA,0.0,400.0,0.0,0.0,80.0,0.0,320.0,
422,093383,止擋片;COVER;;SPHC;142.9x68.9x87x1.5T;;MS10,EA,0.0,420.0,0.0,0.0,80.0,0.0,340.0,
423,093390,選擇片組;半成品;20磅;MS10;,EA,0.0,3800.0,0.0,0.0,1320.0,0.0,2480.0,
424,093406,五金零件包;半成品;MS10,EA,0.0,200.0,0.0,0.0,40.0,0.0,160.0,
425,093469,掛棒-加工;;;鍍鉻;;PL01;,EA,0.0,2060.0,0.0,0.0,628.0,0.0,1432.0,
426,093473,緩衝墊;;;PU包覆;純黑色;φ80x38L;PL01;,EA,0.0,2064.0,0.0,0.0,632.0,0.0,1432.0,
427,093886,止擋球;棒球握把;MS10,EA,0.0,200.0,0.0,0.0,42.0,0.0,158.0,
428,093887,貼標;棒球握把;;;;;;MS10,EA,0.0,200.0,0.0,0.0,42.0,0.0,158.0,
429,093893,端蓋;旋轉座;下;ABS;純黑色;;MS10;,EA,0.0,514.0,0.0,0.0,80.0,0.0,434.0,
430,093895,固定片;;;SPHC;448x85.9x6.0T;;MS10;,EA,0.0,400.0,0.0,0.0,80.0,0.0,320.0,
431,093896,固定套;握管;;ABS/PA757;純黑色;;MS10;,EA,0.0,400.0,0.0,0.0,80.0,0.0,320.0,
432,093897,止檔片;;;SPHC;180x70.2x89x3.0T;;MS10;,EA,0.0,400.0,0.0,0.0,80.0,0.0,320.0,
433,093898,固定片;;;SPHC;163.5x170x3.0T;;MS10;,EA,0.0,800.0,0.0,0.0,160.0,0.0,640.0,
434,093899,套筒;;左;20#;;MS10;Φ16.3x58;,EA,0.0,480.0,0.0,0.0,80.0,0.0,400.0,
435,093902,偏心軸;滾輪;;45#;;MS10;;,EA,0.0,420.0,0.0,0.0,80.0,0.0,340.0,
436,093903,固定軸;滾輪;;45#;鍍白鋅;MS10;φ17x88.5;,EA,0.0,840.0,0.0,0.0,160.0,0.0,680.0,
437,093904,套筒;旋鈕;;20#;;MS10;Φ46x85.5;,EA,0.0,400.0,0.0,0.0,80.0,0.0,320.0,
438,093908,固定片;雙滑輪;;SPHC;120x127x70x4.0t;;MS10;,EA,0.0,400.0,0.0,0.0,80.0,0.0,320.0,
439,093909,螺絲;六角;鍍鋅;M16X1.5Px40L;MS10,EA,0.0,400.0,0.0,0.0,80.0,0.0,320.0,
440,093911,護蓋;車架;後上;壓克力;淺棕色;;MS10;,EA,0.0,404.0,0.0,0.0,84.0,0.0,320.0,
441,093914,固定軸;;;45#;鍍白鋅;MS10;φ14x85.5;,EA,0.0,420.0,0.0,0.0,80.0,0.0,340.0,
442,093983,保麗龍1;選擇片;MS10,EA,0.0,6560.0,0.0,0.0,1280.0,0.0,5280.0,
443,093985,保麗龍2;選擇片;MS10,EA,0.0,3520.0,0.0,0.0,680.0,0.0,2840.0,
444,093992,儲物鉤組;加工;電著黑;MS10,EA,0.0,400.0,0.0,0.0,80.0,0.0,320.0,
445,094567,橡膠環;;;;純黑色;;PL04;PU,EA,0.0,2.0,0.0,0.0,0.0,0.0,2.0,
446,094572,連接環;;;45#;鍍鉻;MS10;Ø20x9;,EA,0.0,400.0,0.0,0.0,80.0,0.0,320.0,
447,094719,固定片;鎖緊;;SPHC;49x47.8x23x3.0T;;MS10;,EA,0.0,200.0,0.0,0.0,40.0,0.0,160.0,
448,094720,橡膠套;高爾夫球桿;;;純黑色;;MS10;,EA,0.0,200.0,0.0,0.0,42.0,0.0,158.0,
449,094845,連接管;;φ50xφ100x3.0Tx1000L;中;;STK41;MS10;,EA,0.0,200.0,0.0,0.0,40.0,0.0,160.0,
450,094865,塑膠袋;座墊;MS51,EA,0.0,20.0,0.0,0.0,20.0,0.0,0.0,chênh lệch=150.00; tồn điều chỉnh (Đã nhập kho nhưng chưa khai báo): delta=-150
451,094866,包裝附件組;紙箱;背墊;MS52,EA,0.0,270.0,0.0,0.0,20.0,0.0,250.0,
452,094867,塑膠袋;背墊;MS52,EA,0.0,270.0,0.0,0.0,20.0,0.0,250.0,
453,094924,固定座;扎線;KSS HC-0R,EA,0.0,80434.0,0.0,0.0,44778.0,0.0,35656.0,
454,095415,固定塊;導桿;;Q235;;MS10;;,EA,0.0,1160.0,0.0,0.0,160.0,0.0,1000.0,
455,095431,包裝附件組;紙箱;MS51,EA,0.0,20.0,0.0,0.0,20.0,0.0,0.0,
456,095489,套筒;調整;;POM(塑膠鋼);;Ø37x75;MS10;,EA,0.0,200.0,0.0,0.0,40.0,0.0,160.0,
457,096020,軸心;腿墊;;42CrMo;;GM42;Ø15x138;,EA,0.0,257.0,0.0,0.0,145.0,0.0,112.0,
458,096036,固定座;彈簧;;SPHC;176x10x6.0t;;GM40;,EA,0.0,4167.0,0.0,0.0,2468.0,0.0,1699.0,
459,096046,軸心;連接桿;;45#;鍍白鋅;GM40;,EA,0.0,9460.0,0.0,0.0,5190.0,0.0,4270.0,chênh lệch=80.00
460,096073,連接片;後端蓋;;SPHC;Φ60x3.0t;鍍鉻;GM42;,EA,0.0,1837.0,0.0,0.0,969.0,0.0,868.0,
461,096074,止擋環;端蓋;AL6061;;噴砂處理;AL 6061;,EA,0.0,3050.0,0.0,0.0,1418.0,0.0,1632.0,
462,096088,選擇片組;半成品;;;12.5磅;;GM41;,EA,0.0,2.0,0.0,0.0,0.0,0.0,2.0,
463,096123,拉銷;GM43;,EA,0.0,551.0,0.0,0.0,395.0,0.0,156.0,
464,096124,止擋塊;;;SPHC;148x100x6.0t;;GM44;,EA,0.0,667.0,0.0,0.0,391.0,0.0,276.0,
465,096125,固定片;握管;;SPHC;300x55x8.0t;;GM44;,EA,0.0,373.0,0.0,0.0,254.0,0.0,119.0,
466,096126,固定片;坐墊;前;SPHC;355x50x8.0t;;GM44;,EA,0.0,357.0,0.0,0.0,254.0,0.0,103.0,
467,096140,拉銷;調整銷;;45#;;GM44;φ24.8x55.5;,EA,0.0,1114.0,0.0,0.0,580.0,0.0,534.0,chênh lệch=40.00
468,096148,心軸;連桿;;20#;鍍白鋅;GM44;φ15x188.4;,EA,0.0,3221.0,0.0,0.0,1368.0,0.0,1853.0,chênh lệch=160.00
469,096155,固定管;握把;Φ25.4x3.0tx269L;;;STK41;GM42;,EA,0.0,215.0,0.0,0.0,120.0,0.0,95.0,
470,096157,固定塊;彈簧;45#;GM42;,EA,0.0,303.0,0.0,0.0,145.0,0.0,158.0,
471,096159,調節桿;腿墊;;S45C;鍍鉻;GM42;,EA,0.0,347.0,0.0,0.0,145.0,0.0,202.0,
472,096166,拉銷;;;;φ18.5x234L;137C橙色;GM44;,EA,0.0,1326.0,0.0,0.0,752.0,0.0,574.0,chênh lệch=40.00
473,096207,固定片;;中;SPHC;100.6x76x3.0t;;GM40;,EA,0.0,3390.0,0.0,0.0,1573.0,0.0,1817.0,
474,096212,固定片;腿墊;ZG20;GM42,EA,0.0,286.0,0.0,0.0,145.0,0.0,141.0,
475,096216,止擋套;墊片;;;電著;GM40;;65Mn,EA,0.0,10418.0,0.0,0.0,5582.0,0.0,4836.0,chênh lệch=160.00
476,096298,固定片;肘墊;;SPHC;170x134x3.0t;;GM58;,EA,0.0,320.0,0.0,0.0,142.0,0.0,178.0,
477,096409,固定片;止擋;;SPHC;73x33x8.0t;;PL09;,EA,0.0,281.0,0.0,0.0,169.0,0.0,112.0,
478,096424,止擋管;轉臂;φ31.8x3.0tx559L;;;STK41;PL09,EA,0.0,18.0,0.0,0.0,0.0,0.0,18.0,
479,096434,泡棉;握把;上;PL09,EA,0.0,218.0,0.0,0.0,0.0,0.0,218.0,
480,096435,泡棉;握把;下;PL09,EA,0.0,218.0,0.0,0.0,0.0,0.0,218.0,
481,096467,心軸;轉動;2;45#;;MS10;φ35x92;,EA,0.0,240.0,0.0,0.0,40.0,0.0,200.0,
482,096468,固定塊;調整;;AL;陽極處理;MS10;φ37x14.84;,EA,0.0,200.0,0.0,0.0,42.0,0.0,158.0,
483,096469,彈簧;壓縮;φ4.5xφ29x80.5Lx14N;65Mn;電著;MS10-F3,EA,0.0,200.0,0.0,0.0,40.0,0.0,160.0,
484,096471,螺絲;圓柱;M8X1.25PX45L-32L;;;;鍍鉻;半牙;;特制,EA,0.0,400.0,0.0,0.0,80.0,0.0,320.0,
485,096472,套筒;;;20#;;MS10;φ42x108;旋轉,EA,0.0,300.0,0.0,0.0,40.0,0.0,260.0,
486,096473,止擋蓋;彈簧;;SPHC;Φ50x8x3.0t;;MS10;,EA,0.0,200.0,0.0,0.0,40.0,0.0,160.0,
487,096474,固定塊;調整;;20#;;MS10;14x14x31;,EA,0.0,500.0,0.0,0.0,80.0,0.0,420.0,
488,097335,橡膠墊;;;;純黑色;;PL07KM-G3;,EA,0.0,625.0,0.0,0.0,104.0,0.0,521.0,
489,098739,管;長方型;STKR41;□25X50X3.0TX5500;;,EA,0.0,24.0,0.0,0.0,0.0,0.0,24.0,thử khuôn/chưa nhập kho→tồn kho; tồn điều chỉnh (Đã khai báo hải quan nhưng chưa nhập sổ): delta=+24
490,098972,彈簧;拉伸;φ1.3xφ9.4x49.9Lx26.45N;SWP;鍍白鋅;GM4,EA,0.0,2325.0,0.0,0.0,1350.0,0.0,975.0,chênh lệch=40.00
491,098979,SLEEVE;擺臂連接桿;;45#;;GM40;;,EA,0.0,2602.0,0.0,0.0,1250.0,0.0,1352.0,
492,098985,護蓋;;左前;ABS PA-758;透明;;GM40;,EA,0.0,3521.0,0.0,0.0,2438.0,0.0,1083.0,chênh lệch=40.00
493,098988,護蓋;;右前;ABS PA-758;透明;;GM40;,EA,0.0,3515.0,0.0,0.0,2438.0,0.0,1077.0,chênh lệch=40.00
494,098998,固定板;基座;;PP;黑色/Black C;;GM40;,EA,0.0,557.0,0.0,0.0,290.0,0.0,267.0,
495,099012,固定片;座墊;;SPHC;244.5x170x3.0t;;GM40;,EA,0.0,1930.0,0.0,0.0,1027.0,0.0,903.0,
496,099019,固定片;插銷;;SPHC;126.9x109.9x76x3.0t;;GM40;,EA,0.0,3390.0,0.0,0.0,1573.0,0.0,1817.0,
497,099020,支撐板;座墊;;SPHC;243.6x209.9x2.0t;;GM40;,EA,0.0,6780.0,0.0,0.0,3146.0,0.0,3634.0,
498,099021,固定軸;連接桿;;20#;;GM40;,EA,0.0,15100.0,0.0,0.0,7963.0,0.0,7137.0,
499,099022,固定銷;連接桿;;20#;;GM40;,EA,0.0,3390.0,0.0,0.0,1573.0,0.0,1817.0,
500,099030,調整板;座椅;GM40;;電鍍後烤漆;ZG20,EA,0.0,2269.0,0.0,0.0,1262.0,0.0,1007.0,chênh lệch=40.00
501,099035,軸心;拉銷;;42CrMo;鍍鉻;GM40;;,EA,0.0,2879.0,0.0,0.0,1420.0,0.0,1459.0,chênh lệch=40.00
502,099036,SLEEVE;拉銷;;42CrMo;鍍鉻;GM40;;,EA,0.0,2369.0,0.0,0.0,1314.0,0.0,1055.0,chênh lệch=40.00
503,099069,握把;;φ31.8x3.0tx245L;;;Q195;GM40;,EA,0.0,360.0,0.0,0.0,280.0,0.0,80.0,
504,1000090024,螺絲;止付;M10x1.5Px30L;;;橡膠;;特製;;,EA,0.0,1624.0,0.0,0.0,524.0,0.0,1100.0,
505,1000090036,螺絲;止付;M6x1.0Px8L;;;;鍍黑鋅;;;,EA,0.0,3200.0,0.0,0.0,2229.0,0.0,971.0,
506,1000090177,拉銷把柄;;;尼龍+30%玻纖;137C;Φ50X30.9L;MS10;,EA,0.0,880.0,0.0,0.0,120.0,0.0,760.0,
507,1000090357,螺絲;埋頭;M8x20L;-;六角承窩;-;電著黑;耐落;G8.8;,EA,0.0,90.0,0.0,0.0,90.0,0.0,0.0,
508,1000090742,固定片;座椅;;SPHC;254x50x8.0t;;GM44;,EA,0.0,596.0,0.0,0.0,381.0,0.0,215.0,
509,1000090746,"套管;;φ38.1x3.0tx304L;;;Q195;GM44,調整拉銷",EA,0.0,314.0,0.0,0.0,244.0,0.0,70.0,chênh lệch=40.00
510,1000090767,"固定管;;Φ25.4x3.0tx196L;;;Q195;GM44,拉銷;",EA,0.0,274.0,0.0,0.0,204.0,0.0,70.0,
511,1000090776,固定管;腿墊;Φ50.8x3.0tx676.5L;;;Q195;GM44;,EA,0.0,200.0,0.0,0.0,200.0,0.0,0.0,
512,1000090784,固定片;握管;;SPHC;55x31x58.2x6.0t;;GM44;,EA,0.0,676.0,0.0,0.0,508.0,0.0,168.0,
513,1000090785,握把;;φ25.4x3.0tx1030L;;;Q195;GM44;,EA,0.0,200.0,0.0,0.0,200.0,0.0,0.0,
514,1000090834,轉軸;轉臂;;20#;;GM47;φ35x156.5;,EA,0.0,312.0,0.0,0.0,179.0,0.0,133.0,
515,1000090916,配重塊;ZG20;GM46,EA,0.0,454.0,0.0,0.0,188.0,0.0,266.0,
516,1000090922,SLEEVE;連接;;20#;;GM46;;,EA,0.0,708.0,0.0,0.0,188.0,0.0,520.0,
517,1000090995,支撐管;凸輪;φ50xφ100x3tx381L;一;;Q195;GM45;,EA,0.0,192.0,0.0,0.0,73.0,0.0,119.0,
518,1000091013,固定片;拉銷;;SPHC;80x100x106x5.0t;;GM44;,EA,0.0,649.0,0.0,0.0,391.0,0.0,258.0,
519,1000091016,套筒;拉銷;前;20#;;GM44;;,EA,0.0,858.0,0.0,0.0,467.0,0.0,391.0,
520,1000091018,止擋環;拉銷;;20#;鍍鉻;GM44;φ38.1x17;座墊,EA,0.0,1297.0,0.0,0.0,651.0,0.0,646.0,chênh lệch=40.00
521,1000091028,旋轉軸;調整握把;;20#;鍍白鋅;GM45;φ8.0x23.5;,EA,0.0,477.0,0.0,0.0,172.0,0.0,305.0,
522,1000091040,"握把;;φ25.4x3.0tx196.6L;;;Q195;GM45,擺臂拉銷;",EA,0.0,380.0,0.0,0.0,261.0,0.0,119.0,
523,1000091047,調整把手;搖臂;;;;GM45;φ25.4x3.0tx164.4L;,EA,0.0,749.0,0.0,0.0,397.0,0.0,352.0,
524,1000091050,連接桿;搖臂;;;;GM45;φ19.1X1.5tX149L;,EA,0.0,192.0,0.0,0.0,73.0,0.0,119.0,
525,1000091055,固定管;腿墊;Φ50.8x3.0tx636L;;;Q195;GM45;,EA,0.0,192.0,0.0,0.0,73.0,0.0,119.0,
526,1000091060,彈簧;壓縮;Φ1.1xΦ24x60Lx8N;SWPB;染黑;GM44,EA,0.0,2455.0,0.0,0.0,1289.0,0.0,1166.0,chênh lệch=40.00
527,1000091091,調整拉銷;腿墊;;;;GM45;;,EA,0.0,412.0,0.0,0.0,137.0,0.0,275.0,
528,1000091092,調整片;腿墊;;45#;75.5x18x5T;鍍白鋅;GM45;,EA,0.0,388.0,0.0,0.0,152.0,0.0,236.0,
529,1000091409,腳踏板;;;SPHC;3.0t;烤漆;GM51;霧黑,EA,0.0,250.0,0.0,0.0,70.0,0.0,180.0,
530,1000091415,連接管;轉臂;φ40xφ80x3.0tx304L;;;Q195;GM51;,EA,0.0,500.0,0.0,0.0,80.0,0.0,420.0,
531,1000091416,固定片;腿墊;左;SPHC;165x280x5.0t;;GM51;,EA,0.0,310.0,0.0,0.0,71.0,0.0,239.0,
532,1000091418,固定片;鋼索;左;SPHC;64.5x25x31.5x8.0t;;GM51;,EA,0.0,756.0,0.0,0.0,112.0,0.0,644.0,
533,1000091426,固定片;腿墊;右;SPHC;165x280x5.0t;;GM51;,EA,0.0,310.0,0.0,0.0,71.0,0.0,239.0,
534,1000091428,導軌;鋼索;;20#;;GM51;;,EA,0.0,620.0,0.0,0.0,142.0,0.0,478.0,
535,1000091432,固定片;鋼索;右;SPHC;52x25x31x8.0t;;GM51;,EA,0.0,620.0,0.0,0.0,142.0,0.0,478.0,
536,1000091457,固定片;鋼索;;SPHC;73x25x8.0t;;GM51;,EA,0.0,310.0,0.0,0.0,69.0,0.0,241.0,
537,1000091483,護片;心軸;;SPHC;Φ75x3.0t;;GM51;,EA,0.0,500.0,0.0,0.0,138.0,0.0,362.0,
538,1000092003,連接管;;φ50.8x3.0tx68.0L;下;;;GM57,EA,0.0,280.0,0.0,0.0,118.0,0.0,162.0,
539,1000092029,補強板;;;SPHC;119.5x76x3.0t;;GM57;,EA,0.0,160.0,0.0,0.0,59.0,0.0,101.0,
540,1000092046,襯套;調整桿;;POM(塑膠鋼);純黑色;;GM57;9004,EA,0.0,280.0,0.0,0.0,118.0,0.0,162.0,
541,1000092068,固定套;導桿;下;橡膠(SBR);黑色427;;GM57;,EA,0.0,560.0,0.0,0.0,236.0,0.0,324.0,
542,1000092071,緩衝墊;;;NBR橡膠;純黑色;;GM57;,EA,0.0,560.0,0.0,0.0,236.0,0.0,324.0,
543,1000092072,止檔片;;;SPHC;φ43x2;;GM57;,EA,0.0,324.0,0.0,0.0,118.0,0.0,206.0,
544,1000092352,儲物鉤組2;加工;電著黑;MS10,EA,0.0,400.0,0.0,0.0,80.0,0.0,320.0,
545,1000092375,選擇片組-加工;;;;10磅;GM48;,EA,0.0,2.0,0.0,0.0,0.0,0.0,2.0,
546,1000092441,魔力粘;護套;FW80KM-G3,EA,0.0,734.0,0.0,0.0,360.0,0.0,374.0,
547,1000092642,彈簧;渦旋;2.0xφ46.1x19.05Lx3.25N;4130CrMo;鐵氟,EA,0.0,8094.0,0.0,0.0,3168.0,0.0,4926.0,chênh lệch=80.00
548,1000092662,連接座;擺臂;ZG20;GM40,EA,0.0,450.0,0.0,0.0,358.0,0.0,92.0,
549,1000092666,頭墊;;;黑色;南亞;GM40,EA,0.0,345.0,0.0,0.0,95.0,0.0,250.0,
550,1000092669,塑膠蓋;靠墊;;ABS/PA757;深灰;;GM40;45771,EA,0.0,1981.0,0.0,0.0,911.0,0.0,1070.0,chênh lệch=40.00
551,1000092670,塑膠蓋;頭墊;下;ABS 746;深灰;;GM40-KM;,EA,0.0,1456.0,0.0,0.0,710.0,0.0,746.0,chênh lệch=40.00
552,1000092751,擋塊;;;SPHC;35x15x6.0T;;GM49;,EA,0.0,363.0,0.0,0.0,197.0,0.0,166.0,
553,1000092784,固定套;導桿;;NBR橡膠;純黑色;;GM49;,EA,0.0,1652.0,0.0,0.0,964.0,0.0,688.0,chênh lệch=160.00
554,1000092785,緩衝墊;;;NBR橡膠;深灰;;GM49;45771,EA,0.0,955.0,0.0,0.0,511.0,0.0,444.0,chênh lệch=80.00
555,1000092786,止檔片;;;SPHC;Φ46.5x3.0T;;GM49;,EA,0.0,1452.0,0.0,0.0,804.0,0.0,648.0,
556,1000093119,軸承;桿端;POS 12 ECL;M12;IKO;左旋外螺紋,EA,0.0,643.0,0.0,0.0,330.0,0.0,313.0,
557,1000093120,軸承;桿端;POS 12 ECL;M12;IKO;右旋外螺紋,EA,0.0,517.0,0.0,0.0,266.0,0.0,251.0,
558,1000095106,固定塊;氣壓棒;;20#;;GM43;;,EA,0.0,281.0,0.0,0.0,163.0,0.0,118.0,
559,1000095118,固定片;座椅;;SPHC;357x170x20x5.0t;;GM43;,EA,0.0,281.0,0.0,0.0,162.0,0.0,119.0,
560,1000095122,固定片;胸墊;;SPHC;170x134x3.0t;;GM43;,EA,0.0,180.0,0.0,0.0,40.0,0.0,140.0,
561,1000095124,氣壓棒;氣油壓;市購品;4.5KG;;鍍鉻;GM43,EA,0.0,263.0,0.0,0.0,145.0,0.0,118.0,
562,1000095125,套管;;;45#;鍍鉻;GM43;,EA,0.0,340.0,0.0,0.0,172.0,0.0,168.0,
563,1000095461,固定片;FRAME;;SPHC;185x75x54.8x3.0t;;GM40;,EA,0.0,4837.0,0.0,0.0,2220.0,0.0,2617.0,
564,1000095465,固定座;擺臂;右;20#;;GM40;;,EA,0.0,292.0,0.0,0.0,137.0,0.0,155.0,
565,1000095466,固定座;擺臂;左;20#;;GM40;;,EA,0.0,292.0,0.0,0.0,137.0,0.0,155.0,
566,1000095589,固定片;後端蓋;;SPHC;Φ44x4.0t;;GM42;,EA,0.0,340.0,0.0,0.0,40.0,0.0,300.0,
567,1000095590,連接片;腿墊;;SPHC;172.5x153x6.0t;;GM42;,EA,0.0,250.0,0.0,0.0,143.0,0.0,107.0,
568,1000095593,端蓋;腿墊;內;ABS/防火;深灰;;GM42;,EA,0.0,2.0,0.0,0.0,0.0,0.0,2.0,
569,1000096012,軸承;自動調心;1203;Ψ40XΨ17X12T;;;;;,EA,0.0,200.0,0.0,0.0,40.0,0.0,160.0,
570,1000096014,襯套;;銅基;Φ15xΦ19x20T;GM40;,EA,0.0,24980.0,0.0,0.0,13206.0,0.0,11774.0,chênh lệch=160.00
571,1000096017,橡膠墊;固定座;內;橡膠(SBR);黑色427;;GM40;,EA,0.0,3507.0,0.0,0.0,1982.0,0.0,1525.0,chênh lệch=40.00
572,1000096024,固定座;透明PC;GM40,EA,0.0,4254.0,0.0,0.0,2469.0,0.0,1785.0,chênh lệch=40.00
573,1000096026,固定座;感應器;;ABS/PA757;黑色/Black C;;GM40;,EA,0.0,3954.0,0.0,0.0,2197.0,0.0,1757.0,chênh lệch=40.00
574,1000096167,套筒;選擇片;;NBR橡膠;黑色/Black C;;GM40;,EA,0.0,689.0,0.0,0.0,353.0,0.0,336.0,
575,1000096179,儲物鉤組;加工;電著;MS10,EA,0.0,1000.0,0.0,0.0,200.0,0.0,800.0,
576,1000096289,螺絲;圓柱;M10x110L-32L;;六角承窩;;鍍鉻;耐落;G12.9;,EA,0.0,680.0,0.0,0.0,0.0,0.0,680.0,
577,1000096510,螺帽;六角;M12x1.75P;SS41;鍍鉻;,EA,0.0,3234.0,0.0,0.0,1571.0,0.0,1663.0,
578,1000096514,控制板;Matrix計數器;;H102;S1.60;;GM40;,EA,0.0,4352.0,0.0,0.0,2165.0,0.0,2187.0,chênh lệch=40.00
579,1000096531,感應線;;;;;24AWG;1200mm·;OKI磁簧管(方)x3+XHS-5Y,EA,0.0,3954.0,0.0,0.0,2165.0,0.0,1789.0,chênh lệch=40.00
580,1000096536,塑膠套管;圓墊;;PVC;黑色/Black C;;GM44;,EA,0.0,1.0,0.0,0.0,1.0,0.0,0.0,
581,1000096538,"腿墊;前;PU,發泡;黑色;南亞;GM44-KM",EA,0.0,2.0,0.0,0.0,0.0,0.0,2.0,
582,1000096540,"圓墊;;PU,發泡;黑色;南亞;GM44-KM",EA,0.0,2.0,0.0,0.0,0.0,0.0,2.0,
583,1000096574,電池;5號;1.5V;2700mah;鋰鐵;AA,EA,0.0,8370.0,0.0,0.0,4250.0,0.0,4120.0,
584,1000096854,外部電源線;美加泰;;;;16AWG;2M;;,EA,0.0,720.0,0.0,0.0,0.0,0.0,720.0,
585,1000096997,調整握把;;;ABS/PA757;Pantone :137C;;GM40;,EA,0.0,140.0,0.0,0.0,98.0,0.0,42.0,
586,1000097194,拉銷;;;PC;137C;;GM42-KM;,EA,0.0,304.0,0.0,0.0,145.0,0.0,159.0,
587,1000097206,螺絲;圓柱;M8x1.25Px25L;-;六角承窩;-;鍍鉻;耐落;G12.9;,EA,0.0,14680.0,0.0,0.0,7568.0,0.0,7112.0,
588,1000097385,止擋膠套;連接軸;;ABS/PA757;深灰;;GM40;,EA,0.0,4536.0,0.0,0.0,2534.0,0.0,2002.0,chênh lệch=80.00
589,1000097600,固定片;腳踏板;上;SPHC;426x117.6x94.4x3.0t;;GM53,EA,0.0,135.0,0.0,0.0,78.0,0.0,57.0,
590,1000097619,固定管;;φ50.8x3.0tx685.1L;;;;GM53-KM,EA,0.0,50.0,0.0,0.0,50.0,0.0,0.0,
591,1000097624,套筒;拉銷;;;;GM53-KM;φ25.4x3.0tx195.5L;,EA,0.0,160.0,0.0,0.0,135.0,0.0,25.0,
592,1000097634,護蓋片;凸輪;左;SPHC;250x164x48;;GM53-KM;,EA,0.0,160.0,0.0,0.0,135.0,0.0,25.0,
593,1000097776,固定片;座墊;;SPHC;682.4x200x164.8x4.0t;;GM54;,EA,0.0,325.0,0.0,0.0,191.0,0.0,134.0,
594,1000098050,滑輪護蓋;基座;小;ABS/PA757;深灰;;GM40;,EA,0.0,25407.0,0.0,0.0,13307.0,0.0,12100.0,chênh lệch=320.00
595,1000098051,軸承套;基座;;ABS/PA757;深灰;φ55x8;GM40;,EA,0.0,4191.0,0.0,0.0,2544.0,0.0,1647.0,chênh lệch=40.00
596,1000098086,彈簧銷;;Φ4x20;;;,EA,0.0,668.0,0.0,0.0,408.0,0.0,260.0,chênh lệch=80.00
597,1000098134,銷;彈簧;;;;;φ4x23;,EA,0.0,1103.0,0.0,0.0,475.0,0.0,628.0,chênh lệch=40.00
598,1000098476,端塞;選擇片;;HDPE;深灰;;GM47;,EA,0.0,567.0,0.0,0.0,293.0,0.0,274.0,
599,1000098477,彈簧銷;Φ8.5X90L;GM47,EA,0.0,594.0,0.0,0.0,349.0,0.0,245.0,
600,1000098481,選擇片;輔助;;烤漆;;霧黑(Black Matte);MS51;5磅,EA,0.0,1.0,0.0,0.0,0.0,0.0,1.0,thử khuôn/chưa nhập kho→tồn kho; tồn điều chỉnh (bù sản phẩm lỗi): delta=+1
601,1000098482,選擇片;1;輔助;5磅;SS41;MS51KM-G3,EA,0.0,1170.0,0.0,0.0,0.0,0.0,1170.0,
602,1000098483,掛勾-加工;輔助選擇片;1;浸塑;;MS51KM-G3;,EA,0.0,1360.0,0.0,0.0,120.0,0.0,1240.0,
603,1000098548,固定銷;止擋;;20#;;GM44;;,EA,0.0,413.0,0.0,0.0,299.0,0.0,114.0,chênh lệch=40.00
604,1000098549,"銅套;;銅90%,錫10%;Φ30xΦ25x20mm;GM44;",EA,0.0,2490.0,0.0,0.0,746.0,0.0,1744.0,
605,1000098550,"襯套;;銅90%,錫10%;φ38xφ30x20L;GM44;",EA,0.0,680.0,0.0,0.0,265.0,0.0,415.0,
606,1000098612,端蓋;壓腿;;20#;;GM45;;,EA,0.0,292.0,0.0,0.0,137.0,0.0,155.0,
607,1000098618,護蓋-加工;凸輪;;;SUS304;GM45;,EA,0.0,333.0,0.0,0.0,159.0,0.0,174.0,
608,1000098624,握把;;φ25.4x3.0tx184L;;;;GM45;,EA,0.0,384.0,0.0,0.0,146.0,0.0,238.0,
609,1000098626,調整握把組;半成品;;;;GM45;;,EA,0.0,446.0,0.0,0.0,175.0,0.0,271.0,
610,1000098628,"襯套;;銅90%,錫10%;Φ12xΦ18x12L;GM41",EA,0.0,854.0,0.0,0.0,442.0,0.0,412.0,
611,1000098703,固定片;止擋片;;SPHC;72x33x6.0t;;GM43;,EA,0.0,225.0,0.0,0.0,178.0,0.0,47.0,
612,1000098704,止擋墊;;;NBR橡膠;黑色/Black C;;GM43;,EA,0.0,1673.0,0.0,0.0,844.0,0.0,829.0,chênh lệch=80.00
613,1000099212,螺絲;圓柱;M6x1.0Px15L;-;六角承窩;-;鍍鉻;-;-;,EA,0.0,1000.0,0.0,0.0,96.0,0.0,904.0,
614,1000099219,開口銷;R型;公稱直徑φ3.2;,EA,0.0,23718.0,0.0,0.0,13866.0,0.0,9852.0,
615,1000099499,螺絲;圓柱;M8x1.25Px14L;;六角承窩;;鍍鉻;特製;;,EA,0.0,3436.0,0.0,0.0,1488.0,0.0,1948.0,
616,1000099646,連接管;止檔塊;φ38.1x3.0tx18.3L;;;Q195;GM51-KM;,EA,0.0,160.0,0.0,0.0,20.0,0.0,140.0,
617,1000099650,端塞;;;PP;深灰;配合φ50.8管材;GM50;,EA,0.0,1904.0,0.0,0.0,918.0,0.0,986.0,
618,1000099784,連接座2;擺臂;ZG20;GM40,EA,0.0,438.0,0.0,0.0,400.0,0.0,38.0,
619,1000099786,墊圈;浪型;電黑；65Mn；φ28.0xφ20.3x0.5t;GM51,EA,0.0,500.0,0.0,0.0,220.0,0.0,280.0,
620,1000099893,珍珠棉;;;300mmx2000mmx3.0t;;,EA,0.0,1600.0,0.0,0.0,320.0,0.0,1280.0,
621,1000099895,PE袋;MS10KM-G3,EA,0.0,210.0,0.0,0.0,40.0,0.0,170.0,
622,1000099898,紙箱;握把;MS10KM-G3,EA,0.0,220.0,0.0,0.0,40.0,0.0,180.0,
623,1000099899,紙箱;;;;;貼標板;MS10KM-G3,EA,0.0,320.0,0.0,0.0,40.0,0.0,280.0,
624,1000099900,紙箱;包裝附件;MS10KM-G3,EA,0.0,200.0,0.0,0.0,40.0,0.0,160.0,
625,1000099901,包裝附件組;保麗龍;MS10KM-G3;,EA,0.0,200.0,0.0,0.0,40.0,0.0,160.0,
626,1000099907,固定片;外框;下;SPHC;79x54x50x4.0T;烤漆;GM40;,EA,0.0,5692.0,0.0,0.0,706.0,0.0,4986.0,
627,1000099908,膠合板;;;1330x1060x5;;GM40;,EA,0.0,221.0,0.0,0.0,191.0,0.0,30.0,
628,1000100116,固定片;連接;前;SPHC;140x140x6.0T;;GM49;,EA,0.0,650.0,0.0,0.0,487.0,0.0,163.0,
629,1000100469,固定片;背墊;;SPHC;250x200x4t;;GM48-KM;,EA,0.0,424.0,0.0,0.0,182.0,0.0,242.0,
630,1000100486,連接管;擺臂;φ40xφ80x3.0x282.8L;下;;;GM48-KM;,EA,0.0,191.0,0.0,0.0,127.0,0.0,64.0,
631,1000100487,支撐管;擺臂;φ38.1x3.0tx1502L;;;;GM48-KM;,EA,0.0,191.0,0.0,0.0,127.0,0.0,64.0,
632,1000100491,固定片;手墊;;SPHC;250x100x4t;;GM48-KM;,EA,0.0,1040.0,0.0,0.0,724.0,0.0,316.0,
633,1000100504,連接管;旋轉軸;Φ30xΦ70x3.0Tx232L;;;;GM48-KM;,EA,0.0,191.0,0.0,0.0,127.0,0.0,64.0,
634,1000100526,"背墊;;PU,發泡;黑色;南亞;GM48-KM",EA,0.0,95.0,0.0,0.0,95.0,0.0,0.0,
635,1000100537,防潮袋;PE;基座;GM47-KM,EA,0.0,1275.0,0.0,0.0,468.0,0.0,807.0,
636,1000100695,腳踏板;;;SPHC;4.0T;烤漆;GM48;霧黑,EA,0.0,709.0,0.0,0.0,311.0,0.0,398.0,
637,1000100789,膠合板;;;1040x780x3.5;;GM44;,EA,0.0,35.0,0.0,0.0,26.0,0.0,9.0,
638,1000100991,PE袋組;GM48-KM,EA,0.0,341.0,0.0,0.0,129.0,0.0,212.0,
639,1000102021,調整管;胸墊;φ60x3.0tx190L;;;;GM55;,EA,0.0,80.0,0.0,0.0,80.0,0.0,0.0,
640,1000102025,套筒;止擋;;20#;;GM55;;,EA,0.0,360.0,0.0,0.0,120.0,0.0,240.0,
641,1000102027,導桿;上;SKF:GM55;,EA,0.0,420.0,0.0,0.0,118.0,0.0,302.0,
642,1000102056,支撐組;胸墊;鍍鉻;GM55,EA,0.0,170.0,0.0,0.0,96.0,0.0,74.0,
643,1000102091,防潮袋;PE;基座;1750x1090x1250x0.06t;GM50-KM,EA,0.0,180.0,0.0,0.0,71.0,0.0,109.0,
644,1000102097,軸承;斜錐;30206_J2_Q;Φ30xΦ62x17.25T;SKF;,EA,0.0,140.0,0.0,0.0,98.0,0.0,42.0,
645,1000102209,軸承;桿端;POS 10 ECL;M10;IKO;左旋外螺紋,EA,0.0,609.0,0.0,0.0,104.0,0.0,505.0,
646,1000102210,軸承;桿端;POS 10 ECL;M10;IKO;右旋外螺紋,EA,0.0,666.0,0.0,0.0,106.0,0.0,560.0,
647,1000102211,螺帽;六角;M10x1..5P;;鍍鉻;左旋,EA,0.0,1352.0,0.0,0.0,117.0,0.0,1235.0,
648,1000102321,固定塊;滑輪;;20#;;GM56-KM;Φ25x69L;,EA,0.0,221.0,0.0,0.0,132.0,0.0,89.0,
649,1000102333,連接管;握把;φ40.0xφ80.0x3.0tx377.7L;一;;;GM56,EA,0.0,130.0,0.0,0.0,130.0,0.0,0.0,
650,1000102334,連接管;握把;φ40.0xφ80.0x3.0tx850L;二;;;GM56-KM,EA,0.0,130.0,0.0,0.0,110.0,0.0,20.0,
651,1000102351,套筒;拉銷;;20#;;GM56-KM;,EA,0.0,141.0,0.0,0.0,132.0,0.0,9.0,
652,1000102354,固定塊;調整桿;;20#;鍍鉻;GM56;;,EA,0.0,140.0,0.0,0.0,100.0,0.0,40.0,
653,1000102357,調整凸輪組;半成品;-;鍍鉻;GM56-KM,EA,0.0,140.0,0.0,0.0,98.0,0.0,42.0,
654,1000102423,擺臂管;;φ50.8x3.0tx809.0L;右;;;GM58-KM,EA,0.0,140.0,0.0,0.0,55.0,0.0,85.0,
655,1000102424,固定套;把手;;20#;;GM58-KM;;,EA,0.0,320.0,0.0,0.0,142.0,0.0,178.0,
656,1000102434,管;握把;Φ25.4x3.0tx320L;;;;GM58-KM,EA,0.0,280.0,0.0,0.0,110.0,0.0,170.0,
657,1000102435,連接軸;握把;;20#;;GM58-KM;;,EA,0.0,358.0,0.0,0.0,142.0,0.0,216.0,
658,1000102442,擺臂管;;φ50.8x3.0tx913.0L;左;;;GM58-KM,EA,0.0,140.0,0.0,0.0,55.0,0.0,85.0,
659,1000102555,螺絲;圓頭;M10x1.5Px40L-15L;-;六角承窩;-;鍍鉻;-;G12,EA,0.0,7084.0,0.0,0.0,2849.0,0.0,4235.0,
660,1000102649,銷;彈簧;;;;GM47-KM;φ12X22L;,EA,0.0,581.0,0.0,0.0,322.0,0.0,259.0,
661,1000102675,擋塊;拉銷;;20#;鍍鉻;GM43;Φ25x21x12;,EA,0.0,1553.0,0.0,0.0,653.0,0.0,900.0,
662,1000102686,端蓋;調整管;;ABS/PA757;深灰;;GM43;,EA,0.0,415.0,0.0,0.0,259.0,0.0,156.0,
663,1000102687,止擋墊;;;橡膠(SBR);黑色/Black C;Φ43x20;GM43;,EA,0.0,250.0,0.0,0.0,71.0,0.0,179.0,
664,1000102750,拉銷;調整銷;;45#;鍍鉻;GM45-KM;,EA,0.0,963.0,0.0,0.0,580.0,0.0,383.0,
665,1000102818,固定片;握管;;;88x95x28.9x3t;;GM57-KM;,EA,0.0,403.0,0.0,0.0,118.0,0.0,285.0,
666,1000102819,管;握把;φ25.4x3.0tx460L;;;;GM57-KM,EA,0.0,280.0,0.0,0.0,118.0,0.0,162.0,
667,1000102862,螺絲;圓頭;M8x1.25Px30L;;六角承窩;;鍍鉻;耐落;G12.9;,EA,0.0,1000.0,0.0,0.0,76.0,0.0,924.0,
668,1000102865,螺絲;圓柱;M10x1.5Px70L-35L;;六角承窩;;鍍鉻;耐落;G12.,EA,0.0,50.0,0.0,0.0,25.0,0.0,25.0,
669,1000102866,螺絲;圓柱;M10x1.5Px80L-32L;;六角承窩;;鍍鉻;耐落;G12.,EA,0.0,640.0,0.0,0.0,0.0,0.0,640.0,
670,1000102869,螺絲;圓柱;M12x1.75Px25L;;六角承窩;;鍍鉻;耐落;G12.9;,EA,0.0,1972.0,0.0,0.0,524.0,0.0,1448.0,
671,1000102883,螺絲;六角承窩;止付;尖端;M6x1.0Px6L;鍍鉻;耐落,EA,0.0,4456.0,0.0,0.0,612.0,0.0,3844.0,
672,1000102884,螺絲;六角承窩;止付;尖端;M8x1.25Px8L;鍍鉻;耐落,EA,0.0,13400.0,0.0,0.0,8536.0,0.0,4864.0,
673,1000102895,螺絲;斜邊;M8x1.25Px25L;-;六角承窩;-;鍍鉻;耐落;-;,EA,0.0,1404.0,0.0,0.0,212.0,0.0,1192.0,
674,1000102910,扣環;外C型;S-12;;電著黑;,EA,0.0,4193.0,0.0,0.0,0.0,0.0,4193.0,
675,1000103029,腳踏板;基座;上;ABS/PA757;深灰;;GM57-KM;,EA,0.0,310.0,0.0,0.0,93.0,0.0,217.0,
676,1000103181,端塞;基座;後;PP;深灰;;GM49;,EA,0.0,710.0,0.0,0.0,468.0,0.0,242.0,chênh lệch=80.00
677,1000103444,護蓋;座椅;上;ABS/PA757;深灰色;;GM40-KM;,EA,0.0,2399.0,0.0,0.0,1288.0,0.0,1111.0,chênh lệch=40.00
678,1000103462,管;長方型;STKR41;□40.0X80.0X3.0TX5700;;,EA,0.0,1263.0,0.0,0.0,894.49,0.0,368.51,
679,1000103474,護蓋;座椅;;ABS/PA757;深灰;;GM43;,EA,0.0,496.0,0.0,0.0,271.0,0.0,225.0,
680,1000103772,位置指示器;;;ABS/防火;深灰;;GM44;,EA,0.0,939.0,0.0,0.0,368.0,0.0,571.0,chênh lệch=40.00
681,1000103950,瓦楞紙板;;;460x300;;PL04,EA,0.0,340.0,0.0,0.0,40.0,0.0,300.0,
682,1000103956,瓦楞紙板;;2;600x300;;GM06,EA,0.0,540.0,0.0,0.0,40.0,0.0,500.0,
683,1000104003,端塞;拉帽;;PP;深灰;;GM40;烤漆;45771,EA,0.0,3669.0,0.0,0.0,114.0,0.0,3555.0,chênh lệch=80.00
684,1000104008,膠合板;;;1410x1120x5;;PL06;,EA,0.0,32.0,0.0,0.0,19.0,0.0,13.0,
685,1000104311,管;橢圓型;STK41;Φ40.0XΦ120.0X2.5TX6000;;,EA,0.0,110.0,0.0,0.0,9.085999999999999,0.0,100.914,
686,1000104388,選擇片組;半成品;;;10磅;;GM06;4片/箱,EA,0.0,1193.0,0.0,0.0,497.0,0.0,696.0,
687,1000104389,選擇片組;半成品;;;10磅;;GM06;5片/箱,EA,0.0,2469.0,0.0,0.0,1101.0,0.0,1368.0,122/123=điều chỉnh; chênh lệch=669.00
688,1000104390,選擇片組;半成品;;;15磅;;GM01;4片/箱,EA,0.0,654.0,0.0,0.0,254.0,0.0,400.0,122/123=điều chỉnh; chênh lệch=86.00
689,1000104391,選擇片組;半成品;;;15磅;;GM01;5片/箱,EA,0.0,2147.0,0.0,0.0,947.0,0.0,1200.0,122/123=điều chỉnh; chênh lệch=252.00
690,1000104472,PE袋組;GM46-KM,EA,0.0,170.0,0.0,0.0,8.0,0.0,162.0,
691,1000104629,PE袋;基座;1530x1110x1160x0.06t;GM57-KM,EA,0.0,1756.0,0.0,0.0,264.0,0.0,1492.0,
692,1000104681,扣環;外C型;S-20;電黑,EA,0.0,2250.0,0.0,0.0,830.0,0.0,1420.0,
693,1000104683,拉帽;滾花;NLS7-580-5.7;;鍍彩鋅;,EA,0.0,5200.0,0.0,0.0,1040.0,0.0,4160.0,
694,1000104691,螺絲;圓柱;M10x1.5Px30L;;六角承窩;;鍍鉻;耐落;G12.9;,EA,0.0,6898.0,0.0,0.0,3633.0,0.0,3265.0,
695,1000104695,螺絲;圓頭;M10x1.5Px85L;;六角承窩;;鍍鉻;耐落;G12.9;,EA,0.0,800.0,0.0,0.0,72.0,0.0,728.0,
696,1000104705,螺絲;圓柱;M6x1.0Px15L;;六角承窩;;鍍鉻;耐落;G8.8;,EA,0.0,1832.0,0.0,0.0,336.0,0.0,1496.0,
697,1000104720,螺絲;六角頭;M10x1.5Px45L;牙長15L;鍍鉻;耐落;8.8級,EA,0.0,2530.0,0.0,0.0,180.0,0.0,2350.0,
698,1000104723,墊圈;平;Φ6.2xΦ13.0x1.0T;;鍍鉻;,EA,0.0,346.0,0.0,0.0,286.0,0.0,60.0,
699,1000105032,外紙箱A;含印刷;GM10KM-G3;,EA,0.0,20.0,0.0,0.0,0.0,0.0,20.0,thử khuôn/chưa nhập kho→tồn kho; tồn điều chỉnh (bù sản phẩm lỗi): delta=+20
700,1000105034,保麗龍A;包裝組;GM10KM-G3;,EA,0.0,10.0,0.0,0.0,0.0,0.0,10.0,thử khuôn/chưa nhập kho→tồn kho; tồn điều chỉnh (bù sản phẩm lỗi): delta=+10
701,1000105038,銷;彈簧;Φ5x30L;氧化;,EA,0.0,3200.0,0.0,0.0,416.0,0.0,2784.0,
702,1000105069,拉帽;六角;NHS-610-3.0;;鍍彩鋅;,EA,0.0,140.0,0.0,0.0,71.0,0.0,69.0,
703,1000105174,螺帽;尼龍;M10x1.5P;;鍍鉻;G12.9,EA,0.0,174620.0,0.0,0.0,111196.0,0.0,63424.0,
704,1000105175,間隔環;;;20#;;GM44-KM;ψ14.48xψ8.5x6.55T;,EA,0.0,1549.0,0.0,0.0,446.0,0.0,1103.0,
705,1000105258,握把;;φ31.8x3.0tx570L;二;;;GM40-KM;,EA,0.0,320.0,0.0,0.0,280.0,0.0,40.0,
706,1000105259,螺絲;圓頭;M10x1.5Px105L-35L;;六角承窩;;鍍鉻;;G12.9,EA,0.0,192.0,0.0,0.0,90.0,0.0,102.0,
707,1000105260,握把;滾花直管;φ25.4x3.0tX1030mm;GM44-KM,EA,0.0,40.0,0.0,0.0,11.0,0.0,29.0,
708,1000106750,軸承;滾珠;6204ZZ;Ψ20xΨ47x14T;TPI;C3,EA,0.0,80.0,0.0,0.0,0.0,0.0,80.0,
709,1000107041,連接片;支撐管;;SPHC;220x100x3t;;GM55;,EA,0.0,470.0,0.0,0.0,321.0,0.0,149.0,
710,1000107055,支撐管;座椅;φ30.0x70.0x3.0tx63L;;;;GM56,EA,0.0,260.0,0.0,0.0,260.0,0.0,0.0,
711,1000107219,滑輪護蓋;基座;小;ABS;137C;;GM44-KM;,EA,0.0,644.0,0.0,0.0,193.0,0.0,451.0,chênh lệch=40.00
712,1000107397,轉軸;握把;;20#;;GM47-KM;,EA,0.0,450.0,0.0,0.0,358.0,0.0,92.0,
713,1000108228,棧板;;;1240x1050x125;;EP516,EA,0.0,24.0,0.0,0.0,9.5,0.0,14.5,
714,1000108308,襯套;銅基;Φ20xΦ26x16t;GM46;,EA,0.0,5956.0,0.0,0.0,1872.0,0.0,4084.0,chênh lệch=160.00
715,1000108793,螺絲;圓頭;M5x0.8Px10L;;六角承窩;;鍍鉻;耐落;G8.8;,EA,0.0,662.0,0.0,0.0,156.0,0.0,506.0,
716,1000108796,螺絲;圓頭;M10x1.5Px55L;;六角承窩;;鍍鉻;耐落;G12.9;,EA,0.0,684.0,0.0,0.0,141.0,0.0,543.0,
717,1000108801,螺絲;圓頭;M5x0.8Px15L;-;六角承窩;-;鍍鉻;耐落;G8.8;,EA,0.0,20.0,0.0,0.0,0.0,0.0,20.0,
718,1000108805,螺絲;圓柱;M8x1.25Px20L;;六角承窩;;鍍鉻;耐落;G12.9;,EA,0.0,1524.0,0.0,0.0,250.0,0.0,1274.0,
719,1000108806,螺絲;圓頭;M10x1.5Px15L;-;六角承窩;-;鍍鉻;耐落;G12.9;,EA,0.0,139.0,0.0,0.0,22.0,0.0,117.0,
720,1000108909,固定片;拉銷;上;SPHC;82.5x63.7x4.0T;;GM56-KM;,EA,0.0,140.0,0.0,0.0,131.0,0.0,9.0,
721,1000108912,線性軸承座;;;;;GM56;INA_KWVE20-B-L-V1 X12;,EA,0.0,140.0,0.0,0.0,98.0,0.0,42.0,
722,1000108916,PE袋組;GM56-KM,EA,0.0,340.0,0.0,0.0,109.0,0.0,231.0,
723,1000109127,警告貼標;;;;PVC;;;MS21KM-G3;,EA,0.0,21332.0,0.0,0.0,8205.0,0.0,13127.0,chênh lệch=40.00
724,1000109304,軸承;斜錐;32006_X_Q;Φ30XΦ55X17T;SKF;,EA,0.0,140.0,0.0,0.0,98.0,0.0,42.0,
725,1000109771,螺絲;圓頭;M8x1.25Px12L;六角承窩;鍍鉻;耐落;G8.8,EA,0.0,1668.0,0.0,0.0,416.0,0.0,1252.0,
726,1000109813,棧板A;GM17-G3;,EA,0.0,25.0,0.0,0.0,25.0,0.0,0.0,
727,1000109816,膠合板;;;1630x990x5;;GM17-G3;,EA,0.0,6.0,0.0,0.0,0.0,0.0,6.0,
728,1000110035,PE袋;4050x3710X0.06T;GM40-KM,EA,0.0,50.0,0.0,0.0,7.0,0.0,43.0,
729,1000110490,支撐套;選擇片;;20#;;GM55;;,EA,0.0,1046.0,0.0,0.0,698.0,0.0,348.0,
730,1000110781,"頭墊;;PU,發泡;美國紅;PAHs,南亞;GM40",EA,0.0,9.0,0.0,0.0,9.0,0.0,0.0,
731,1000110791,"背墊;;PU,發泡;美國紅;PAHs,南亞;GM48-KM",EA,0.0,9.0,0.0,0.0,9.0,0.0,0.0,
732,1000110802,握把;擺臂;;包膠;426C;;GM40;,EA,0.0,1294.0,0.0,0.0,660.0,0.0,634.0,chênh lệch=40.00
733,1000110841,握把;擺臂;;包膠;426C;;GM42-KM;,EA,0.0,7375.0,0.0,0.0,3577.0,0.0,3798.0,chênh lệch=40.00
734,1000110878,固定塊;;;20#;;GM44-KM;;,EA,0.0,1183.0,0.0,0.0,791.0,0.0,392.0,
735,1000111017,緩衝塞;;;橡膠(SBR);黑色/Black C;;GM49-KM;,EA,0.0,413.0,0.0,0.0,241.0,0.0,172.0,chênh lệch=40.00
736,1000111020,止擋板;;;SPHC;30x20x4t;;GM49-KM;,EA,0.0,40.0,0.0,0.0,40.0,0.0,0.0,
737,1000111093,襯套;調整管;;POM(塑膠鋼);深灰;;GM55;,EA,0.0,281.0,0.0,0.0,163.0,0.0,118.0,
738,1000111378,襯套;;;;;;GM46;GFM-202326-21(IGUS),EA,0.0,2640.0,0.0,0.0,1392.0,0.0,1248.0,chênh lệch=80.00
739,1000111380,間隔環;;;;;GM46;;,EA,0.0,2048.0,0.0,0.0,782.0,0.0,1266.0,chênh lệch=40.00
740,1000111381,套筒;握把;;;;GM46;;,EA,0.0,1076.0,0.0,0.0,328.0,0.0,748.0,
741,1000111382,端蓋;握把;;20#;;GM46;Ø25x11;,EA,0.0,676.0,0.0,0.0,312.0,0.0,364.0,
742,1000112985,緩衝墊;選擇片;內;;黑色/Black C;Ø50xØ22x73.7;GM59;,EA,0.0,374.0,0.0,0.0,152.0,0.0,222.0,
743,1000113009,銷緊片;轉軸;內;20#;73x55.6x16;;GM59;,EA,0.0,1456.0,0.0,0.0,794.0,0.0,662.0,chênh lệch=80.00
744,1000113095,護蓋;座椅;;ABS PA746;Black 6C;;GM59;,EA,0.0,310.0,0.0,0.0,310.0,0.0,0.0,
745,1000114098,管;長方型;STKR400;□25.0x50.0x3.0Tx5500;;,EA,0.0,100.0,0.0,0.0,17.885000000000005,0.0,82.115,chênh lệch=24.00
746,1000200185,止擋銷;調整機構;;20#;;GM57-KM;;,EA,0.0,163.0,0.0,0.0,59.0,0.0,104.0,
747,1000200252,橡膠;止擋;;;黑色;φ22xφ50x49L;GM59;韓國錦湖,EA,0.0,152.0,0.0,0.0,32.0,0.0,120.0,
748,1000200292,襯套;POM;深灰;GM49;,EA,0.0,826.0,0.0,0.0,482.0,0.0,344.0,chênh lệch=80.00
749,1000200294,套筒;拉銷;;20#;;GM55-KM;,EA,0.0,360.0,0.0,0.0,120.0,0.0,240.0,
750,1000200716,緩衝墊;選擇片;橡膠;;;;GM61;;,EA,0.0,48.0,0.0,0.0,28.0,0.0,20.0,
751,1000200876,螺絲;圓柱;Φ6.0xM5x25L;-;六角承窩;-;鍍鉻;-;-;,EA,0.0,1790.0,0.0,0.0,991.0,0.0,799.0,
752,1000200981,導桿;選擇片;;45#;鍍硬鉻;GM40-KM;Φ19X1025L;,EA,0.0,8534.0,0.0,0.0,4954.0,0.0,3580.0,chênh lệch=80.00
753,1000201207,塑膠蓋;;ABS;深灰;;;GM46;,EA,0.0,2179.0,0.0,0.0,874.0,0.0,1305.0,
754,1000201208,塑膠蓋;;ABS;橙色;;;GM46;,EA,0.0,874.0,0.0,0.0,368.0,0.0,506.0,
755,1000201741,固定片;座墊;;SPHC;280x52x8;;GM62;,EA,0.0,135.0,0.0,0.0,135.0,0.0,0.0,
756,1000201789,固定片;把手管;;SPHC;87x33x50x6;;GM62;,EA,0.0,268.0,0.0,0.0,222.0,0.0,46.0,
757,1000202036,螺絲;圓頭;-;-;-;座椅調節;-;,EA,0.0,793.0,0.0,0.0,340.0,0.0,453.0,
758,1000202125,腳帶;加腳帶;含左右;;;黑色;;市購品附拉環,EA,0.0,200.0,0.0,0.0,42.0,0.0,158.0,
759,1000202161,棧板;選擇片;;1100x1100x140;;,EA,0.0,6.0,0.0,0.0,6.0,0.0,0.0,
760,1000202352,緩衝墊;導桿;;NBR橡膠;;;GM40-KM;,EA,0.0,11681.0,0.0,0.0,6149.0,0.0,5532.0,chênh lệch=80.00
761,1000202479,塑膠蓋;;;POM(塑膠鋼);白色;Ø71.5*30;GM02C;,EA,0.0,1446.0,0.0,0.0,744.0,0.0,702.0,
762,1000202481,塑膠蓋;;;橡膠(SBR);黑色/Black C;;GM02C;,EA,0.0,659.0,0.0,0.0,372.0,0.0,287.0,122/123=điều chỉnh; chênh lệch=609.00
763,1000202688,潤滑劑;SUPERLUBE PTFE;20ML/瓶;含紙盒;,EA,0.0,340.0,0.0,0.0,340.0,0.0,0.0,
764,1000203178,棧板;成品出貨;日本;1560×1288×140;GM41;,EA,0.0,78.0,0.0,0.0,54.0,0.0,24.0,chênh lệch=10.00
765,1000203217,墊圈;浪型;Φ20.7XΦ29.1X0.5T;;-;電著;;65MN;,EA,0.0,2008.0,0.0,0.0,416.0,0.0,1592.0,
766,1000203251,品固;隔離束線座;白色;CHF-11E;,EA,0.0,11859.0,0.0,0.0,6933.0,0.0,4926.0,
767,1000203380,管;正方型;STK41;口40x40x3.0Tx6000;;,EA,0.0,68.0,0.0,0.0,17.101,0.0,50.899,
768,1000203470,銘牌;馬達;50#消銀龍 OPP;;;前;;MATRIX,EA,0.0,6700.0,0.0,0.0,2930.0,0.0,3770.0,
769,1000203752,宏名扣具組;;;;;;CS17,EA,0.0,2880.0,0.0,0.0,0.0,0.0,2880.0,
770,1000203783,管;長方型;STKR400;□20.0X30.0X1.5TX5500;;,EA,0.0,385.0,0.0,0.0,293.7,0.0,91.3,
771,1000203786,線性軸承座滑軌;;INA_TKVD20-G3;;;GM56,EA,0.0,140.0,0.0,0.0,98.0,0.0,42.0,
772,1000203886,握把管;Φ25.4X1076LX3.0tGM51;,EA,0.0,310.0,0.0,0.0,31.0,0.0,279.0,
773,1000203888,支撐片;握管;;SPHC;165x75x29x6;;GM51;,EA,0.0,310.0,0.0,0.0,31.0,0.0,279.0,
774,1000204043,螺絲;;M8x1.25Px35L;機械牙;六角承窩;;;;;止擋,EA,0.0,1409.0,0.0,0.0,372.0,0.0,1037.0,
775,1000204083,心軸;擺臂;;42CrMo;鍍白鋅;GM40;Φ32x180;,EA,0.0,450.0,0.0,0.0,245.0,0.0,205.0,
776,1000205179,導桿-加工;.;研磨;選擇片;MS10KM-G3;,EA,0.0,800.0,0.0,0.0,160.0,0.0,640.0,
777,1000206550,緩衝墊;凸輪止擋;;NR;純黑色;Φ30x13L;GM44;,EA,0.0,140.0,0.0,0.0,98.0,0.0,42.0,
778,1000206625,螺帽;;M10x1.5P;G10;電著黑;,EA,0.0,960.0,0.0,0.0,0.0,0.0,960.0,
779,1000206849,螺帽;焊接;M8x1.25P;G10;;毛柸,EA,0.0,4862.0,0.0,0.0,3294.0,0.0,1568.0,chênh lệch=120.00
780,1000207050,軸套;擺臂;;SS41;;EP304;;,EA,0.0,1240.0,0.0,0.0,0.0,0.0,1240.0,
781,1000207054,皮帶;多槽;彈性皮帶;1206 J8;;Flexonic,EA,0.0,720.0,0.0,0.0,0.0,0.0,720.0,
782,1000207826,心軸;把手;;20CrMo;鍍白鋅;GM46-KM;Φ20x177.5;,EA,0.0,454.0,0.0,0.0,188.0,0.0,266.0,
783,1000207827,握把管;Φ38.1X3.0X207L;,EA,0.0,160.0,0.0,0.0,160.0,0.0,0.0,
784,1000208047,銷套;握把(扶手);;20#;;GM67-KM;;,EA,0.0,360.0,0.0,0.0,142.0,0.0,218.0,
785,1000209313,過電流保護器;20A;125V/250V;RFLB-203-11A3N-B-A;,EA,0.0,11869.0,0.0,0.0,6943.0,0.0,4926.0,
786,1000209421,氣泡袋;車架;;450X850X1400;;,EA,0.0,3406.0,0.0,0.0,1850.0,0.0,1556.0,chênh lệch=550.00
787,1000209553,泡棉;高彈性;Φ30.4X5TX125L;GM59;-;,EA,0.0,309.0,0.0,0.0,194.0,0.0,115.0,
788,1000209571,護蓋;車架;亮銀;;烤漆;;GM59;,EA,0.0,1.0,0.0,0.0,0.0,0.0,1.0,thử khuôn/chưa nhập kho→tồn kho; tồn điều chỉnh (bù sản phẩm lỗi): delta=+1
789,1000209856,螺帽;特製;A;S45C;鍍鉻;M10x1.5P,EA,0.0,2880.0,0.0,0.0,0.0,0.0,2880.0,
790,1000210339,緩衝墊;腳踏板;左;NBR橡膠;黑色;;GM42;,EA,0.0,1200.0,0.0,0.0,620.0,0.0,580.0,chênh lệch=80.00
791,1000210340,緩衝墊;腳踏板;右;NBR橡膠;黑色;;GM42;,EA,0.0,478.0,0.0,0.0,248.0,0.0,230.0,
792,1000210343,緩衝墊;踏板;下;NBR橡膠;純黑色;;GM51;,EA,0.0,250.0,0.0,0.0,57.0,0.0,193.0,
793,1000210344,緩衝墊;踏板;右;NBR橡膠;純黑色;;GM53;,EA,0.0,191.0,0.0,0.0,117.0,0.0,74.0,
794,1000210345,緩衝墊;踏板;左;NBR橡膠;純黑色;;GM53;,EA,0.0,133.0,0.0,0.0,95.0,0.0,38.0,
795,1000210346,緩衝墊;腳踏板;上;NBR橡膠;純黑色;;GM53;,EA,0.0,133.0,0.0,0.0,95.0,0.0,38.0,
796,1000210348,緩衝墊;踏板;下;NBR橡膠;純黑色;;GM57;,EA,0.0,140.0,0.0,0.0,59.0,0.0,81.0,
797,1000210685,移動滾輪;;;PVC;純黑色;;GM49;,EA,0.0,413.0,0.0,0.0,241.0,0.0,172.0,chênh lệch=40.00
798,1000210973,導桿-加工;選擇片;;研磨;Φ19X2000L;MS21KM-G3;,EA,0.0,860.0,0.0,0.0,40.0,0.0,820.0,
799,1000210974,導桿-加工;選擇片;;研磨;Φ19X2180L;MS51KM-G3;,EA,0.0,680.0,0.0,0.0,80.0,0.0,600.0,
800,1000210975,導桿-加工;選擇片;;研磨;Φ19X1970L;MS53KM-G3;,EA,0.0,540.0,0.0,0.0,40.0,0.0,500.0,
801,1000211102,把手-加工;座椅;;包覆;31.8x55x81.6;GM40;,EA,0.0,1532.0,0.0,0.0,836.0,0.0,696.0,chênh lệch=40.00
802,1000211103,把手-加工;-;包覆;座椅;GM43;,EA,0.0,788.0,0.0,0.0,473.0,0.0,315.0,chênh lệch=40.00
803,1000211532,螺絲;圓頭;M10x1.5Px15L;-;六角承窩;-;鍍鉻;耐落;G12.9;,EA,0.0,215.0,0.0,0.0,215.0,0.0,0.0,
804,1000212012,旋轉臂;;Φ50.8x3.0Tx670L;左;;;GM50;,EA,0.0,10.0,0.0,0.0,10.0,0.0,0.0,
805,1000212013,旋轉臂;;Φ50.8x3.0Tx670L;右;;;GM50;,EA,0.0,50.0,0.0,0.0,20.0,0.0,30.0,
806,1000212014,旋轉臂;;Φ50.8x3.0Tx670L;左;;;GM51;,EA,0.0,160.0,0.0,0.0,20.0,0.0,140.0,
807,1000212015,旋轉臂;;Φ50.8x3.0Tx670L;右;;;GM51;,EA,0.0,160.0,0.0,0.0,20.0,0.0,140.0,
808,1000212332,裝飾貼標;圓形;GRAY 11C;PC;;;GM47;,EA,0.0,578.0,0.0,0.0,336.0,0.0,242.0,
809,1000212388,固定片;鋼索頭;;45#;19.5x19x8T;電著黑;GM40;,EA,0.0,5699.0,0.0,0.0,2693.0,0.0,3006.0,
810,1000213831,固定塊;鋼索(皮帶);;45#;鍍鎳;GM51;;,EA,0.0,500.0,0.0,0.0,142.0,0.0,358.0,
811,1000214669,SLEEVE;背墊;;20#;;GM40;Φ18x53;;,EA,0.0,8114.0,0.0,0.0,5398.0,0.0,2716.0,
812,1000215168,連接片;連接管;;SPHC;120x88x39x5T;;MS10;,EA,0.0,800.0,0.0,0.0,160.0,0.0,640.0,
813,1000215725,"選擇片組;半成品;;;10磅,4PCS/箱;;GM59-KM;",EA,0.0,76.0,0.0,0.0,76.0,0.0,0.0,
814,1000215726,"選擇片組;半成品;;;15磅,5PCS/箱;;GM59-KM;",EA,0.0,62.0,0.0,0.0,62.0,0.0,0.0,
815,1000215738,螺帽;飾蓋;;S45C;;EP304,EA,0.0,880.0,0.0,0.0,0.0,0.0,880.0,
816,1000216132,配重塊;-;14.5KG;-;-;HT200;,EA,0.0,853.0,0.0,0.0,637.0,0.0,216.0,
817,1000216133,配重塊;;10.4KG;;黑色沙紋漆;HT200;GM61;,EA,0.0,591.0,0.0,0.0,301.0,0.0,290.0,
818,1000216586,墊圈;平;Φ10.2XΦ19.0X2.0T;-;電著;;;,EA,0.0,640.0,0.0,0.0,0.0,0.0,640.0,
819,1000217438,拉銷把柄;;;尼龍+30%玻纖;137C;Φ45X30L;GM59;,EA,0.0,1230.0,0.0,0.0,765.0,0.0,465.0,chênh lệch=40.00
820,1000217603,止檔片;感應線;;SPHC;29x9x0.5;鍍白鋅;GM40;,EA,0.0,11742.0,0.0,0.0,6375.0,0.0,5367.0,
821,1000217898,心軸;握把(扶手);;20#;鍍鋅;GM67;;,EA,0.0,340.0,0.0,0.0,208.0,0.0,132.0,
822,1000218630,警告貼標;拉銷;77.0x26.0x0.25;;PC;;;MS20,EA,0.0,400.0,0.0,0.0,80.0,0.0,320.0,
823,1000219139,固定片;座椅;後;SPHC;254x50x8T;;GM44;,EA,0.0,314.0,0.0,0.0,244.0,0.0,70.0,
824,1000219244,警告貼標;;防小孩窒息;;;;EN/DE/FR;,EA,0.0,3600.0,0.0,0.0,0.0,0.0,3600.0,
825,1000222213,選擇片組;半成品;;;15磅;;GM59-KM;4片/箱,EA,0.0,259.0,0.0,0.0,259.0,0.0,0.0,
826,1000222320,螺絲;圓柱;M5x25L;-;六角承窩;-;鍍鉻;耐落;-;,EA,0.0,1618.0,0.0,0.0,744.0,0.0,874.0,
827,1000222321,指示貼標;重量;;;;;;MS10-KM;,EA,0.0,160.0,0.0,0.0,40.0,0.0,120.0,
828,1000222322,指示貼標;重量;選擇片 20P;;;;;MS11-KM;,EA,0.0,249.0,0.0,0.0,40.0,0.0,209.0,
829,1000223112,管;橢圓管;Φ50.0X150.0X3.0TX5000L;;;STK41;;,EA,0.0,108.0,0.0,0.0,87.75,0.0,20.25,
830,1000223901,外紙箱;基座;;1700x1140x670;;GM61-KM;,EA,0.0,1.0,0.0,0.0,0.0,0.0,1.0,thử khuôn/chưa nhập kho→tồn kho; tồn điều chỉnh (bù sản phẩm lỗi): delta=+1
831,1000223912,紙箱;護蓋;-;;GM59-KM;,EA,0.0,6.0,0.0,0.0,0.0,0.0,6.0,thử khuôn/chưa nhập kho→tồn kho; tồn điều chỉnh (bù sản phẩm lỗi): delta=+6
832,1000223914,外紙箱;基座;;;GM64-KM;,EA,0.0,1.0,0.0,0.0,0.0,0.0,1.0,thử khuôn/chưa nhập kho→tồn kho; tồn điều chỉnh (bù sản phẩm lỗi): delta=+1
833,1000224684,螺絲;圓頭;M10x1.5Px125L;-;六角承窩;-;鍍鉻;耐落;G12.9,EA,0.0,578.0,0.0,0.0,314.0,0.0,264.0,
834,1000224767,塑膠蓋;;;PP;;;;,EA,0.0,5700.0,0.0,0.0,2636.0,0.0,3064.0,
835,1000226824,螺絲;埋頭;M6x15L;-;六角承窩;-;鍍鉻;耐落;-;,EA,0.0,539.0,0.0,0.0,159.0,0.0,380.0,
836,1000226931,管;正方型;STK41;□45.0X45.0X3.0TX5000;;,EA,0.0,247.0,0.0,0.0,179.1,0.0,67.9,
837,1000227226,墊圈;平;Φ10.5xΦ25.0x1.0T;尼龍+S2Mo;;,EA,0.0,29900.0,0.0,0.0,12920.0,0.0,16980.0,
838,1000227460,墊圈;平;Φ21.2xΦ40.0x2.0T;尼龍+S2Mo;;,EA,0.0,1280.0,0.0,0.0,0.0,0.0,1280.0,
839,1000228915,棧板;EP567;,EA,0.0,272.0,0.0,0.0,269.0,0.0,3.0,
840,1000229322,套筒;;;Q195;烤漆;GM42;;,EA,0.0,280.0,0.0,0.0,118.0,0.0,162.0,
841,1000230613,套筒;滑輪;;20#;;GM59;;,EA,0.0,1718.0,0.0,0.0,1250.0,0.0,468.0,
842,1000230891,螺絲;止付;M10x1.5Px65L;-;六角承窩;-;-;特製;-;平頂,EA,0.0,1686.0,0.0,0.0,1037.0,0.0,649.0,
843,1000231078,螺絲;傘頭;Φ5x1.6Px12L;高低牙;十字;;鍍黑鋅;;;,EA,0.0,2117.0,0.0,0.0,482.0,0.0,1635.0,
844,1000231246,安全開關固定片組;;;;TM501-1US;;,EA,0.0,12403.0,0.0,0.0,6933.0,0.0,5470.0,
845,1000231536,紮線帶;插銷式;;4mmx300mm;,EA,0.0,720.0,0.0,0.0,0.0,0.0,720.0,
846,1000231572,螺絲;圓柱;M10x1.5Px20L;;六角承窩;;鍍鉻;耐落;G12.9;,EA,0.0,1945.0,0.0,0.0,652.0,0.0,1293.0,
847,1000232864,永久磁鐵;;;;;1500高斯;插銷;GM59;,EA,0.0,20440.0,0.0,0.0,1230.0,0.0,19210.0,chênh lệch=40.00
848,1000232960,控制器;磁控發電機;;H001;S011/ErP-S106;;EP304B;,EA,0.0,720.0,0.0,0.0,0.0,0.0,720.0,
849,1000233200,塑膠蓋;腳墊;下;NBR橡膠;純黑色;;GM59;,EA,0.0,60353.0,0.0,0.0,31561.0,0.0,28792.0,chênh lệch=240.00
850,1000233334,固定片;支撐管;下;SPHC;95.0x40.0x25.0x5.0T;;FW40,EA,0.0,270.0,0.0,0.0,20.0,0.0,250.0,
851,1000233513,紮線帶;活用式;KSS HV-250SBK;250L;尼龍,EA,0.0,1440.0,0.0,0.0,0.0,0.0,1440.0,
852,1000300392,管;圓型;SPHC;Φ76.2x3.0Tx4500L;;,EA,0.0,24.0,0.0,0.0,0.9450000000000003,0.0,23.055,
853,1000301580,指示貼標;;;透明;;左;;EP558,EA,0.0,540.0,0.0,0.0,0.0,0.0,540.0,
854,1000301581,指示貼標;;;透明;;右;;EP558,EA,0.0,540.0,0.0,0.0,0.0,0.0,540.0,
855,1000301975,警告貼標;馬達;;;;;;T80,EA,0.0,6700.0,0.0,0.0,3030.0,0.0,3670.0,
856,1000302205,飛輪;;φ190x94L;;;鑄鐵;,EA,0.0,7906.0,0.0,0.0,3530.0,0.0,4376.0,
857,1000302622,濾波器板組;;;L063B2 H002;;;EP304;,EA,0.0,1020.0,0.0,0.0,0.0,0.0,1020.0,chênh lệch=1000.00; tồn điều chỉnh (Đã khai báo hải quan nhưng chưa nhập sổ): delta=+1000
858,1000303167,螺絲套;馬達;;尼龍 PA6;純黑色;;TM445-1US;黑色,EA,0.0,47436.0,0.0,0.0,27732.0,0.0,19704.0,
859,1000303546,塑膠墊;腳墊;下;PP;黑色427;;GM59;,EA,0.0,12421.0,0.0,0.0,6152.0,0.0,6269.0,
860,1000303832,連接座;擺臂;EP591;;;ADC12;,EA,0.0,640.0,0.0,0.0,0.0,0.0,640.0,
861,1000304394,套筒;圓墊;;硬質PVC;深灰;;GM42;,EA,0.0,130.0,0.0,0.0,35.0,0.0,95.0,
862,1000304814,管;橢圓型;SPHC;Φ50xΦ200x2.5Tx5300;;,EA,0.0,300.0,0.0,0.0,212.0,0.0,88.0,
863,1000304912,腳墊;調整座;;PA6;;深灰PANTONE BLACK 6C;FW201;,EA,0.0,10621.0,0.0,0.0,6748.0,0.0,3873.0,
864,1000304951,橡膠套;腳墊;;TPE;;Pantone 446C;FW201-KM;,EA,0.0,12218.0,0.0,0.0,6741.0,0.0,5477.0,
865,1000304988,端蓋;支撐管;;PA6+15%玻纖;深灰 Pantone 446C;;FW225,EA,0.0,1168.0,0.0,0.0,0.0,0.0,1168.0,
866,1000304992,"背墊;;PU,Vesicant;黑色;南亞;FW201-KM",EA,0.0,2060.0,0.0,0.0,1844.0,0.0,216.0,
867,1000304993,護蓋;背板;;ABS;深灰 Pantone 446C;;FW201;,EA,0.0,4614.0,0.0,0.0,2101.0,0.0,2513.0,
868,1000304995,橡膠套;掛棒;;NBR橡膠;黑色/Black C;;FW225-KM;,EA,0.0,1.0,0.0,0.0,0.0,0.0,1.0,
869,1000304996,"頭墊;;PU,發泡;黑色;南亞;FW201-KM",EA,0.0,1927.0,0.0,0.0,1600.0,0.0,327.0,
870,1000305004,塑膠蓋;背板;;ABS/PA746;深灰 Pantone 446C;;FW201,EA,0.0,5343.0,0.0,0.0,2118.0,0.0,3225.0,
871,1000305028,固定座;調整機構;ZG20;;ZG20,EA,0.0,3664.0,0.0,0.0,2742.0,0.0,922.0,
872,1000305030,塑膠蓋;腳墊;下;TPE;深灰 Pantone 446C;;FW201-KM;,EA,0.0,4646.0,0.0,0.0,3586.0,0.0,1060.0,chênh lệch=1024.00
873,1000305031,護套;掛棒;1;;深灰 Pantone 446C;PU/DOW  2103-65,EA,0.0,3072.0,0.0,0.0,2555.0,0.0,517.0,
874,1000305041,護套;掛棒;2;;深灰 Pantone 446C;PU/DOW  2103-65,EA,0.0,3554.0,0.0,0.0,2516.0,0.0,1038.0,
875,1000305044,護套;掛棒;3;;深灰 Pantone 446C;PU/DOW  2103-65,EA,0.0,6828.0,0.0,0.0,5172.0,0.0,1656.0,
876,1000305047,護套;掛棒;;;深灰 Pantone 446C;PU/DOW  2103-65D,EA,0.0,2908.0,0.0,0.0,1176.0,0.0,1732.0,
877,1000305050,護套;掛棒;;;深灰 Pantone 446C;PU/DOW  2103-65D,EA,0.0,4902.0,0.0,0.0,2593.0,0.0,2309.0,
878,1000305124,端蓋;掛棒;;PA6+ABS;;PANTONE 446C/137C;FW201-,EA,0.0,1000.0,0.0,0.0,0.0,0.0,1000.0,
879,1000305125,護套;掛棒;;NBR橡膠;;PANTONE BLACK 6C;;FW201-KM,EA,0.0,29620.0,0.0,0.0,9380.0,0.0,20240.0,
880,1000305186,腳墊;移動輪;左;PA6+15%玻纖;深灰 Pantone 446C;;FW21,EA,0.0,584.0,0.0,0.0,39.0,0.0,545.0,
881,1000305187,腳墊;移動輪;右;PA6+15%玻纖;深灰 Pantone 446C;;FW21,EA,0.0,584.0,0.0,0.0,39.0,0.0,545.0,
882,1000305258,端蓋;;;ABS 746;;PP+TPE;;Φ76.2;FW202-KM;MAT,EA,0.0,2798.0,0.0,0.0,1458.0,0.0,1340.0,
883,1000305375,"座墊;下;PU,Vesicant;黑色;南亞;FW203-KM",EA,0.0,389.0,0.0,0.0,317.0,0.0,72.0,
884,1000305377,護蓋;背板;;ABS/PA746;深灰 Pantone 446C;;FW203-,EA,0.0,673.0,0.0,0.0,372.0,0.0,301.0,
885,1000305389,塑膠蓋;車架;;;;MC NYLON;PANTONE 6C;FW208-KM;,EA,0.0,218.0,0.0,0.0,54.0,0.0,164.0,
886,1000305393,止擋銷;;;45#;鍍鉻;FW203-KM;;,EA,0.0,1274.0,0.0,0.0,372.0,0.0,902.0,
887,1000305397,彈簧;渦旋;Φ2.0XΦ22.05;40MN;鍍鉻;FW203;,EA,0.0,567.0,0.0,0.0,372.0,0.0,195.0,
888,1000305398,彈簧;渦旋;Φ2.0xΦ22.05;40MN;鍍鉻;FW203;,EA,0.0,773.0,0.0,0.0,372.0,0.0,401.0,
889,1000305427,腳墊;;;橡膠(SBR);;;FW203-KM;,EA,0.0,641.0,0.0,0.0,484.0,0.0,157.0,
890,1000305800,"壓腿墊;;PU,發泡;黑色;南亞;FW212-KM",EA,0.0,652.0,0.0,0.0,349.0,0.0,303.0,
891,1000305808,固定片;背墊;;SPHC;176x50x6.0T;;FW201;,EA,0.0,800.0,0.0,0.0,601.0,0.0,199.0,
892,1000305809,"座墊;;PU,發泡;黑色;南亞;FW216-KM",EA,0.0,292.0,0.0,0.0,150.0,0.0,142.0,
893,1000305826,"背墊;;PU,發泡;黑色;南亞;FW205-KM",EA,0.0,292.0,0.0,0.0,175.0,0.0,117.0,
894,1000305848,Logo底蓋;LOGO;;NYLON 6;深灰 Pantone 446C;;FW,EA,0.0,425.0,0.0,0.0,187.0,0.0,238.0,
895,1000305926,護蓋板;背板;;ABS/PA746;深灰 Pantone 446C;;FW207,EA,0.0,1850.0,0.0,0.0,839.0,0.0,1011.0,chênh lệch=80.00
896,1000305966,端蓋;掛棒;;;;PA6/ABS;Pantone446C/137C;FW201-,EA,0.0,4632.0,0.0,0.0,1876.0,0.0,2756.0,
897,1000305968,塑膠蓋;掛棒;;;;PA6/ABS;Pantone446C/137C;FW201,EA,0.0,4632.0,0.0,0.0,1876.0,0.0,2756.0,
898,1000305970,端蓋;掛棒;;;;PA6/ABS;Pantone446C/137C;FW201-,EA,0.0,4294.0,0.0,0.0,1876.0,0.0,2418.0,
899,1000305972,端蓋;掛棒;;;;PA6/ABS;Pantone446C/137C;FW201-,EA,0.0,4632.0,0.0,0.0,1876.0,0.0,2756.0,
900,1000305974,端蓋;掛棒;;;;PA6/ABS;Pantone446C/137C;FW201-,EA,0.0,4632.0,0.0,0.0,1876.0,0.0,2756.0,
901,1000306007,固定片;止擋塊;;SPHC;45x6.0T;;FW202;,EA,0.0,620.0,0.0,0.0,138.0,0.0,482.0,
902,1000306098,塑膠蓋;調節機構;;ABS/PA746;;PANTONE 6C BLACK;FW,EA,0.0,773.0,0.0,0.0,343.0,0.0,430.0,
903,1000306099,把手-加工;調整;;鍍鉻;;FW203-KM;,EA,0.0,866.0,0.0,0.0,372.0,0.0,494.0,
904,1000306748,泡棉;;;Φ40.4X5.0TX280L;握把;FW229,EA,0.0,1322.0,0.0,0.0,208.0,0.0,1114.0,
905,1000306755,軸承;;UCP 205B1;Φ25;,EA,0.0,3008.0,0.0,0.0,1418.0,0.0,1590.0,
906,1000306779,指示貼標;胸墊調整;;;PC;;;GM112;,EA,0.0,281.0,0.0,0.0,163.0,0.0,118.0,
907,1000307173,塑膠蓋;螺帽;;;;;;,EA,0.0,1360.0,0.0,0.0,280.0,0.0,1080.0,chênh lệch=160.00
908,1000307771,銷;彈簧銷;Φ3.0X14L;;電著黑;,EA,0.0,1553.0,0.0,0.0,679.0,0.0,874.0,chênh lệch=80.00
909,1000307959,包裝附件組;零件盒;;;;FW201,EA,0.0,589.0,0.0,0.0,300.0,0.0,289.0,
910,1000307960,包裝附件組;零件盒;;;;FW203,EA,0.0,321.0,0.0,0.0,212.0,0.0,109.0,
911,1000309347,角紙;;;60x60x5Tx243;;FW217-KM,EA,0.0,1200.0,0.0,0.0,240.0,0.0,960.0,
912,1000309415,棧板;;;1525X1375X140;;,EA,0.0,50.0,0.0,0.0,43.0,0.0,7.0,chênh lệch=18.00
913,1000309879,外紙箱;;;2525x1380x355;;FW223-KM;,EA,0.0,4.0,0.0,0.0,0.0,0.0,4.0,thử khuôn/chưa nhập kho→tồn kho; tồn điều chỉnh (bù sản phẩm lỗi): delta=+4
914,1000309882,保麗龍組;;;;;FW223;,EA,0.0,3.0,0.0,0.0,0.0,0.0,3.0,thử khuôn/chưa nhập kho→tồn kho; tồn điều chỉnh (bù sản phẩm lỗi): delta=+3
915,1000312722,扣環;X型;;SPCC;鍍白鋅;,EA,0.0,280.0,0.0,0.0,196.0,0.0,84.0,
916,1000313185,螺絲;圓柱;M10x1.5Px45L-35L;;六角承窩;;鍍黑鋅;半牙;G12,EA,0.0,640.0,0.0,0.0,0.0,0.0,640.0,
917,1000313386,外紙箱;;;1090x805x960;;FW224;,EA,0.0,4.0,0.0,0.0,0.0,0.0,4.0,thử khuôn/chưa nhập kho→tồn kho; tồn điều chỉnh (bù sản phẩm lỗi): delta=+4
918,1000316670,棧板;;;1320x940x120;膠合板;EP548B,EA,0.0,23.0,0.0,0.0,22.0,0.0,1.0,chênh lệch=2.00
919,1000317877,襯套;固定管;;POM(塑膠鋼);深灰;;GM43;,EA,0.0,585.0,0.0,0.0,377.0,0.0,208.0,
920,1000317921,電源開關;;不帶燈;125V/250V;20A;R210-1C5N-BB9-NW,EA,0.0,11859.0,0.0,0.0,6933.0,0.0,4926.0,
921,1000318265,管;握把;Φ25.4x3.0tx1060L;;;;GM53,EA,0.0,50.0,0.0,0.0,50.0,0.0,0.0,
922,1000318295,上層選擇片組-加工;;;;;MS11;,EA,0.0,280.0,0.0,0.0,80.0,0.0,200.0,
923,1000318313,上層選擇片組-加工;;;;;MS51;,EA,0.0,257.0,0.0,0.0,40.0,0.0,217.0,
924,1000318314,上層選擇片組-加工;;;;;MS52;,EA,0.0,170.0,0.0,0.0,20.0,0.0,150.0,
925,1000318892,塑膠墊;;;POM(塑膠鋼);黑色/Black C;;FW212-KM;,EA,0.0,5124.0,0.0,0.0,2768.0,0.0,2356.0,
926,1000319078,"壓腿墊;;PU,發泡;美國紅;南亞;FW212-KM",EA,0.0,16.0,0.0,0.0,16.0,0.0,0.0,
927,1000319257,"背墊;;PU,發泡;美國紅;南亞;FW201-KM",EA,0.0,91.0,0.0,0.0,91.0,0.0,0.0,
928,1000319259,"頭墊;;PU,發泡;美國紅;南亞;FW201-KM",EA,0.0,69.0,0.0,0.0,69.0,0.0,0.0,
929,1000319288,"座墊;下;PU,發泡;美國紅;南亞;FW203-KM",EA,0.0,31.0,0.0,0.0,27.0,0.0,4.0,
930,1000319293,"背墊;;PU,發泡;美國紅;南亞;FW205-KM",EA,0.0,13.0,0.0,0.0,10.0,0.0,3.0,
931,1000319296,"座墊;;PU,發泡;美國紅;南亞;FW216-KM",EA,0.0,12.0,0.0,0.0,12.0,0.0,0.0,
932,1000324393,螺絲;埋頭;M8x1.25Px40L;;六角承窩;;鍍黑鋅;;G10.9;,EA,0.0,10400.0,0.0,0.0,6000.0,0.0,4400.0,
933,1000324927,插頁;組裝;;英文;扭力;GM01,EA,0.0,30.0,0.0,0.0,0.0,0.0,30.0,
934,1000325798,軸承;滾珠;6004ZZ;Ψ20XΨ42X12T;長城;,EA,0.0,66.0,0.0,0.0,16.0,0.0,50.0,
935,1000327349,棧板;;;2290x915x110;;,EA,0.0,1531.0,0.0,0.0,1505.0,0.0,26.0,chênh lệch=20.00
936,1000328440,貼標;重量;25lbs;;;;;FW13B-KM,EA,0.0,418.0,0.0,0.0,0.0,0.0,418.0,chênh lệch=100.00; tồn điều chỉnh (Đã nhập kho nhưng chưa khai báo): delta=-100
937,1000328441,貼標;重量;45lbs;;;;;FW13B-KM,EA,0.0,1940.0,0.0,0.0,524.0,0.0,1416.0,
938,1000331674,棧板;;;1800x1140x125;;EP580-KM;,EA,0.0,69.0,0.0,0.0,59.0,0.0,10.0,
939,1000333566,軸承;線性;KS30-PP;;;INA;,EA,0.0,560.0,0.0,0.0,236.0,0.0,324.0,
940,1000334511,橡膠腳墊;基座;;PVC;黑色/Black C;Ø80*12;GM40;,EA,0.0,3649.0,0.0,0.0,2321.0,0.0,1328.0,chênh lệch=40.00
941,1000334512,橡膠腳墊;腳踏管;;PVC;黑色/Black C;;GM42;,EA,0.0,1601.0,0.0,0.0,746.0,0.0,855.0,chênh lệch=80.00
942,1000338069,粉體塗料;PF紫色;B3060,EA,0.0,16360.0,0.0,0.0,8288.957,0.0,8071.043,
943,1000340102,棧板組;;;1150X1050X140;膠合棧板;,EA,0.0,20.0,0.0,0.0,20.0,0.0,0.0,chênh lệch=20.00
944,1000341816,搖臂管;;Φ30x60x2.0Tx1111L;左;;Q195;EP589,EA,0.0,20.0,0.0,0.0,0.0,0.0,20.0,
945,1000341820,固定片;腳踏板;上;SPHC;381.7x172.0x27.0x4.0T;;EP,EA,0.0,1440.0,0.0,0.0,0.0,0.0,1440.0,
946,1000341823,固定片;腳踏板;下;SPHC;250.0x67.0x102.0x4.0T;;EP,EA,0.0,1440.0,0.0,0.0,0.0,0.0,1440.0,
947,1000341824,補強片;腳踏板;;SPHC;173.5x66.5x5.0T;;EP589;,EA,0.0,1440.0,0.0,0.0,0.0,0.0,1440.0,
948,1000341843,搖臂管;;Φ30x60x2.0Tx1111L;右;;Q195;EP589,EA,0.0,20.0,0.0,0.0,0.0,0.0,20.0,
949,1000341855,"連接片;擺臂;前;;SPHC-P,酸洗板,67.0x51.5x40.0x5.0T",EA,0.0,640.0,0.0,0.0,0.0,0.0,640.0,
950,1000341861,心軸;擺臂;;20#;鍍鋅;EP589;,EA,0.0,640.0,0.0,0.0,0.0,0.0,640.0,
951,1000343262,螺絲-加工;;;研磨;;TM512;,EA,0.0,23412.0,0.0,0.0,13923.0,0.0,9489.0,
952,1000344796,絕緣片;PET;12Wx40Lx0.2T;GM電池盒用;GM40;,EA,0.0,3954.0,0.0,0.0,2165.0,0.0,1789.0,chênh lệch=40.00
953,1000345425,止擋環;導桿;;45#;鍍鉻;GM41;;,EA,0.0,7828.0,0.0,0.0,3516.0,0.0,4312.0,chênh lệch=80.00
954,1000345616,連接軸;桿端軸承;;20#;塗防鏽油;EP589;;,EA,0.0,1478.0,0.0,0.0,0.0,0.0,1478.0,
955,1000345659,端塞;橢圓管;;TPU包覆射出;深灰色;Φ50.0x120.0x3.0t;PL2,EA,0.0,967.0,0.0,0.0,869.0,0.0,98.0,
956,1000346007,主基管;車架;口50x100x2.0tx674L;;;;EP591,EA,0.0,20.0,0.0,0.0,0.0,0.0,20.0,
957,1000346008,固定管;五通管;口50.0x100x2.0Tx580L;;;;EP591;,EA,0.0,20.0,0.0,0.0,0.0,0.0,20.0,
958,1000346146,管;異形;STK400;40.0x61.3x150.0x2.5Tx5800;;,EA,0.0,1600.0,0.0,0.0,440.0,0.0,1160.0,
959,1000346714,護蓋;;前上;ABS/PA757;Q520-7-3;;CB171;,EA,0.0,1.0,0.0,0.0,0.0,0.0,1.0,thử khuôn/chưa nhập kho→tồn kho; tồn điều chỉnh (bù sản phẩm lỗi): delta=+1
960,1000346715,護蓋;;後上;ABS/PA757;Q520-7-3;;CB171;,EA,0.0,1.0,0.0,0.0,0.0,0.0,1.0,thử khuôn/chưa nhập kho→tồn kho; tồn điều chỉnh (bù sản phẩm lỗi): delta=+1
961,1000346840,連接片;基座;;SPHC;T=6.0;;GM124;,EA,0.0,180.0,0.0,0.0,59.0,0.0,121.0,
962,1000346841,擋板;軸承;;SPHC;∅35.0x5.0T;;GM124;滾花,EA,0.0,8533.0,0.0,0.0,4348.0,0.0,4185.0,
963,1000346843,連接片;固定座;;SPHC;75.0x75.0x8.0T;;GM124;,EA,0.0,212.0,0.0,0.0,148.0,0.0,64.0,
964,1000346845,軸套;轉臂;;20#;;GM124;Φ50.8xΦ38.0x95.0L;,EA,0.0,424.0,0.0,0.0,308.0,0.0,116.0,
965,1000346851,連接管;擺臂;φ40xφ80x3.0x355;;;Q195;,EA,0.0,382.0,0.0,0.0,254.0,0.0,128.0,
966,1000346852,連接片;擺臂;右外;SPHC;T=6.0;;GM124;,EA,0.0,211.0,0.0,0.0,148.0,0.0,63.0,
967,1000346853,軸心;擺臂;;20#;;GM124;Φ25.0x218;,EA,0.0,250.0,0.0,0.0,154.0,0.0,96.0,
968,1000346854,連接片;擺臂;右內;;T=6.0;;GM124;,EA,0.0,211.0,0.0,0.0,154.0,0.0,57.0,
969,1000346855,套筒;;;20#;;GM124;Φ70.0x180.0L;轉軸;,EA,0.0,212.0,0.0,0.0,154.0,0.0,58.0,
970,1000346856,轉軸;;右;20CrMo;;GM124;Φ35.0x302;轉;,EA,0.0,224.0,0.0,0.0,154.0,0.0,70.0,
971,1000347009,鎖固片;;;SPHC;175.6x138.4x104.7x10.0t;;PL50,EA,0.0,500.0,0.0,0.0,104.0,0.0,396.0,
972,1000347033,支撐管;車架;口50x100x2.0Tx754.6L;前;;;EP591;,EA,0.0,20.0,0.0,0.0,0.0,0.0,20.0,
973,1000347075,支撐管;車架;□50.0x50.0x2.0Tx368.6L;;;;EP591;,EA,0.0,20.0,0.0,0.0,0.0,0.0,20.0,
974,1000347078,連接管;車架;φ50.8x2.0Tx446.7L;後;;;EP591;,EA,0.0,20.0,0.0,0.0,0.0,0.0,20.0,
975,1000347079,包裝附件組;靠墊;;;;PL50B;,EA,0.0,129.0,0.0,0.0,104.0,0.0,25.0,122/123=điều chỉnh; chênh lệch=1.00
976,1000347087,支撐管;五通管;口50.0x100x2.0Tx246.5L;;;;EP591;,EA,0.0,20.0,0.0,0.0,0.0,0.0,20.0,
977,1000347097,貼地桿;車架;口40x60x150x2.5Tx590L;前;;;EP591;,EA,0.0,720.0,0.0,0.0,0.0,0.0,720.0,
978,1000347098,固定片;磁控;;SPHC;153.5x162.5x23.5x6.0T;;EP59,EA,0.0,1440.0,0.0,0.0,0.0,0.0,1440.0,
979,1000347099,連接片;車架連接;;SPHC;365x135x18.5x5.0T;;EP591;,EA,0.0,720.0,0.0,0.0,0.0,0.0,720.0,
980,1000347100,固定片;電池;;SPHC;39.6x101.2x28x1.6T;;EP591;,EA,0.0,720.0,0.0,0.0,0.0,0.0,720.0,
981,1000347101,固定片;電源插座;左;SPHC;65x30x38.7x1.6T;;EP591;,EA,0.0,720.0,0.0,0.0,0.0,0.0,720.0,
982,1000347103,五通管;曲柄;前;20#;塗防鏽油;EP591;Φ76x101L;,EA,0.0,720.0,0.0,0.0,0.0,0.0,720.0,
983,1000347201,端塞;拉帽;;PP;黑色;;GM40;注塑,EA,0.0,950.0,0.0,0.0,551.0,0.0,399.0,
984,1000347202,水壺架;;;ABS防火;黑色/Black C;;GM01;,EA,0.0,920.0,0.0,0.0,80.0,0.0,840.0,
985,1000347213,水壺架 ;;;ABS/PA757;灰色;;EP591;,EA,0.0,720.0,0.0,0.0,0.0,0.0,720.0,
986,1000347218,固定管;儀表桿;Φ76.2x3.0Tx313.5L;中;;;EP591,EA,0.0,720.0,0.0,0.0,0.0,0.0,720.0,
987,1000347220,固定片;連接桿;;SPHC;71x40x4.0T;;EP591;,EA,0.0,1440.0,0.0,0.0,0.0,0.0,1440.0,
988,1000347224,連接片;儀表桿;下;SPHC;178.4x139.4x7x2.0T;;EP591,EA,0.0,720.0,0.0,0.0,0.0,0.0,720.0,
989,1000347259,擺臂管;;ψ30x70x2.0Tx843L;;;;EP591,EA,0.0,40.0,0.0,0.0,0.0,0.0,40.0,
990,1000347261,護蓋;擺臂;內;ABS/PA757;灰色;;EP591;,EA,0.0,640.0,0.0,0.0,0.0,0.0,640.0,
991,1000347262,護蓋;擺臂;外;ABS/PA757;灰色;;EP591;,EA,0.0,640.0,0.0,0.0,0.0,0.0,640.0,
992,1000347281,軸承組;;;;桿端;;EP591;,EA,0.0,1440.0,0.0,0.0,0.0,0.0,1440.0,
993,1000347284,護蓋;搖臂;內;ABS/PA757;灰色;;EP591;,EA,0.0,1440.0,0.0,0.0,0.0,0.0,1440.0,
994,1000347285,護蓋;搖臂;外;ABS/PA757;灰色;;EP591;,EA,0.0,1440.0,0.0,0.0,0.0,0.0,1440.0,
995,1000347291,連接臂;;φ50.8x2.0Tx1300L;左;;;EP591;,EA,0.0,20.0,0.0,0.0,0.0,0.0,20.0,
996,1000347292,連接臂;;φ50.8x2.0Tx1300L;右;;;EP591;,EA,0.0,20.0,0.0,0.0,0.0,0.0,20.0,
997,1000347293,連接片;連接臂;後;SPHC;132x90x57x4.0T;;EP591;,EA,0.0,1440.0,0.0,0.0,0.0,0.0,1440.0,
998,1000347294,連接片;連接臂;前;SPHC;45x72x92x5.0T;;EP591;,EA,0.0,1440.0,0.0,0.0,0.0,0.0,1440.0,
999,1000347295,固定柱;連接臂;後;20#;塗防鏽油;EP591;Φ20x50L;,EA,0.0,1440.0,0.0,0.0,0.0,0.0,1440.0,
1000,1000347296,護蓋;扶手;後;ABS/PA757;Q520-7-3;;EP591;,EA,0.0,1160.0,0.0,0.0,0.0,0.0,1160.0,
1001,1000347301,擺動管;;φ40x80x3.0Tx805L;;;;EP591,EA,0.0,40.0,0.0,0.0,0.0,0.0,40.0,
1002,1000347302,SLEEVE;擺動臂;上;20#;塗防鏽油;EP591;Φ58x65.4L;,EA,0.0,1440.0,0.0,0.0,0.0,0.0,1440.0,
1003,1000347303,心軸;擺動臂;內;45#;塗防鏽油;EP591;Φ25x55.4L;鍍白鋅,EA,0.0,1440.0,0.0,0.0,0.0,0.0,1440.0,
1004,1000347312,軸套;調整臂;;20#;塗防鏽油;EP591;Φ45x56.5L;,EA,0.0,1440.0,0.0,0.0,0.0,0.0,1440.0,
1005,1000347313,心軸;調整臂;;45#;;EP591;Φ25xΦ10.5x57.2L;鍍鋅,EA,0.0,1440.0,0.0,0.0,0.0,0.0,1440.0,
1006,1000347314,襯套;;GFM-2528-11;;;IGUS；EP591,EA,0.0,2080.0,0.0,0.0,0.0,0.0,2080.0,
1007,1000347317,曲柄組;;;焊接;;EP591;,EA,0.0,640.0,0.0,0.0,0.0,0.0,640.0,
1008,1000347320,連接軸;擺臂;後;20#;塗防鏽油;EP591;Φ20x89.5L;,EA,0.0,1440.0,0.0,0.0,0.0,0.0,1440.0,
1009,1000347321,間隔環;擺臂;;45#;;EP591;Φ30.5xΦ25.3x27L;鍍鋅,EA,0.0,640.0,0.0,0.0,0.0,0.0,640.0,
1010,1000347324,側護蓋;;右;ABS/PA757;灰色;;EP591;,EA,0.0,720.0,0.0,0.0,0.0,0.0,720.0,
1011,1000347325,側護蓋;;左;ABS/PA757;灰色;;EP591;,EA,0.0,720.0,0.0,0.0,0.0,0.0,720.0,
1012,1000347326,護蓋;裝飾;前;ABS/PA757;;;EP591;60461亮灰色,EA,0.0,720.0,0.0,0.0,0.0,0.0,720.0,
1013,1000347327,護蓋;裝飾;後;ABS/PA757;Q520-7-3;;EP591;,EA,0.0,720.0,0.0,0.0,0.0,0.0,720.0,
1014,1000347328,遮蓋片;固定;後;ABS/PA757;灰色;;EP591;,EA,0.0,720.0,0.0,0.0,0.0,0.0,720.0,
1015,1000347329,護套;連接管;右;TPE;Q520-7-3;;EP591;,EA,0.0,720.0,0.0,0.0,0.0,0.0,720.0,
1016,1000347331,護套;連接管;右;TPE;Q520-7-3;二;EP591;,EA,0.0,720.0,0.0,0.0,0.0,0.0,720.0,
1017,1000347332,裝飾護蓋;車架;下;ABS/PA757;灰色;80435;EP591;,EA,0.0,720.0,0.0,0.0,0.0,0.0,720.0,
1018,1000347333,側護蓋;側蓋;右;ABS/PA757;灰色;;EP591;,EA,0.0,720.0,0.0,0.0,0.0,0.0,720.0,
1019,1000347334,側護蓋;側蓋;左;ABS/PA757;灰色;;EP591;,EA,0.0,720.0,0.0,0.0,0.0,0.0,720.0,
1020,1000347338,傳動軸;主軸;;42CrMo;塗防鏽油;EP591;;,EA,0.0,720.0,0.0,0.0,0.0,0.0,720.0,
1021,1000347794,擺臂管;擺臂;φ60x3.0tx1335L;左;;;PL02B-KM,EA,0.0,6.0,0.0,0.0,6.0,0.0,0.0,
1022,1000347854,握把;擺臂;φ31.8X718L;;;;PL02B-KM,EA,0.0,1542.0,0.0,0.0,724.0,0.0,818.0,
1023,1000347858,擺臂管;擺臂;φ60x3.0tx1135L;右;;Q195;PL02B-KM,EA,0.0,4.0,0.0,0.0,4.0,0.0,0.0,
1024,1000348099,加強筋;;;SPHC;36.9x63.8x10t;;PL09BKM-G3;,EA,0.0,476.0,0.0,0.0,0.0,0.0,476.0,
1025,1000348228,護套;連接管;左;TPE;Q520-7-3;;EP591;,EA,0.0,720.0,0.0,0.0,0.0,0.0,720.0,
1026,1000348230,護套;連接管;左;TPE;Q520-7-3;二;EP591;,EA,0.0,720.0,0.0,0.0,0.0,0.0,720.0,
1027,1000348335,軸承;滾珠;6206LUZ(C3);Φ30XΦ62X16T;TPI;,EA,0.0,2880.0,0.0,0.0,0.0,0.0,2880.0,
1028,1000348604,軸承座;擺臂;GM44;;;,EA,0.0,364.0,0.0,0.0,299.0,0.0,65.0,chênh lệch=40.00
1029,1000348612,端蓋;;;;黑色/Black C;Φ60;PL02B;PP+TPE,EA,0.0,1424.0,0.0,0.0,524.0,0.0,900.0,
1030,1000349713,粉體塗料;紅高光(底漆);RAL3020,EA,0.0,50.0,0.0,0.0,22.966,0.0,27.034,
1031,1000349833,粉體塗料;BP-920S;;MATRIX 銀灰 底漆,EA,0.0,192.0,0.0,0.0,0.0,0.0,192.0,
1032,1000349838,SLEEVE;滑輪;;20#;鍍白鋅;ms21;Φ20x12.5L;,EA,0.0,160.0,0.0,0.0,0.0,0.0,160.0,thử khuôn/chưa nhập kho→tồn kho; tồn điều chỉnh (vật liệu thử khuôn.): delta=+160
1033,1000349839,粉體塗料;BP-920S;MATRIX 銀灰面漆,EA,0.0,1350.0,0.0,0.0,0.0,0.0,1350.0,
1034,1000350493,壓力輪組;;;一體式;EP304;,EA,0.0,720.0,0.0,0.0,0.0,0.0,720.0,
1035,1000350766,粉體塗料;EN08-8;橘黃色,EA,0.0,250.0,0.0,0.0,126.627,0.0,123.373,
1036,1000351392,背墊;;PU;黑色;南亞;PL50B,EA,0.0,95.0,0.0,0.0,95.0,0.0,0.0,
1037,1000351761,螺絲;傘頭;M8x1.25Px16L;;六角承窩;;鍍鉻;耐落;G10.9;,EA,0.0,7400.0,0.0,0.0,0.0,0.0,7400.0,
1038,1000352336,端塞;孔塞;;PE;黑色/Black C;Ø13.5;MS24B;,EA,0.0,2460.0,0.0,0.0,258.0,0.0,2202.0,
1039,1000352393,外紙箱;;;920x920x50;;,EA,0.0,250.0,0.0,0.0,0.0,0.0,250.0,
1040,1000352797,連接片;儀表桿;前下;SPHC;120x45x4.0T;;EP591;,EA,0.0,720.0,0.0,0.0,0.0,0.0,720.0,
1041,1000352798,連接管;儀表桿;□30.0x70.0x2.0Tx227.5L;一;;Q195;E,EA,0.0,20.0,0.0,0.0,0.0,0.0,20.0,
1042,1000352799,連接管;儀表桿;□30.0x70.0x2.0Tx104.0;二;;Q195;EP,EA,0.0,40.0,0.0,0.0,0.0,0.0,40.0,
1043,1000352800,護蓋;曲柄;外;ABS/PA757;銀灰色;;EP591;,EA,0.0,640.0,0.0,0.0,0.0,0.0,640.0,
1044,1000353965,"背墊;;PU;美國紅;278.2x307.3x65.5,南亞;PL50B",EA,0.0,9.0,0.0,0.0,9.0,0.0,0.0,
1045,1000354060,橡膠塊;止擋;;NBR橡膠;Q520-7-3 MATTE;;GT01;,EA,0.0,3431.0,0.0,0.0,969.0,0.0,2462.0,chênh lệch=40.00
1046,1000354396,保麗龍組;;;;;MS40CK-G3;,EA,0.0,250.0,0.0,0.0,0.0,0.0,250.0,
1047,1000355733,管端塞;基座;;TPU包覆射出;深灰色;Φ40xΦ80;FW232;,EA,0.0,116.0,0.0,0.0,96.0,0.0,20.0,
1048,1000355741,外紙箱;含印刷;;;;FW232,EA,0.0,3.0,0.0,0.0,0.0,0.0,3.0,thử khuôn/chưa nhập kho→tồn kho; tồn điều chỉnh (bù sản phẩm lỗi): delta=+3
1049,1000356050,固定片;移動輪;左;SPHC;143.8x56.1x40x4.0T;;EP591,EA,0.0,720.0,0.0,0.0,0.0,0.0,720.0,
1050,1000356052,固定片;移動輪;右;SPHC;143.8x56.1x40x4.0T;;EP591,EA,0.0,720.0,0.0,0.0,0.0,0.0,720.0,
1051,1000357140,補強片;拉銷;;SPHC;71x40x30x3.0T;;MS10;,EA,0.0,480.0,0.0,0.0,80.0,0.0,400.0,
1052,1000358081,保麗龍組;;;;;EP591;,EA,0.0,20.0,0.0,0.0,0.0,0.0,20.0,
1053,1000358248,軸承;滾珠;6005ZZ;Ψ25xΨ47x12T;TPI;C3,EA,0.0,5024.0,0.0,0.0,1494.0,0.0,3530.0,
1054,1000358938,彈簧;壓縮;φ1.2xφ12.9x65Lx12N;65Mn;鍍白鋅;MS10;,EA,0.0,420.0,0.0,0.0,80.0,0.0,340.0,
1055,1000359184,軸心;拉銷;;35CrMo;鍍硬鉻;MS10;φ16*103.5L;,EA,0.0,420.0,0.0,0.0,80.0,0.0,340.0,
1056,1000359185,固定片;滑輪支撐片;左;SPHC;230x165.5x13x3.0T;;MS10,EA,0.0,400.0,0.0,0.0,80.0,0.0,320.0,
1057,1000359186,固定片;滑輪支撐片;右;SPHC;230x165.5x13x3.0T;;MS10,EA,0.0,400.0,0.0,0.0,80.0,0.0,320.0,
1058,1000359936,上層選擇片組-加工;;;;;MS21;,EA,0.0,310.0,0.0,0.0,20.0,0.0,290.0,
1059,1000359953,警告貼標;防倒;英文;;;;;MS24B,EA,0.0,960.0,0.0,0.0,80.0,0.0,880.0,
1060,1000360476,調整管組-加工;升降;右;鍍鉻;;;MS10B;,EA,0.0,200.0,0.0,0.0,40.0,0.0,160.0,
1061,1000360477,調整管組-加工;升降;左;鍍鉻;;;MS10B;,EA,0.0,135.0,0.0,0.0,40.0,0.0,95.0,
1062,1000360611,螺絲組;半成品;;;;MS10B;;,EA,0.0,200.0,0.0,0.0,40.0,0.0,160.0,
1063,1000360687,濾波器接地線;;;;;14AWG;360mm;KST250+Ø5齒型;,EA,0.0,720.0,0.0,0.0,0.0,0.0,720.0,
1064,1000360688,電源開關組;;;;;;600+120mm;KST 250x2+Ø5齒型;,EA,0.0,720.0,0.0,0.0,0.0,0.0,720.0,
1065,1000360987,心軸;扶手;;20CrMo;塗防鏽油;EP591;,EA,0.0,720.0,0.0,0.0,0.0,0.0,720.0,
1066,1000361084,五通管;傳動;B;20#;塗防鏽油;EP591;Φ76x64;,EA,0.0,720.0,0.0,0.0,0.0,0.0,720.0,
1067,1000361113,固定管;;φ50.8x3.0tx626.5L;;;;PL08B,EA,0.0,170.0,0.0,0.0,20.0,0.0,150.0,
1068,1000361416,固定片;護蓋;;SPHC;21.7x20xx12x2.5T;;EP591;,EA,0.0,4320.0,0.0,0.0,0.0,0.0,4320.0,
1069,1000361517,粉體塗料;美國紅（ABR);底漆,EA,0.0,75.0,0.0,0.0,0.0,0.0,75.0,CCDC
1070,1000362717,端塞;;;PVC;黑色/Black C;;GT01;M10 螺紋塞;市購品,EA,0.0,25280.0,0.0,0.0,11640.0,0.0,13640.0,
1071,1000363557,限位管;導桿;φ25.4x2.0tx130L;;;Q195;MS20,EA,0.0,160.0,0.0,0.0,160.0,0.0,0.0,
1072,1000363558,圓片;止擋;;SPHC;36x36x3.0T;;MS20;,EA,0.0,320.0,0.0,0.0,320.0,0.0,0.0,
1073,1000363568,封口片;車架;下;SPHC;95x45x1.6T;;EP591;,EA,0.0,1440.0,0.0,0.0,0.0,0.0,1440.0,
1074,1000363760,警告貼標;車架;;;PC;;英文;GM40;,EA,0.0,7081.0,0.0,0.0,3001.0,0.0,4080.0,chênh lệch=40.00
1075,1000364334,墊圈;彈簧;φ8.0xφ13.0x2.0t;不鏽鋼;;,EA,0.0,4024.0,0.0,0.0,0.0,0.0,4024.0,
1076,1000365116,旋轉環;握把;短;45#;鍍鉻;MS10;φ25x55.4;,EA,0.0,404.0,0.0,0.0,84.0,0.0,320.0,
1077,1000365652,限位管;;φ31.8x3.0tx92L;;;Q195;MS10B,EA,0.0,80.0,0.0,0.0,80.0,0.0,0.0,
1078,1000366461,限位柱;止擋;;;鍍鉻;GM67;;,EA,0.0,340.0,0.0,0.0,128.0,0.0,212.0,
1079,1000367372,握把;;4;Q195;鍍鉻;MS10;;,EA,0.0,200.0,0.0,0.0,40.0,0.0,160.0,
1080,1000367374,端蓋;握把;長;20#;鍍鉻;MS10;;,EA,0.0,800.0,0.0,0.0,160.0,0.0,640.0,
1081,1000367375,握把;;3;Q195;鍍鉻;MS10;;,EA,0.0,200.0,0.0,0.0,40.0,0.0,160.0,
1082,1000367376,端蓋;握把;短;AL6061;陽極處理;MS10;;,EA,0.0,402.0,0.0,0.0,82.0,0.0,320.0,
1083,1000367377,固定套;握把;短;AL6061;陽極處理;MS10;;,EA,0.0,404.0,0.0,0.0,84.0,0.0,320.0,
1084,1000367378,心軸;握把;1;45#;鍍鉻;MS10;;,EA,0.0,202.0,0.0,0.0,42.0,0.0,160.0,
1085,1000367379,心軸;握把;2;45#;鍍鉻;MS10;;,EA,0.0,200.0,0.0,0.0,40.0,0.0,160.0,
1086,1000367616,旋轉環;握把;長;45#;鍍鉻;MS10;,EA,0.0,800.0,0.0,0.0,160.0,0.0,640.0,
1087,1000367740,連接管;車架;φ50.8x3.0tx267.9L;;;;GM116;,EA,0.0,140.0,0.0,0.0,59.0,0.0,81.0,
1088,1000371560,端塞;橢圓管;;TPU包覆射出;深灰色;Φ50.0xΦ100.0x3.0T;GM,EA,0.0,37935.0,0.0,0.0,25636.0,0.0,12299.0,
1089,1000371600,鍵;平;6x6x7.5;S45C;鍍鋅;GM107,EA,0.0,305.0,0.0,0.0,136.0,0.0,169.0,chênh lệch=40.00
1090,1000371640,止檔片;擺臂;;SPHC;4.0t;;GM105;,EA,0.0,250.0,0.0,0.0,69.0,0.0,181.0,
1091,1000371671,緩衝墊;;;PU;;;FW320;灌注,EA,0.0,398.0,0.0,0.0,250.0,0.0,148.0,
1092,1000371942,轉軸-加工;滑輪;;鍍硬鉻;;GM101-KM;,EA,0.0,1080.0,0.0,0.0,80.0,0.0,1000.0,
1093,1000371993,固定管;把手;Φ50.0xΦ100.0x3.0Tx446;;;Q195;GM10,EA,0.0,196.0,0.0,0.0,34.0,0.0,162.0,
1094,1000371997,緩衝塊;止擋;;NBR橡膠;;;GM105;,EA,0.0,2293.0,0.0,0.0,985.0,0.0,1308.0,chênh lệch=40.00
1095,1000372591,調整插銷;選擇片;;42CrMo;鍍鉻;MS10;PA6+15%GF;橘色;,EA,0.0,610.0,0.0,0.0,60.0,0.0,550.0,
1096,1000372737,護蓋組;半成品;;;;GM106;;,EA,0.0,9.0,0.0,0.0,0.0,0.0,9.0,thử khuôn/chưa nhập kho→tồn kho; tồn điều chỉnh (bù sản phẩm lỗi): delta=+9
1097,1000372751,外紙箱;橫跨管;;;包裝附件;GM106,EA,0.0,1.0,0.0,0.0,0.0,0.0,1.0,thử khuôn/chưa nhập kho→tồn kho; tồn điều chỉnh (bù sản phẩm lỗi): delta=+1
1098,1000374182,螺絲;止付;M8X1.25PX20L;;六角承窩;;達克羅;耐落;G12.9;,EA,0.0,780.0,0.0,0.0,137.0,0.0,643.0,
1099,1000374546,滑輪護蓋;基座;;;Q520-7-3;;EP591;,EA,0.0,1440.0,0.0,0.0,0.0,0.0,1440.0,
1100,1000375014,補強片;;;SPHC;40X15.4X4.0T;;EP591;,EA,0.0,1440.0,0.0,0.0,0.0,0.0,1440.0,
1101,1000375665,警告貼標;拉銷;;;PC;;;GM106;,EA,0.0,310.0,0.0,0.0,20.0,0.0,290.0,
1102,1000375825,螺絲;圓柱;M6x1.0Px15L;;六角承窩;不鏽鋼;;;;,EA,0.0,1506.0,0.0,0.0,0.0,0.0,1506.0,
1103,1000376371,"背墊;;PU,發泡;沙漠褐;926.6x306.8x64.4,南亞;FW201-",EA,0.0,5.0,0.0,0.0,5.0,0.0,0.0,
1104,1000376397,"頭墊;;PU,發泡;沙漠褐;307.3x278.3x65.5,南亞;FW201-",EA,0.0,4.0,0.0,0.0,4.0,0.0,0.0,
1105,1000376404,"座墊;;PU,發泡;沙漠褐;346.3x231x58.1,南亞;FW203-KM",EA,0.0,1.0,0.0,0.0,1.0,0.0,0.0,
1106,1000376412,"背墊;;PU,發泡;沙漠褐;1143x483.1x73.8;FW205-KM;",EA,0.0,1.0,0.0,0.0,1.0,0.0,0.0,
1107,1000376429,"壓腿墊;;PU,發泡;沙漠褐;254x152x129.8,南亞;FW212-KM",EA,0.0,2.0,0.0,0.0,2.0,0.0,0.0,
1108,1000376490,"座墊;;PU,發泡;沙漠褐;422.5x266.4x58.1,南亞;FW216-",EA,0.0,2.0,0.0,0.0,2.0,0.0,0.0,
1109,1000376701,調整插銷;選擇片;;PA6+15%玻纖;;42CrMo;GM237;,EA,0.0,710.0,0.0,0.0,100.0,0.0,610.0,
1110,1000377272,墊片;調整;;ABS;;;FW320;,EA,0.0,796.0,0.0,0.0,500.0,0.0,296.0,
1111,1000377654,螺絲組;半成品;;;;EP591;;,EA,0.0,320.0,0.0,0.0,0.0,0.0,320.0,
1112,1000378504,螺絲;止付;M10X1.5PX65L;;六角承窩;20#;達克羅;;G12.9;,EA,0.0,373.0,0.0,0.0,201.0,0.0,172.0,
1113,1000378533,握把;握把;前;20#;;GM106;Ø14;,EA,0.0,20.0,0.0,0.0,20.0,0.0,0.0,
1114,1000379292,泡棉;;;φ24x5.0tx120L;握把;GM104-KM,EA,0.0,1045.0,0.0,0.0,916.0,0.0,129.0,
1115,1000379486,孔塞;;;PA6+15%玻纖;黑色/Black C;8;PL215;市購品;,EA,0.0,3731.0,0.0,0.0,1310.0,0.0,2421.0,
1116,1000380378,固定片;連接管;上;SPHC;6.0t;;GM40;,EA,0.0,160.0,0.0,0.0,59.0,0.0,101.0,
1117,1000380380,連接片;基座;;SPHC;6.0t;;GM44;,EA,0.0,562.0,0.0,0.0,444.0,0.0,118.0,
1118,1000381368,腳墊;踏板;左;橡膠(SBR);黑色/Black C;,EA,0.0,720.0,0.0,0.0,0.0,0.0,720.0,
1119,1000381369,腳墊;腳踏板;右;橡膠(SBR);黑色/Black C;;;,EA,0.0,720.0,0.0,0.0,0.0,0.0,720.0,
1120,1000381558,軸承;滾珠;6204ZZ;Φ20xΦ47x14T;TPI;C3,EA,0.0,340.0,0.0,0.0,70.0,0.0,270.0,
1121,1000382110,墊片;調整;;PP;;;GM102;,EA,0.0,5556.0,0.0,0.0,2096.0,0.0,3460.0,
1122,1000382291,包裝附件組;紙箱紙板;;;B包;墊子;FW203,EA,0.0,466.0,0.0,0.0,371.0,0.0,95.0,
1123,1000382329,包裝附件組;紙箱紙板;;;B包;墊子;FW205;,EA,0.0,362.0,0.0,0.0,185.0,0.0,177.0,
1124,1000382335,包裝附件組;;;;B包;FW209;,EA,0.0,2134.0,0.0,0.0,1737.0,0.0,397.0,
1125,1000382542,包裝附件組;纸箱纸板;;;B包垫子;FW207;,EA,0.0,75.0,0.0,0.0,75.0,0.0,0.0,122/123=điều chỉnh; chênh lệch=15.00
1126,1000383184,固定片;COVER;上;SPHC;2.5T;;EP591;,EA,0.0,1440.0,0.0,0.0,0.0,0.0,1440.0,
1127,1000383185,防水片;儀表桿;;SPHC;2.0T;;EP591;,EA,0.0,720.0,0.0,0.0,0.0,0.0,720.0,
1128,1000383508,支撐軸;壓力輪;;SS41;;EP591;φ20x70.5L;,EA,0.0,20.0,0.0,0.0,0.0,0.0,20.0,
1129,1000383537,螺絲;傘頭;M10X1.5PX15L;;六角承窩;不鏽鋼;;全牙;G12.9;,EA,0.0,6525.0,0.0,0.0,0.0,0.0,6525.0,
1130,1000384803,驅動馬達;AC;;1500W;230V;6.5A;1735rpm;IE1;φ24,EA,0.0,5004.0,0.0,0.0,3530.0,0.0,1474.0,
1131,1000385449,定位銷;止擋;;;;GM44;;,EA,0.0,783.0,0.0,0.0,436.0,0.0,347.0,chênh lệch=40.00
1132,1000385451,定位銷;止擋;;;;GM53;;,EA,0.0,160.0,0.0,0.0,135.0,0.0,25.0,
1133,1000386697,"儀表線;;;;;;1300mm;MOLEX,50-57-9408x2;",EA,0.0,720.0,0.0,0.0,0.0,0.0,720.0,
1134,1000387231,儀表連接線;;;;;22AWG;1100mm;TKP6630R1-06+6630,EA,0.0,9925.0,0.0,0.0,6973.0,0.0,2952.0,
1135,1000387238,粉體塗料;790-45665HS(同BP-5A07HS)/E5501T;霧黑+鋅,EA,0.0,1692.0,0.0,0.0,0.0,0.0,1692.0,CCDC
1136,1000387490,連接片;儀表桿;下後;SPHC;120x45x4.0T;;EP591;,EA,0.0,20.0,0.0,0.0,0.0,0.0,20.0,
1137,1000387491,固定片;水壺架;;SPHC;3.0T;;EP591;,EA,0.0,720.0,0.0,0.0,0.0,0.0,720.0,
1138,1000388691,螺絲;傘頭;Φ4x12L;自攻牙;十字;不鏽鋼;;平尾;,EA,0.0,1280.0,0.0,0.0,0.0,0.0,1280.0,
1139,1000389165,固定片;氣壓棒;;SPHC;58×23×3.0T;;MS10;,EA,0.0,400.0,0.0,0.0,80.0,0.0,320.0,
1140,1000389567,墊子組;半成品;;B包;;MS53;黑曜石黑;,EA,0.0,270.0,0.0,0.0,20.0,0.0,250.0,
1141,1000390040,調整桿;座椅;;20#;鍍白鋅;GM56;Φ12;,EA,0.0,140.0,0.0,0.0,99.0,0.0,41.0,
1142,1000390051,軸心;調整;;45#;鍍鉻;GM56;;,EA,0.0,140.0,0.0,0.0,118.0,0.0,22.0,
1143,1000390144,氣壓棒;;10KG;180L;;;MS10市購品;,EA,0.0,200.0,0.0,0.0,40.0,0.0,160.0,
1144,1000391682,電池連接線組;;;;;1015 16AWG;350;;E1-F,EA,0.0,720.0,0.0,0.0,0.0,0.0,720.0,
1145,1000391757,紮線帶;;;10x900L;尼龍;白色;PL215,EA,0.0,961.0,0.0,0.0,390.0,0.0,571.0,
1146,1000391893,護蓋;;;PVC;黑色/Black C;PANTONE Black 6C;MS1,EA,0.0,160.0,0.0,0.0,40.0,0.0,120.0,
1147,1000392114,棧板;;;1500x1200x140;日本;GM02,EA,0.0,4.0,0.0,0.0,4.0,0.0,0.0,chênh lệch=2.00
1148,1000392124,棧板;;;1700x700x140;日本;FW83,EA,0.0,6.0,0.0,0.0,6.0,0.0,0.0,chênh lệch=1.00
1149,1000392146,棧板;;;1140x850x125;;GM54,EA,0.0,30.0,0.0,0.0,22.0,0.0,8.0,
1150,1000392147,棧板;;;1140x1070x125;;FW97,EA,0.0,191.0,0.0,0.0,191.0,0.0,0.0,chênh lệch=17.00
1151,1000392150,棧板;;;1230x1000x125;;FW94,EA,0.0,29.0,0.0,0.0,19.0,0.0,10.0,
1152,1000392156,棧板;;;1400x670x140;;FW162,EA,0.0,217.0,0.0,0.0,217.0,0.0,0.0,122/123=điều chỉnh; chênh lệch=40.00
1153,1000392158,棧板;;;1400x1110x125;;GM40,EA,0.0,57.0,0.0,0.0,47.0,0.0,10.0,chênh lệch=10.00
1154,1000392167,棧板;;;1450x1150x125;;PL06,EA,0.0,90.0,0.0,0.0,74.0,0.0,16.0,
1155,1000392170,棧板;;;1520x1000x125;;MS100,EA,0.0,92.0,0.0,0.0,89.0,0.0,3.0,chênh lệch=6.00
1156,1000392172,棧板;;;1650X890X140;;FW219,EA,0.0,1.0,0.0,0.0,1.0,0.0,0.0,
1157,1000392173,棧板;;;1655x1160x125;;GM07,EA,0.0,28.0,0.0,0.0,20.0,0.0,8.0,
1158,1000392180,棧板;;;1750X1450X140;;GM63,EA,0.0,10.0,0.0,0.0,0.0,0.0,10.0,thử khuôn/chưa nhập kho→tồn kho; tồn điều chỉnh (thử khuôn): delta=+10
1159,1000392181,棧板;;;1800x1255x125;;GM03,EA,0.0,5.0,0.0,0.0,2.0,0.0,3.0,
1160,1000392182,棧板;;;1830X1290X140;;FW207,EA,0.0,69.0,0.0,0.0,69.0,0.0,0.0,chênh lệch=7.00
1161,1000392193,棧板;;;1980x1380x125;;PL02,EA,0.0,5.0,0.0,0.0,5.0,0.0,0.0,
1162,1000392209,棧板;;;2460x760x125;;FW158,EA,0.0,44.0,0.0,0.0,35.5,0.0,8.5,
1163,1000392210,棧板;;;2520x620x125;;MS21,EA,0.0,14.0,0.0,0.0,14.0,0.0,0.0,
1164,1000393222,彈簧;壓縮;φ1.3xφ12.7x38Lx7;65Mn;鍍白鋅;GM15B,EA,0.0,1684.0,0.0,0.0,730.0,0.0,954.0,chênh lệch=40.00
1165,1000393332,端頭;擺臂;;20#;;GM103-KM;Φ50x8.0L;,EA,0.0,162.0,0.0,0.0,117.0,0.0,45.0,
1166,1000393527,珍珠棉;;;120x65x10t;;A30/50,EA,0.0,1440.0,0.0,0.0,0.0,0.0,1440.0,
1167,1000393937,固定片;固定;;SPHC;5.0T;;GM114-KM;,EA,0.0,937.0,0.0,0.0,598.0,0.0,339.0,
1168,1000396794,軸承;滾珠;6006zz;Φ30XΦ55X13T;TPI;C3;,EA,0.0,4.0,0.0,0.0,0.0,0.0,4.0,
1169,1000396915,螺帽;尼龍;M14x2.0P;G12.9;鍍鉻;,EA,0.0,51.0,0.0,0.0,51.0,0.0,0.0,
1170,1000397041,鏈條;傳動;;;鍍鉻;;PITCH 12.7,EA,0.0,1475.0,0.0,0.0,648.0,0.0,827.0,chênh lệch=40.00
1171,1000397509,主支架;車架;Φ40xΦ80x3.0Tx130.0;,EA,0.0,20.0,0.0,0.0,20.0,0.0,0.0,
1172,1000397599,止擋片;鋼索;;PA66+GF30%;;136.5x33.5x30;GM113;,EA,0.0,6978.0,0.0,0.0,4059.0,0.0,2919.0,chênh lệch=160.00
1173,1000397609,滑動輪;;;;黑色;Φ142;GM113;尼龍66+33%玻纖,EA,0.0,13538.0,0.0,0.0,12309.0,0.0,1229.0,chênh lệch=200.00
1174,1000397616,支撐管;座管;Φ50xΦ150x3.0tx1050L;下;;;GM113;,EA,0.0,274.0,0.0,0.0,204.0,0.0,70.0,
1175,1000397619,座椅管;座椅;Φ50xΦ120x3.0tx1215L;;;;GM113;,EA,0.0,324.0,0.0,0.0,204.0,0.0,120.0,
1176,1000397620,支撐管;基座;Φ40.0X80.0X3.0tx115.8L;;;;GM113;,EA,0.0,1270.0,0.0,0.0,794.0,0.0,476.0,
1177,1000397642,支撐管;護蓋;φ50.8x3.0tx222L;;;;GM113;,EA,0.0,274.0,0.0,0.0,204.0,0.0,70.0,
1178,1000397647,調整拉銷;;;焊接;;GM113,EA,0.0,311.0,0.0,0.0,121.0,0.0,190.0,
1179,1000397655,調節桿;調整基座;;20#;;GM113;Φ12x170L;,EA,0.0,1301.0,0.0,0.0,657.0,0.0,644.0,chênh lệch=40.00
1180,1000397661,軸套;凸輪;;20#;;GM113;Φ50X25.5L;四方錐套,EA,0.0,1262.0,0.0,0.0,985.0,0.0,277.0,chênh lệch=40.00
1181,1000397737,連接管;;Φ50xΦ100x3.0tx1300L;下;;;GM113;,EA,0.0,314.0,0.0,0.0,244.0,0.0,70.0,chênh lệch=40.00
1182,1000397742,補強管;;Φ50xΦ100x3.0tx900L;;;;GM113;,EA,0.0,364.0,0.0,0.0,244.0,0.0,120.0,chênh lệch=40.00
1183,1000397744,支撐管;轉臂;Φ40.0X80.0X3.0X93.5L;;;;GM113;,EA,0.0,220.0,0.0,0.0,220.0,0.0,0.0,
1184,1000397746,支撐柱;腳墊;;20#;;GM113;Φ49.0x54L;,EA,0.0,4667.0,0.0,0.0,2982.0,0.0,1685.0,chênh lệch=40.00
1185,1000397751,軸承套;調整臂;;20#;;GM113;Φ50.8x105L;,EA,0.0,324.0,0.0,0.0,259.0,0.0,65.0,
1186,1000397754,轉軸;腿墊;;45#;塗防鏽油;GM113;Φ20.0x123L;,EA,0.0,479.0,0.0,0.0,198.0,0.0,281.0,chênh lệch=40.00
1187,1000397757,調整組-加工;;;鍍鉻;;GM113;轉軸,EA,0.0,166.0,0.0,0.0,39.0,0.0,127.0,
1188,1000397760,調整組;轉軸;;焊接;;GM113;,EA,0.0,290.0,0.0,0.0,94.0,0.0,196.0,
1189,1000397776,連接板;腿墊管;一;SPHC;177x65x8.0t;;GM113;,EA,0.0,292.0,0.0,0.0,244.0,0.0,48.0,
1190,1000397777,連接板;腿墊管;二;SPHC;160x65x8.0t;;GM113;,EA,0.0,292.0,0.0,0.0,244.0,0.0,48.0,
1191,1000397778,止擋環;握把;噴砂處理;;鍍鉻;ADC12;,EA,0.0,7258.0,0.0,0.0,5658.0,0.0,1600.0,122/123=điều chỉnh; chênh lệch=107.00
1192,1000397779,端蓋;握把;噴砂處理;;鍍鉻;ADC12;,EA,0.0,5046.0,0.0,0.0,4160.0,0.0,886.0,122/123=điều chỉnh; chênh lệch=27.00
1193,1000397781,凸輪;鋼索;大;UHMWPE;深灰;;GM113;,EA,0.0,364.0,0.0,0.0,183.0,0.0,181.0,chênh lệch=40.00
1194,1000397782,鋼索-加工;車架;;壓鋼索頭;Φ6.35X2672L;GM113;,EA,0.0,260.0,0.0,0.0,108.0,0.0,152.0,chênh lệch=40.00
1195,1000397790,止檔片;凸輪;;SPHC;406.1x254.7x3.0t;;GM113;,EA,0.0,292.0,0.0,0.0,244.0,0.0,48.0,
1196,1000397797,滑輪片;滑輪;;SPHC;240.0x117.0x32.4x3.0t;;GM11,EA,0.0,1948.0,0.0,0.0,894.0,0.0,1054.0,
1197,1000397800,鎖固片;滑輪;;SPHC;260.0x140.0x6.0t;;GM113;,EA,0.0,1405.0,0.0,0.0,1051.0,0.0,354.0,
1198,1000397803,"止擋片;滑輪;;SPHC;173x31.5x30x3.0t,電泳(黑色）;;GM",EA,0.0,2488.0,0.0,0.0,1030.0,0.0,1458.0,
1199,1000397810,固定管;背墊;Φ50XΦ120X3.0tX624.5L;;;;GM113;,EA,0.0,466.0,0.0,0.0,277.0,0.0,189.0,
1200,1000397863,心軸;插銷;;42CrMo;鍍硬鉻;GM113;Φ8.0x114.0L;,EA,0.0,112.0,0.0,0.0,9.0,0.0,103.0,
1201,1000397869,護蓋;;上;ABS/PA757;深灰;740.0x173.0x257.9;GM1,EA,0.0,2.0,0.0,0.0,0.0,0.0,2.0,
1202,1000397883,護蓋;;後;ABS PA-758;透明;;GM113;,EA,0.0,3389.0,0.0,0.0,2438.0,0.0,951.0,chênh lệch=40.00
1203,1000397916,軸承套;轉臂軸;;20#;;GM113;Φ70x275L;,EA,0.0,324.0,0.0,0.0,259.0,0.0,65.0,
1204,1000397920,五金零件包;組裝;;;GM113;,EA,0.0,415.0,0.0,0.0,121.0,0.0,294.0,
1205,1000397993,管;基座;φ50xφ150x3.0tx2440L;;;Q195;,EA,0.0,252.0,0.0,0.0,140.0,0.0,112.0,
1206,1000397994,固定管;腳墊;φ50x120x3.0tx1550L;;;Q195;GM112;,EA,0.0,252.0,0.0,0.0,140.0,0.0,112.0,
1207,1000398003,固定管;座椅;φ50.0x120.0x3.0tx1196L;;;Q195;GM1,EA,0.0,252.0,0.0,0.0,140.0,0.0,112.0,
1208,1000398007,固定片;凸輪軸;;SPHC;205.0x233.0x5.0T;;GM112;,EA,0.0,281.0,0.0,0.0,162.0,0.0,119.0,
1209,1000398013,管;連接組-GM;φ60x3.0tx820L;;;Q195;GM112;,EA,0.0,252.0,0.0,0.0,140.0,0.0,112.0,
1210,1000398015,止擋軸;擺臂;;20#;;GM112;Φ43x70L;,EA,0.0,562.0,0.0,0.0,326.0,0.0,236.0,
1211,1000398017,套筒;拉銷;;20#;;GM112;;,EA,0.0,386.0,0.0,0.0,163.0,0.0,223.0,
1212,1000398019,連接片;固定;;SPHC;125x92x6.0t;;GM112;,EA,0.0,379.0,0.0,0.0,200.0,0.0,179.0,
1213,1000398021,固定片;連接;左右;SPHC;58.0x40x40x6.0t;;GM112;,EA,0.0,562.0,0.0,0.0,326.0,0.0,236.0,
1214,1000398029,固定片;連接;下;SPHC;163x135x42x6.0t;;GM112;,EA,0.0,281.0,0.0,0.0,162.0,0.0,119.0,
1215,1000398030,支撐管;胸墊;φ50.0x100.0x3.0tx136.7L;;;;GM112;,EA,0.0,252.0,0.0,0.0,140.0,0.0,112.0,
1216,1000398037,管;擺臂;φ60x3.0tx880L;;;Q195;GM112;,EA,0.0,504.0,0.0,0.0,280.0,0.0,224.0,
1217,1000398039,固定片;座墊;;SPHC;313x225x4t;;GM126;,EA,0.0,134.0,0.0,0.0,111.0,0.0,23.0,
1218,1000398040,套筒;旋轉軸;;20#;;GM126;,EA,0.0,135.0,0.0,0.0,135.0,0.0,0.0,
1219,1000398047,保麗龍組;車架;;;;G7系列衍生,EA,0.0,2502.0,0.0,0.0,1636.0,0.0,866.0,
1220,1000398048,固定座;;;;;ZG20;GM112;,EA,0.0,331.0,0.0,0.0,163.0,0.0,168.0,
1221,1000398067,凸輪;鋼索;;UHMWPE;深灰;;GM112-KM;,EA,0.0,281.0,0.0,0.0,163.0,0.0,118.0,
1222,1000398072,固定片;滑輪;;SPHC;233.0X185.0X3.0T;;GM112;,EA,0.0,562.0,0.0,0.0,324.0,0.0,238.0,
1223,1000398088,管;支架;φ50xφ120x3.0tx364.5L;;;Q195;GM112;,EA,0.0,252.0,0.0,0.0,140.0,0.0,112.0,
1224,1000398089,固定片;凸輪;;SPHC;45.8x39.5x4.0T;;GM112;,EA,0.0,281.0,0.0,0.0,162.0,0.0,119.0,
1225,1000398139,底管;基座;Φ50.0X150.0X3.0TX2860.5;;;;GM114;,EA,0.0,227.0,0.0,0.0,158.0,0.0,69.0,
1226,1000398140,止擋套;座椅;上;20#;;GM114;,EA,0.0,746.0,0.0,0.0,522.0,0.0,224.0,
1227,1000398141,連接片;基座;;SPHC;438x117.5x8.0T;;GM114;,EA,0.0,322.0,0.0,0.0,247.0,0.0,75.0,
1228,1000398142,固定管;腳踏板;φ50.0x100.0x3.0tx716.6;,EA,0.0,748.0,0.0,0.0,316.0,0.0,432.0,
1229,1000398143,支撐片;基座;;SPHC;494.9x207x84x3T;;GM114;,EA,0.0,373.0,0.0,0.0,261.0,0.0,112.0,
1230,1000398146,軸套;;;20#;;GM114;Φ21x10;,EA,0.0,914.0,0.0,0.0,522.0,0.0,392.0,
1231,1000398147,螺套;滑輪;;20#;;;Φ17x48;GM114,EA,0.0,462.0,0.0,0.0,301.0,0.0,161.0,chênh lệch=40.00
1232,1000398148,緩衝墊;踏板;;NBR橡膠;純黑色;;GM114;,EA,0.0,270.0,0.0,0.0,20.0,0.0,250.0,
1233,1000398149,腳踏板;;;SPHC;351x342x3.0T;烤漆;GM114;霧黑,EA,0.0,342.0,0.0,0.0,247.0,0.0,95.0,
1234,1000398154,固定片;連接管;上;SPHC;390x140x6.0T;;;GM114;,EA,0.0,322.0,0.0,0.0,247.0,0.0,75.0,
1235,1000398160,連接板;;下;SPHC;551.3x181x6.0T;;GM114;,EA,0.0,322.0,0.0,0.0,247.0,0.0,75.0,
1236,1000398161,連接板;;上;SPHC;574x69x6.0T;;GM114;,EA,0.0,322.0,0.0,0.0,247.0,0.0,75.0,
1237,1000398162,擋板;;後;SPHC;484.5x188x6.0T;;GM114;,EA,0.0,322.0,0.0,0.0,247.0,0.0,75.0,
1238,1000398163,支撐板;;;SPHC;484.5x188x4.0T;;GM114;,EA,0.0,966.0,0.0,0.0,741.0,0.0,225.0,
1239,1000398164,踏板;腳墊;;SPHC;635.32x612x55.17x6.0T;;GM114,EA,0.0,438.0,0.0,0.0,296.0,0.0,142.0,
1240,1000398166,緩衝墊;腳墊;下;NBR橡膠;純黑色;;GM114;,EA,0.0,448.0,0.0,0.0,226.0,0.0,222.0,chênh lệch=40.00
1241,1000398167,護蓋;;;ABS;深灰;深灰色（尚化#45771）;GM114;咬花漆,EA,0.0,355.0,0.0,0.0,234.0,0.0,121.0,chênh lệch=40.00
1242,1000398176,調整桿組;;;;;鍍鉻；GM114,EA,0.0,462.0,0.0,0.0,290.0,0.0,172.0,
1243,1000398181,固定片;鋼索;右;SPHC;99x70.5x10T;;GM114;,EA,0.0,90.0,0.0,0.0,0.0,0.0,90.0,
1244,1000398184,固定片;襯套;上;SPHC;228.2x200x61.1x4.0T;;GM114,EA,0.0,357.0,0.0,0.0,261.0,0.0,96.0,
1245,1000398186,鋼索-加工;;A;壓鋼索頭;Φ6.35X2396L;GM112;,EA,0.0,220.0,0.0,0.0,140.0,0.0,80.0,
1246,1000398187,固定片;襯套;下;SPHC;200x31x59x3.0T;;GM114;,EA,0.0,398.0,0.0,0.0,261.0,0.0,137.0,
1247,1000398189,鋼索-加工;;C;壓鋼索頭;Φ6.35x2365L;GM112;,EA,0.0,220.0,0.0,0.0,140.0,0.0,80.0,
1248,1000398193,支撐架;滑輪;下;SPHC;145x96x72x4.0T;;GM120;,EA,0.0,370.0,0.0,0.0,71.0,0.0,299.0,
1249,1000398194,鋼索-加工;;B;壓鋼索頭;Φ6.35X1640L;GM112;,EA,0.0,220.0,0.0,0.0,140.0,0.0,80.0,
1250,1000398195,底板;座椅;;SPHC;420x449x74.5x4.0T;;GM114;,EA,0.0,373.0,0.0,0.0,261.0,0.0,112.0,
1251,1000398222,管;握把;Φ25.4x3.0tx355.6L;;;;GM112;,EA,0.0,504.0,0.0,0.0,280.0,0.0,224.0,
1252,1000398229,連接管;;ψ50x100x3.0tx1062L;上;;Q195;GM112;,EA,0.0,220.0,0.0,0.0,140.0,0.0,80.0,
1253,1000398230,連接片;車架;;SPHC;550x140x6.0t;;GM112;,EA,0.0,281.0,0.0,0.0,162.0,0.0,119.0,
1254,1000398231,鎖緊片;滑輪;;SPHC;250.0x112.0x3.0T;;GM112;,EA,0.0,281.0,0.0,0.0,162.0,0.0,119.0,
1255,1000398232,固定片;踏板;下;SPHC;546.7x150x186.8x6.0t;;GM12,EA,0.0,270.0,0.0,0.0,270.0,0.0,0.0,
1256,1000398236,固定片;拆卸連接管;下;;308x74x6.0t;;GM112;,EA,0.0,281.0,0.0,0.0,163.0,0.0,118.0,
1257,1000398247,軸套;凸輪;;20#;;GM114;;,EA,0.0,373.0,0.0,0.0,261.0,0.0,112.0,
1258,1000398248,軸套;凸輪;;20#;;GM112;,EA,0.0,342.0,0.0,0.0,163.0,0.0,179.0,
1259,1000398249,握把組;組裝;;輔助選擇片;GM113;,EA,0.0,2.0,0.0,0.0,0.0,0.0,2.0,
1260,1000398251,心軸;凸輪;;42CrMo;鍍白鋅;GM112;φ21x847L;,EA,0.0,347.0,0.0,0.0,179.0,0.0,168.0,
1261,1000398253,固定片;連接管;;SPHC;166.2x76.2x6.0t;;GM112;,EA,0.0,562.0,0.0,0.0,324.0,0.0,238.0,
1262,1000398254,調整拉銷組;組裝;;選擇片;GM113;,EA,0.0,2.0,0.0,0.0,0.0,0.0,2.0,thử khuôn/chưa nhập kho→tồn kho; tồn điều chỉnh (bù sản phẩm lỗi): delta=+2
1263,1000398255,凸輪;;左;VHMWPE;深灰;;GM114;,EA,0.0,1405.0,0.0,0.0,774.0,0.0,631.0,chênh lệch=80.00
1264,1000398256,紙箱;基座;;1460x1140x475;;GM113,EA,0.0,168.0,0.0,0.0,74.0,0.0,94.0,
1265,1000398257,保麗龍組;;;;;GM113;,EA,0.0,220.0,0.0,0.0,64.0,0.0,156.0,
1266,1000398258,包裝附件組;;;;;GM113;,EA,0.0,220.0,0.0,0.0,123.0,0.0,97.0,
1267,1000398263,鋼索-加工;;B;壓鋼索頭;Φ6.35x1945L;GM114;LOOS,EA,0.0,260.0,0.0,0.0,84.0,0.0,176.0,chênh lệch=40.00
1268,1000398268,套筒;拉銷;;20#;;GM114;,EA,0.0,401.0,0.0,0.0,261.0,0.0,140.0,
1269,1000398269,拉桿組;;;焊接;;GM114-KM;,EA,0.0,432.0,0.0,0.0,83.0,0.0,349.0,
1270,1000398284,支撐座;滑輪;上;SPHC;90x95x39.0x3.0T;;GM120;,EA,0.0,250.0,0.0,0.0,71.0,0.0,179.0,
1271,1000398287,氣壓棒;;18KG;Φ22.5XΦ10X424;;;,EA,0.0,413.0,0.0,0.0,241.0,0.0,172.0,chênh lệch=40.00
1272,1000398288,包裝附件組;;;;;GM112,EA,0.0,252.0,0.0,0.0,37.0,0.0,215.0,
1273,1000398289,保麗龍;;;;;GM112;,EA,0.0,252.0,0.0,0.0,19.0,0.0,233.0,
1274,1000398290,紙箱;基座;;1550x1280x600;;GM112;,EA,0.0,253.0,0.0,0.0,42.0,0.0,211.0,chênh lệch=1.00
1275,1000398295,連接管;車架;φ50xφ150x3.0tx1122;;;;GM120,EA,0.0,250.0,0.0,0.0,40.0,0.0,210.0,
1276,1000398297,座椅管;座椅;φ50xφ120x3.0tx1453L;上;;;GM120,EA,0.0,250.0,0.0,0.0,40.0,0.0,210.0,
1277,1000398299,固定柱;腳墊;下;20#;;GM120;Φ17x14L;,EA,0.0,1860.0,0.0,0.0,426.0,0.0,1434.0,
1278,1000398300,軸心;固定;;45#;鍍白鋅;GM114;Φ20x652.8;,EA,0.0,413.0,0.0,0.0,241.0,0.0,172.0,chênh lệch=40.00
1279,1000398301,固定片;車架;前;SPHC;314X135X6T;;GM120;,EA,0.0,310.0,0.0,0.0,69.0,0.0,241.0,
1280,1000398302,固定片;車架;後;SPHC;270X60X6T;;GM120;,EA,0.0,250.0,0.0,0.0,71.0,0.0,179.0,
1281,1000398303,封口片;連接管;左右;SPHC;165X70X5T;;GM120;,EA,0.0,500.0,0.0,0.0,142.0,0.0,358.0,
1282,1000398304,固定片;轉軸;中;SPHC;50x50.8x107;;GM120;,EA,0.0,250.0,0.0,0.0,71.0,0.0,179.0,
1283,1000398309,固定片;止擋;;SPHC;49.9x40x10t;;GM120;,EA,0.0,110.0,0.0,0.0,27.0,0.0,83.0,
1284,1000398310,固定片;基座;前;SPHC;460x70x8.0T;;GM120;,EA,0.0,420.0,0.0,0.0,178.0,0.0,242.0,
1285,1000398312,底板;車架;下;SPHC;689x315x6t;;GM120;,EA,0.0,250.0,0.0,0.0,69.0,0.0,181.0,
1286,1000398314,固定片;轉軸;;SPHC;350x227x72x5.0T;;GM114;,EA,0.0,373.0,0.0,0.0,261.0,0.0,112.0,
1287,1000398315,固定片;車架;中;SPHC;285x62x6t;;GM120;,EA,0.0,250.0,0.0,0.0,69.0,0.0,181.0,
1288,1000398316,固定柱;滑輪;內;20#;;GM120;Φ20x10.3L;,EA,0.0,620.0,0.0,0.0,142.0,0.0,478.0,
1289,1000398319,防護片;凸輪;下;SPHC;561x316x5t;;GM120;,EA,0.0,250.0,0.0,0.0,71.0,0.0,179.0,
1290,1000398323,鋼索-加工;;;壓鋼索頭;Φ6.35x2460L;GM114;LOOS,EA,0.0,260.0,0.0,0.0,84.0,0.0,176.0,chênh lệch=40.00
1291,1000398325,固定套;滑輪;;20#;;GM114;Φ25x10;,EA,0.0,457.0,0.0,0.0,261.0,0.0,196.0,
1292,1000398330,軸套;轉臂;左;20#;;GM120;Φ50.8XΦ37X392.7L;,EA,0.0,310.0,0.0,0.0,71.0,0.0,239.0,
1293,1000398331,止檔片;鋼索;中;SPHC;Φ220X3T;;GM120;,EA,0.0,1000.0,0.0,0.0,276.0,0.0,724.0,
1294,1000398332,固定片;轉軸;;SPHC;339.2x388.98x6.0T;;GM114;,EA,0.0,322.0,0.0,0.0,261.0,0.0,61.0,
1295,1000398333,鎖緊片;滑輪;;SPHC;200.5x108.1x3.0T;;GM114;,EA,0.0,322.0,0.0,0.0,247.0,0.0,75.0,
1296,1000398348,支架;滑輪;;SPHC;180x31.5x30x3.0T;;GM114;,EA,0.0,373.0,0.0,0.0,261.0,0.0,112.0,
1297,1000398352,軸套;轉臂;右;20#;;GM120;Φ50.8XΦ37X398.5L;,EA,0.0,310.0,0.0,0.0,71.0,0.0,239.0,
1298,1000398407,調整桿;調整;;20#;;GM120;Φ12x253.5L;,EA,0.0,310.0,0.0,0.0,71.0,0.0,239.0,
1299,1000398423,軸套;凸輪;下;20#;;GM120;Φ50.8X37X41L;,EA,0.0,310.0,0.0,0.0,68.0,0.0,242.0,
1300,1000398426,凸輪;;下;SPHC;396.5x371.8x8T;;GM120;,EA,0.0,110.0,0.0,0.0,28.0,0.0,82.0,
1301,1000398427,鋼索軌道;凸輪;下;SPHC;4T;;GM120;,EA,0.0,110.0,0.0,0.0,28.0,0.0,82.0,
1302,1000398428,支撐管;把手;Φ30xΦ70x3.0Tx79L;內;;Q195;GM120;,EA,0.0,50.0,0.0,0.0,40.0,0.0,10.0,
1303,1000398430,止擋板;鋼索;內;SPHC;46X26.7X12.7X3T;烤漆;GM120;,EA,0.0,250.0,0.0,0.0,71.0,0.0,179.0,
1304,1000398437,鋼索-加工;車架;;;Φ6.35x3355L;GM120;,EA,0.0,90.0,0.0,0.0,21.0,0.0,69.0,
1305,1000398485,五金零件組;半成品;;;;;GM120;,EA,0.0,90.0,0.0,0.0,31.0,0.0,59.0,
1306,1000398495,心軸;;右;42CrMo;鍍白锌;GM120;Φ20x472L;,EA,0.0,250.0,0.0,0.0,101.0,0.0,149.0,
1307,1000398496,心軸;;左;42CrMo;鍍白锌;GM120;Φ20x420.5L;,EA,0.0,250.0,0.0,0.0,104.0,0.0,146.0,
1308,1000398578,保麗龍組;基座;;;GM120;,EA,0.0,70.0,0.0,0.0,7.0,0.0,63.0,
1309,1000398582,包裝附件組;;;;GM120;,EA,0.0,70.0,0.0,0.0,7.0,0.0,63.0,
1310,1000398613,EN貼標;;;;消銀龍;;英文;GM112;,EA,0.0,562.0,0.0,0.0,402.0,0.0,160.0,chênh lệch=10052.00; tồn điều chỉnh (Đã nhập kho nhưng chưa khai báo): delta=-10052
1311,1000398620,基管;;φ50x150.0x3.0tx1150L;;;;基座;,EA,0.0,191.0,0.0,0.0,127.0,0.0,64.0,
1312,1000398624,支撐管;;φ50X120.0x3.0tx740L;;;;背墊;,EA,0.0,191.0,0.0,0.0,127.0,0.0,64.0,
1313,1000398681,支撐管;;Φ50xΦ100x3.0Tx1250L;;;;右支撐組;,EA,0.0,191.0,0.0,0.0,127.0,0.0,64.0,
1314,1000398682,固定片;搖臂;;SPHC;75.0x75.0x6.0T;;GM124;,EA,0.0,211.0,0.0,0.0,148.0,0.0,63.0,
1315,1000398683,軸心;;;20#;;GM124;Φ25x97.0L;,EA,0.0,257.0,0.0,0.0,154.0,0.0,103.0,
1316,1000398684,防護片;;;SPHC;461X346x4.0T;;GM124;凸輪;,EA,0.0,211.0,0.0,0.0,148.0,0.0,63.0,
1317,1000398688,套筒;;;20#;;GM124;Φ70.0x72.0L;支撐組；右;,EA,0.0,212.0,0.0,0.0,154.0,0.0,58.0,
1318,1000398707,連接片;擺臂;左內;SPHC;T=6.0;;GM124;,EA,0.0,211.0,0.0,0.0,148.0,0.0,63.0,
1319,1000398711,連接片;擺臂;左外;SPHC;T=6.0;;GM124;,EA,0.0,211.0,0.0,0.0,148.0,0.0,63.0,
1320,1000398727,支撐管;;φ50.8x3.0tx232.5L;;;;轉臂組;,EA,0.0,90.0,0.0,0.0,90.0,0.0,0.0,
1321,1000398730,止擋塊;;;20#;;GM124;φ40x18L;轉臂組,EA,0.0,250.0,0.0,0.0,154.0,0.0,96.0,
1322,1000398743,轉軸;;右;20CrMo;;GM124;Φ35x152L;,EA,0.0,219.0,0.0,0.0,154.0,0.0,65.0,
1323,1000398766,連接管;;Φ50xΦ100x3.0tx730L;;;;連接組;,EA,0.0,382.0,0.0,0.0,254.0,0.0,128.0,
1324,1000398771,鋼索-加工;車架;;壓鋼索頭;Φ6.35x2700;GM124;,EA,0.0,90.0,0.0,0.0,55.0,0.0,35.0,
1325,1000398788,套管;握把;Φ38.1x160x3t;下;;Q195;GM120;,EA,0.0,310.0,0.0,0.0,40.0,0.0,270.0,
1326,1000398793,凸輪;;下;SPHC;487x412x8t;;GM115;,EA,0.0,200.0,0.0,0.0,43.0,0.0,157.0,
1327,1000398795,鋼索軌道;鋼索;下;SPHC;R276.5;;GM115;,EA,0.0,200.0,0.0,0.0,43.0,0.0,157.0,
1328,1000398862,心軸;轉動;;42CrMo;;GM124;ø20x113L;,EA,0.0,488.0,0.0,0.0,272.0,0.0,216.0,
1329,1000398863,套筒;桿端軸承;;45#;;GM124;ø17x50L;,EA,0.0,277.0,0.0,0.0,154.0,0.0,123.0,
1330,1000398865,凸輪;鋼索;大;UHMWPE;深灰;;GM124;,EA,0.0,225.0,0.0,0.0,129.0,0.0,96.0,
1331,1000398870,遮片;凸輪;外;SPHC;396x346x3.0T;;GM124;,EA,0.0,211.0,0.0,0.0,148.0,0.0,63.0,
1332,1000398872,五金零件包;;;;GM124;,EA,0.0,225.0,0.0,0.0,129.0,0.0,96.0,
1333,1000398879,連接桿;座椅調整;GM124;;;ADC12;毛坯;,EA,0.0,8888.0,0.0,0.0,5832.0,0.0,3056.0,122/123=điều chỉnh; chênh lệch=996.00
1334,1000398887,紙箱;基座;;1570x940x600;GM124;,EA,0.0,211.0,0.0,0.0,143.0,0.0,68.0,chênh lệch=14.00
1335,1000398891,保麗龍組;基座;;;GM124;,EA,0.0,197.0,0.0,0.0,71.0,0.0,126.0,
1336,1000398892,包裝附件組;;;;GM124;,EA,0.0,197.0,0.0,0.0,129.0,0.0,68.0,
1337,1000398899,螺套;螺絲;;20#;;GM121-KM;Φ10.5xΦ30.0x13.5L;,EA,0.0,1260.0,0.0,0.0,720.0,0.0,540.0,
1338,1000398914,套筒;底座;;20#;;GM121;φ55Xφ70X115;,EA,0.0,141.0,0.0,0.0,132.0,0.0,9.0,
1339,1000398915,支撐管;基座;Φ50.0X120.0X3.0TX1300L;;;Q195;GM1,EA,0.0,130.0,0.0,0.0,130.0,0.0,0.0,
1340,1000398916,主基管;基座;φ50.0x150.0x3.0tx1690L;;;Q195;GM1,EA,0.0,130.0,0.0,0.0,130.0,0.0,0.0,
1341,1000398917,固定軸;鋼索;;20#;;GM121;Φ25xΦ6.5x74.5L;,EA,0.0,222.0,0.0,0.0,132.0,0.0,90.0,
1342,1000398919,連接軸;滑輪;;20#;;GM121;Φ25.4x260;,EA,0.0,141.0,0.0,0.0,132.0,0.0,9.0,
1343,1000398920,固定片;滑輪;;;Φ145x3.0T;;GM121;,EA,0.0,141.0,0.0,0.0,132.0,0.0,9.0,
1344,1000398921,滑輪護蓋;基座;大;ABS/PA757;深灰;Φ140xΦ10.5x15.0L;,EA,0.0,7523.0,0.0,0.0,3968.0,0.0,3555.0,chênh lệch=160.00
1345,1000398924,固定片;支撐管;;SPHC;96x150x6.0T;;GM121;,EA,0.0,140.0,0.0,0.0,131.0,0.0,9.0,
1346,1000398925,套筒;握把;;20#;;GM121;Φ38.1x32.5x100L;,EA,0.0,300.0,0.0,0.0,264.0,0.0,36.0,
1347,1000398926,泡棉;握管;;PVC;Q520-7-3;Φ30x3.0Tx364L;GM121;,EA,0.0,280.0,0.0,0.0,196.0,0.0,84.0,
1348,1000398933,固定管;座椅;φ50.0x120.0x3.0tx1160L;;;Q195;GM1,EA,0.0,130.0,0.0,0.0,50.0,0.0,80.0,
1349,1000398936,凸輪;座椅;;尼龍+30%玻纖;深灰;;GM121;,EA,0.0,140.0,0.0,0.0,98.0,0.0,42.0,
1350,1000398940,固定片;線性軸承座;;SPHC;3.0T;;GM121;,EA,0.0,140.0,0.0,0.0,132.0,0.0,8.0,
1351,1000398941,固定片;皮帶輪;;SPHC;3.0T;;GM121;,EA,0.0,140.0,0.0,0.0,132.0,0.0,8.0,
1352,1000398942,支撐片;滑軌;;SPHC;8.0T;;GM121;,EA,0.0,140.0,0.0,0.0,131.0,0.0,9.0,
1353,1000398943,護蓋;滑輪;;ABS/PA757;深灰;;GM121;,EA,0.0,140.0,0.0,0.0,98.0,0.0,42.0,
1354,1000398947,軸承座;;65x66x43.5;;;ZG20;GM121;,EA,0.0,140.0,0.0,0.0,112.0,0.0,28.0,
1355,1000398949,軸承套;;;不鏽鋼;;GM121;Φ37xΦ45x24L;,EA,0.0,140.0,0.0,0.0,98.0,0.0,42.0,
1356,1000398963,鋼索-加工;車架;;壓鋼索頭;Φ6.35x3110L;GM121;,EA,0.0,104.0,0.0,0.0,70.0,0.0,34.0,
1357,1000398971,鋼索-加工;車架;;;Φ6.35x2985L;GM115;LOOS,EA,0.0,160.0,0.0,0.0,20.0,0.0,140.0,
1358,1000398990,包裝附件組;;;;;GM115;,EA,0.0,70.0,0.0,0.0,24.0,0.0,46.0,
1359,1000399019,連接管;;φ50x100x3.0x1028L;上;;Q195;GM121,EA,0.0,130.0,0.0,0.0,130.0,0.0,0.0,
1360,1000399021,固定片;連接管;上;SPHC;240x140x6.0T;;GM121;,EA,0.0,1351.0,0.0,0.0,901.0,0.0,450.0,
1361,1000399032,紙箱;基座;;1150x840x440;;GM121,EA,0.0,156.0,0.0,0.0,88.0,0.0,68.0,
1362,1000399033,包裝附件組;;;;;GM121,EA,0.0,156.0,0.0,0.0,78.0,0.0,78.0,
1363,1000399034,保麗龍;基座;,EA,0.0,156.0,0.0,0.0,26.0,0.0,130.0,
1364,1000399038,五金零件包;組裝;;;GM121;,EA,0.0,140.0,0.0,0.0,98.0,0.0,42.0,
1365,1000399047,護蓋;凸輪;;TPU;,EA,0.0,1338.0,0.0,0.0,799.0,0.0,539.0,
1366,1000399497,貼標;扭力;EP591;;;;;,EA,0.0,1440.0,0.0,0.0,0.0,0.0,1440.0,
1367,1000399652,五金零件包;組裝;;;GM125-KM;,EA,0.0,374.0,0.0,0.0,194.0,0.0,180.0,
1368,1000399677,螺絲;圓柱;M10X1.5PX130L-35L;;六角承窩;;鍍鉻;,EA,0.0,50.0,0.0,0.0,0.0,0.0,50.0,
1369,1000399685,固定板;連接管;右下;SPHC;185x83.0x6.0t;;GM113;,EA,0.0,9302.0,0.0,0.0,6673.0,0.0,2629.0,
1370,1000399692,連接管;;Φ50xΦ100x3.0tx384L;;;;GM113,EA,0.0,240.0,0.0,0.0,240.0,0.0,0.0,chênh lệch=40.00
1371,1000399710,基管;基座;Φ50.0X150.0X3.0TX3058L;;;STK41;GM1,EA,0.0,220.0,0.0,0.0,170.0,0.0,50.0,
1372,1000399713,支撐管;基座;Φ50.0X150.0X3.0TX116.0L;;;STK41;G,EA,0.0,220.0,0.0,0.0,170.0,0.0,50.0,
1373,1000399716,支撐管;基座;Φ50.0X120.0X3.0TX1860.0L;;;STK41;,EA,0.0,220.0,0.0,0.0,170.0,0.0,50.0,
1374,1000399724,連接管;連接組-GM;Φ50.0X100.0X3.0TX180.5L;;;;GM,EA,0.0,400.0,0.0,0.0,340.0,0.0,60.0,
1375,1000399725,連接管;擺臂;Φ40.0xΦ80.0x3.0Tx113.0L;左;;STK41;,EA,0.0,400.0,0.0,0.0,340.0,0.0,60.0,
1376,1000399727,旋轉臂管;;Φ50.8x3.0Tx735L;;;STK41;GM125;,EA,0.0,440.0,0.0,0.0,340.0,0.0,100.0,
1377,1000399728,固定片;滑輪;下;SPHC;226.6x170x5.0T;;GM125;,EA,0.0,516.0,0.0,0.0,460.0,0.0,56.0,
1378,1000399730,固定片;滑輪;上;SPHC;147.5x147.5x40.0x4.0T;;GM1,EA,0.0,588.0,0.0,0.0,462.0,0.0,126.0,
1379,1000399732,固定片;基座;上;SPHC;217.8x221x10.0T;;GM125;,EA,0.0,333.0,0.0,0.0,270.0,0.0,63.0,chênh lệch=40.00
1380,1000399733,支撐片;基座;上;SPHC;99.5x212.8x6.0T;;GM125;,EA,0.0,293.0,0.0,0.0,200.0,0.0,93.0,
1381,1000399734,固定片;;;SPHC;230.5x221x10.0T;;GM125;,EA,0.0,333.0,0.0,0.0,270.0,0.0,63.0,chênh lệch=40.00
1382,1000399735,固定片;基座;上;SPHC;465x287.5x6.0T;;GM125;,EA,0.0,293.0,0.0,0.0,230.0,0.0,63.0,
1383,1000399736,止檔片;基座;上;SPHC;43.5x32.5x6.0T;;GM125;,EA,0.0,586.0,0.0,0.0,400.0,0.0,186.0,
1384,1000399737,止檔片;基座;上;SPHC;64.5x32.5x3.0T;;GM125;,EA,0.0,586.0,0.0,0.0,400.0,0.0,186.0,
1385,1000399738,固定片;基座;;SPHC;465x237.5x6.0T;;GM125;,EA,0.0,258.0,0.0,0.0,231.0,0.0,27.0,
1386,1000399740,固定片;滑輪;;SPHC;187.5X145.0X40.0X3.0T;;GM12,EA,0.0,802.0,0.0,0.0,488.0,0.0,314.0,
1387,1000399741,固定片;凸輪;;SPHC;225.0X260X5.0T;;GM125;,EA,0.0,516.0,0.0,0.0,440.0,0.0,76.0,
1388,1000399742,固定片;止擋座;;SPHC;204x140x4.0T;;GM125;,EA,0.0,586.0,0.0,0.0,460.0,0.0,126.0,
1389,1000399743,止檔片;止擋;;SPHC;40.0x39.5x6.0T;;GM125;,EA,0.0,400.0,0.0,0.0,400.0,0.0,0.0,
1390,1000399746,補強板;止擋;;SPHC;40.0x25.0x3.0T;;GM125;,EA,0.0,400.0,0.0,0.0,400.0,0.0,0.0,
1391,1000399749,補強板;止擋;;SPHC;40x74x3.0T;;GM125;,EA,0.0,516.0,0.0,0.0,460.0,0.0,56.0,
1392,1000399751,連接片;擺臂;;SPHC;110.4x50.8x25.5x5.0T;;GM125,EA,0.0,588.0,0.0,0.0,462.0,0.0,126.0,
1393,1000399753,連接片;擺臂;;SPHC;120x50.8x25.5x5.0T;;GM125;,EA,0.0,588.0,0.0,0.0,462.0,0.0,126.0,
1394,1000399755,止檔片;旋轉臂;;SPHC;120.3x72.7x5.0t;鍍鉻;GM125;,EA,0.0,719.0,0.0,0.0,359.0,0.0,360.0,
1395,1000399827,固定軸套;固定;;20#;;GM125;Φ42x14.0L;,EA,0.0,728.0,0.0,0.0,542.0,0.0,186.0,chênh lệch=80.00
1396,1000399830,鋼索-加工;車架;;壓鋼索頭;Φ6.35x4285L;GM125;,EA,0.0,260.0,0.0,0.0,130.0,0.0,130.0,chênh lệch=40.00
1397,1000399832,鋼索-加工;基座;;壓鋼索頭;Φ6.35x2700L;GM125;,EA,0.0,260.0,0.0,0.0,130.0,0.0,130.0,chênh lệch=40.00
1398,1000399836,軸承套;傳動軸;;20#;;GM125;Φ50.8X81.0L;,EA,0.0,588.0,0.0,0.0,462.0,0.0,126.0,
1399,1000399837,軸承套;擺動臂;;20#;;GM125;Φ80.0xΦ38.0x60L;,EA,0.0,588.0,0.0,0.0,462.0,0.0,126.0,
1400,1000399844,軸承套;擺臂;;20#;;GM125;Φ50.8xΦ38.0x66L;,EA,0.0,588.0,0.0,0.0,450.0,0.0,138.0,
1401,1000399845,轉軸;擺臂;;20#;塗防鏽油;GM125;Φ20*79.5L;,EA,0.0,757.0,0.0,0.0,397.0,0.0,360.0,chênh lệch=40.00
1402,1000399847,握把;擺臂;Φ50.8*Φ19.4-318L;;;ZG20;GM125,EA,0.0,440.0,0.0,0.0,380.0,0.0,60.0,chênh lệch=40.00
1403,1000399849,遮飾板;握管;左;TPU1;Black 6C;;GM125;,EA,0.0,399.0,0.0,0.0,219.0,0.0,180.0,chênh lệch=40.00
1404,1000399850,遮飾板;擺臂;右;TPU1;Black 6C;;GM125;,EA,0.0,399.0,0.0,0.0,219.0,0.0,180.0,chênh lệch=40.00
1405,1000399851,凸輪;;;VHMWPE;;Φ280X20.0t;GM125;,EA,0.0,752.0,0.0,0.0,368.0,0.0,384.0,chênh lệch=40.00
1406,1000399854,護蓋;;上;ABS/PA757;深灰/80435;;GM125;,EA,0.0,408.0,0.0,0.0,202.0,0.0,206.0,chênh lệch=40.00
1407,1000399855,護蓋;;下;ABS/PA757;深灰/80435;;GM125;,EA,0.0,408.0,0.0,0.0,202.0,0.0,206.0,chênh lệch=40.00
1408,1000399856,端蓋;;;TPR;黑色/Black C;;GM125;,EA,0.0,668.0,0.0,0.0,408.0,0.0,260.0,chênh lệch=80.00
1409,1000399857,固定塊;護蓋;;20#;鍍鉻;GM125;Φ86X5.0T;,EA,0.0,798.0,0.0,0.0,438.0,0.0,360.0,chênh lệch=80.00
1410,1000399858,轉軸;凸輪;;20#;防鏽油;GM125;Φ28.0X171L;,EA,0.0,668.0,0.0,0.0,422.0,0.0,246.0,chênh lệch=80.00
1411,1000399988,握把;擺臂;;包膠;426C;;GM125;,EA,0.0,693.0,0.0,0.0,333.0,0.0,360.0,chênh lệch=40.00
1412,1000400008,底管;基座;φ50.0x150.0x3.0tx2455L;;;Q195;,EA,0.0,140.0,0.0,0.0,59.0,0.0,81.0,
1413,1000400009,支撐管;座椅;φ50.0xφ150.0x3.0tx1294.5L;;;Q195;,EA,0.0,140.0,0.0,0.0,59.0,0.0,81.0,
1414,1000400010,支撐片;基座;;SPHC;294.1x90x190x3T;;GM116;,EA,0.0,180.0,0.0,0.0,59.0,0.0,121.0,
1415,1000400011,固定片;滑輪;;SPHC;97.8x77.7x80x3T;;GM116;,EA,0.0,140.0,0.0,0.0,59.0,0.0,81.0,
1416,1000400012,止檔片;;;SPHC;45x36x3t;;GM116;,EA,0.0,140.0,0.0,0.0,59.0,0.0,81.0,
1417,1000400108,螺絲;傘頭;M3x0.5Px12L;;十字;不鏽鋼;;;;,EA,0.0,2160.0,0.0,0.0,0.0,0.0,2160.0,
1418,1000400165,固定管;背墊;Φ50xΦ120x3.0tx927.4L;;;;Q195;,EA,0.0,324.0,0.0,0.0,158.0,0.0,166.0,
1419,1000400330,管;基座;φ50xφ150x3.0tx1390L;;;;GM128-KM;,EA,0.0,170.0,0.0,0.0,80.0,0.0,90.0,
1420,1000400331,支撐管;胸墊;Φ40xΦ80x3.0Tx491L;;;;GM128-KM;,EA,0.0,170.0,0.0,0.0,80.0,0.0,90.0,
1421,1000400332,管;握把;Φ25.4x3.0Tx524L;右;;;GM128-KM;,EA,0.0,80.0,0.0,0.0,80.0,0.0,0.0,
1422,1000400333,管;握把;Φ25.4x3.0Tx524L;左;;;GM128-KM;,EA,0.0,80.0,0.0,0.0,80.0,0.0,0.0,
1423,1000400334,支撐管;手墊;Φ50.0xΦ100.0x3.0Tx223L;;;;GM128-K,EA,0.0,80.0,0.0,0.0,80.0,0.0,0.0,
1424,1000400338,轉軸;腳踏板;;20CrMo;;GM128-KM;Φ35x156L;,EA,0.0,190.0,0.0,0.0,96.0,0.0,94.0,
1425,1000400340,固定片;轉軸;;;114x207.5x12T;;GM128-KM;,EA,0.0,190.0,0.0,0.0,120.0,0.0,70.0,
1426,1000400341,固定管;腳踏板;□25.0x50.0x3.0Tx573.0L;;;;GM128-,EA,0.0,170.0,0.0,0.0,80.0,0.0,90.0,
1427,1000400342,固定片;腳踏板;;SPHC;100x590x6.0T;;GM128-KM;,EA,0.0,170.0,0.0,0.0,92.0,0.0,78.0,
1428,1000400343,配重塊;;;20#;;GM128-KM;Φ60x22L;,EA,0.0,190.0,0.0,0.0,120.0,0.0,70.0,
1429,1000400344,橡膠踏墊;;;橡膠(SBR);黑色/Black C;;GM128-KM;,EA,0.0,170.0,0.0,0.0,96.0,0.0,74.0,
1430,1000400345,背蓋;腳墊;;ABS/PA757;;;GM128-KM;Matrix Dark,EA,0.0,170.0,0.0,0.0,96.0,0.0,74.0,
1431,1000400352,連接管;擺臂;Φ50.0xΦ100.0x3.0Tx1000L;;;;GM128-,EA,0.0,80.0,0.0,0.0,80.0,0.0,0.0,
1432,1000400354,固定片;滑輪;左;SPHC;115.5x166x3.0T;;GM128-KM;,EA,0.0,340.0,0.0,0.0,184.0,0.0,156.0,
1433,1000400357,支撐管;擺臂;Φ50.0xΦ100.0x3.0Tx145.5L;;;;GM128,EA,0.0,170.0,0.0,0.0,80.0,0.0,90.0,
1434,1000400358,支撐軸;滑輪;;20#;;GM128-KM;Φ25x116L;,EA,0.0,190.0,0.0,0.0,96.0,0.0,94.0,
1435,1000400360,連接片;擺臂;;SPHC;190.0x650x6.0T;;GM128-KM;,EA,0.0,190.0,0.0,0.0,96.0,0.0,94.0,
1436,1000400361,支撐管;緩衝墊;Φ31.8x3.0Tx118L;;;;GM128-KM;,EA,0.0,80.0,0.0,0.0,80.0,0.0,0.0,
1437,1000400365,管;擺臂;Φ40xΦ80x3.0Tx807L;;;;GM128-KM;,EA,0.0,80.0,0.0,0.0,80.0,0.0,0.0,
1438,1000400366,五通管;腳踏主軸;;20#;;GM128-KM;Φ48xΦ70x122L;,EA,0.0,190.0,0.0,0.0,96.0,0.0,94.0,
1439,1000400373,轉軸;擺臂;;20CrMo;;GM128-KM;Φ35x196.7L;,EA,0.0,190.0,0.0,0.0,96.0,0.0,94.0,
1440,1000400376,固定軸;鋼索;;20CrMo;;GM128-KM;Φ25x101.5L;,EA,0.0,190.0,0.0,0.0,96.0,0.0,94.0,
1441,1000400381,鋼索-加工;車架;;壓鋼索頭;Φ6.35x1505L;GM128-KM;,EA,0.0,170.0,0.0,0.0,56.0,0.0,114.0,
1442,1000400385,貼地桿;;Φ50.0xΦ100.0x3.0Tx700L;左;;;GM128-KM,EA,0.0,170.0,0.0,0.0,80.0,0.0,90.0,
1443,1000400387,貼地桿;;Φ50.0xΦ100.0x3.0Tx296L;後;;;GM128-KM,EA,0.0,170.0,0.0,0.0,80.0,0.0,90.0,
1444,1000400388,固定片;基座管;;SPHC;120x240x10.T;;GM128-KM;,EA,0.0,190.0,0.0,0.0,116.0,0.0,74.0,
1445,1000400389,固定套;座管;;20#;;GM128-KM;Φ25x42L;,EA,0.0,570.0,0.0,0.0,288.0,0.0,282.0,
1446,1000400391,補強管;腳踏板;20x40x2.0tx525L;;;;GM128-KM;,EA,0.0,80.0,0.0,0.0,80.0,0.0,0.0,
1447,1000400393,固定片;腳墊調整;;SPHC;Φ80x6.0T;;GM128-KM;,EA,0.0,264.0,0.0,0.0,137.0,0.0,127.0,
1448,1000400394,補強片;;;SPHC;42.0x90.5x6.0T;;GM128-KM;,EA,0.0,170.0,0.0,0.0,92.0,0.0,78.0,
1449,1000400395,固定片;腳踏板;;SPHC;500x835.5x3.0T;;GM128-KM;,EA,0.0,190.0,0.0,0.0,120.0,0.0,70.0,
1450,1000400399,腳踏板;;;橡膠(SBR);黑色/Black C;;GM128-KM;,EA,0.0,170.0,0.0,0.0,89.0,0.0,81.0,
1451,1000400403,連接管;車架;φ50xφ100x3tx611.7L;上;;;GM128-KM;,EA,0.0,170.0,0.0,0.0,80.0,0.0,90.0,
1452,1000400428,EN貼標;;;;;;;GM128-KM;,EA,0.0,340.0,0.0,0.0,284.0,0.0,56.0,
1453,1000400437,外紙箱;基座紙箱;;;1420x940x520;GM128-KM;,EA,0.0,172.0,0.0,0.0,98.0,0.0,74.0,chênh lệch=2.00
1454,1000400438,保麗龍;基座;;;;GM128-KM;,EA,0.0,170.0,0.0,0.0,27.0,0.0,143.0,
1455,1000400439,包裝附件組;;;;;GM128-KM,EA,0.0,170.0,0.0,0.0,152.0,0.0,18.0,
1456,1000400444,五金零件包;;;;GM128-KM;,EA,0.0,170.0,0.0,0.0,89.0,0.0,81.0,
1457,1000400552,支撐管;基座;Φ50xΦ150x3.0tx2012L;下;;STK41;GM11,EA,0.0,215.0,0.0,0.0,120.0,0.0,95.0,
1458,1000400555,座椅管;座椅;Φ50xΦ120x3.0tx1530L;;;STK41;GM111,EA,0.0,215.0,0.0,0.0,120.0,0.0,95.0,
1459,1000400556,固定片;拉銷;上;SPHC;129.6x121.8x3.0t;;GM111-KM,EA,0.0,498.0,0.0,0.0,286.0,0.0,212.0,
1460,1000400557,固定片;滑輪;內;SPHC;198x143x5.0t;;GM111-KM;,EA,0.0,498.0,0.0,0.0,286.0,0.0,212.0,
1461,1000400558,止擋管;基座;Φ50.8x3.0tx290L;上;;STK41;GM111-KM,EA,0.0,215.0,0.0,0.0,120.0,0.0,95.0,
1462,1000400559,止擋管;擺臂;Φ50.8x3.0tx140L;左下;;STK41;GM111-K,EA,0.0,215.0,0.0,0.0,120.0,0.0,95.0,
1463,1000400560,止擋管;擺臂;Φ50.8x3.0tx140L;右下;;STK41;GM111-K,EA,0.0,215.0,0.0,0.0,120.0,0.0,95.0,
1464,1000400562,固定塊;止擋;短;20#;;GM111-KM;Φ42x14.0L;,EA,0.0,1444.0,0.0,0.0,580.0,0.0,864.0,
1465,1000400563,旋轉座;擺臂;3.3kg;上;;ZG20;GM111-KM;,EA,0.0,236.0,0.0,0.0,145.0,0.0,91.0,
1466,1000400564,支撐管;滑輪;Φ40xΦ80x3.0tx80L;左上;;STK41;GM111-,EA,0.0,215.0,0.0,0.0,120.0,0.0,95.0,
1467,1000400565,支撐管;滑輪;Φ40xΦ80x3.0tx80L;右上;;STK41;GM111-,EA,0.0,215.0,0.0,0.0,120.0,0.0,95.0,
1468,1000400566,連接管;滑輪;Φ50xΦ100x3.0tx80L;上;;STK41;GM111-,EA,0.0,190.0,0.0,0.0,120.0,0.0,70.0,
1469,1000400567,支撐管;滑輪;Φ50xΦ100x3.0tx167L;上;;STK41;GM111,EA,0.0,215.0,0.0,0.0,120.0,0.0,95.0,
1470,1000400568,支撐片;滑輪導桿;下;SPHC;56x93x6.0T;;GM111-KM;,EA,0.0,249.0,0.0,0.0,143.0,0.0,106.0,
1471,1000400569,支撐片;滑輪;下;SPHC;162x325x5.0t;;GM111-KM;,EA,0.0,498.0,0.0,0.0,286.0,0.0,212.0,
1472,1000400572,固定片;滑輪;小;SPHC;203x121x3.0t;;GM111-KM;外,EA,0.0,498.0,0.0,0.0,286.0,0.0,212.0,
1473,1000400573,固定片;滑輪;大;SPHC;223x122x3.0t;;GM111-KM;外,EA,0.0,498.0,0.0,0.0,286.0,0.0,212.0,
1474,1000400579,連接管;連接組-GM;Φ50xΦ100x3.0tx1160L;上;;STK41;,EA,0.0,170.0,0.0,0.0,120.0,0.0,50.0,
1475,1000400607,固定片;連接管;上;SPHC;190.0x65.0x6.0t;;GM111-KM,EA,0.0,764.0,0.0,0.0,543.0,0.0,221.0,
1476,1000400620,擺臂管;擺臂;Φ60x3.0tx1100L;左;;STK41;GM111-KM;,EA,0.0,215.0,0.0,0.0,120.0,0.0,95.0,
1477,1000400621,連接管;配重塊;Φ50.8x3.0tx275L;;;STK41;GM111-KM,EA,0.0,340.0,0.0,0.0,240.0,0.0,100.0,
1478,1000400630,擺臂管;擺臂;Φ60x3.0tx1100L;右;;STK41;GM111-KM;,EA,0.0,215.0,0.0,0.0,120.0,0.0,95.0,
1479,1000400633,五金零件包;組裝;;;GM111-KM;,EA,0.0,301.0,0.0,0.0,145.0,0.0,156.0,
1480,1000400651,固定片;滑輪;外;SPHC;174x60x3.0t;;GM111-KM;,EA,0.0,1452.0,0.0,0.0,1062.0,0.0,390.0,
1481,1000400772,包裝附件組;;;;GM125-KM;,EA,0.0,245.0,0.0,0.0,144.0,0.0,101.0,
1482,1000400775,調整片;背墊;;SPHC;410.2x311x6.0t;鍍鉻;GM1113;,EA,0.0,663.0,0.0,0.0,222.0,0.0,441.0,
1483,1000401061,管;轉臂;Φ50xΦ100x3.0tx365.5L;;;;GM113;,EA,0.0,314.0,0.0,0.0,240.0,0.0,74.0,chênh lệch=40.00
1484,1000401066,固定片;滑輪;上;SPHC;155.4x159.9x78.1x3t;;GM116,EA,0.0,180.0,0.0,0.0,59.0,0.0,121.0,
1485,1000401067,連接頭;鋼索;;20#;;GM116;Φ22x91.2L;鍍鉻;,EA,0.0,1094.0,0.0,0.0,606.0,0.0,488.0,chênh lệch=40.00
1486,1000401068,軸套;;;20#;;GM116;Φ25x33.8L;,EA,0.0,496.0,0.0,0.0,118.0,0.0,378.0,
1487,1000401072,連接管;;φ50.0x100.0x3.0tx935.7L;上;;Q195;,EA,0.0,140.0,0.0,0.0,59.0,0.0,81.0,
1488,1000401079,腳踏管;;φ50.0xφ120.0x3.0tx1344L;;;Q195;GM11,EA,0.0,140.0,0.0,0.0,59.0,0.0,81.0,
1489,1000401081,調整桿組-加工;;;鍍鉻;;GM116;,EA,0.0,140.0,0.0,0.0,59.0,0.0,81.0,
1490,1000401114,調整拉銷組;調整;下;焊接;鍍鉻;GM120;,EA,0.0,250.0,0.0,0.0,112.0,0.0,138.0,
1491,1000401268,套管;調整拉銷;;Q195;;GM116;Φ38.1X4TX199.5L;,EA,0.0,160.0,0.0,0.0,59.0,0.0,101.0,
1492,1000401292,拉桿組;;;焊接;;GM116;,EA,0.0,140.0,0.0,0.0,59.0,0.0,81.0,
1493,1000401300,固定管;背墊;φ50.0x120.0x3.0tx737.3L;;;Q195;,EA,0.0,140.0,0.0,0.0,59.0,0.0,81.0,
1494,1000401307,鋼索-加工;;;壓鋼索頭;Φ6.35x3750L;GM116;,EA,0.0,140.0,0.0,0.0,20.0,0.0,120.0,
1495,1000401338,外紙箱;;;;1670x1050x440;GM116-KM ;,EA,0.0,139.0,0.0,0.0,39.0,0.0,100.0,
1496,1000401340,包裝附件組;;;;;GM116-KM;,EA,0.0,139.0,0.0,0.0,39.0,0.0,100.0,
1497,1000401341,保麗龍組;,EA,0.0,139.0,0.0,0.0,39.0,0.0,100.0,
1498,1000401484,鋼索-加工;基座;;壓鋼索頭;Φ6.35x3260L;GM111-KM;,EA,0.0,170.0,0.0,0.0,120.0,0.0,50.0,
1499,1000401486,鋼索-加工;車架;2;壓鋼索頭;Φ6.35x2370L;GM111-KM;,EA,0.0,170.0,0.0,0.0,120.0,0.0,50.0,
1500,1000401517,支撐管;座管;Φ50xΦ150x3.0tx1100L;,EA,0.0,192.0,0.0,0.0,73.0,0.0,119.0,
1501,1000401518,座椅管;座椅;Φ50xΦ120x3.0tx1115L;,EA,0.0,192.0,0.0,0.0,73.0,0.0,119.0,
1502,1000401544,連接管;;Φ50xΦ100x3.0tx354.5L;前上;,EA,0.0,192.0,0.0,0.0,73.0,0.0,119.0,
1503,1000401580,支撐管;基座;φ50.0x150.0x3.0x2037.7L;;;;GM126-,EA,0.0,128.0,0.0,0.0,104.0,0.0,24.0,
1504,1000401581,支撐管;座墊;φ50.0x120.0x3.0tx820L;;;;GM126-KM,EA,0.0,128.0,0.0,0.0,104.0,0.0,24.0,
1505,1000401590,連接管;;φ50x100x3.0tx1947L;;;Q195;,EA,0.0,192.0,0.0,0.0,73.0,0.0,119.0,
1506,1000401591,立管;基座;φ50x100x3.0tx1300L;;;Q195;GM119;,EA,0.0,192.0,0.0,0.0,73.0,0.0,119.0,
1507,1000401592,調整片;;;SPHC;294.2x201.8x8.0T;;GM119;,EA,0.0,264.0,0.0,0.0,137.0,0.0,127.0,
1508,1000401595,護片;止擋片;;SPHC;6.0T;;GM119;,EA,0.0,337.0,0.0,0.0,137.0,0.0,200.0,
1509,1000401598,管;擺臂;Φ50xΦ100x3.0tx560.5L;;;Q195;,EA,0.0,192.0,0.0,0.0,73.0,0.0,119.0,
1510,1000401603,調整軸套;轉臂;;;;GM119;;,EA,0.0,832.0,0.0,0.0,532.0,0.0,300.0,
1511,1000401606,固定片;腿墊;;SPHC;228x65x8.0t;;GM119;,EA,0.0,264.0,0.0,0.0,137.0,0.0,127.0,
1512,1000401607,固定片;腿墊;二;SPHC;228x65x8.0t;;GM119;,EA,0.0,264.0,0.0,0.0,137.0,0.0,127.0,
1513,1000401608,轉軸-加工;腿墊;;車削;Φ20.0x87L;GM119;,EA,0.0,358.0,0.0,0.0,153.0,0.0,205.0,
1514,1000401611,凸輪焊接組;;;焊接;;GM119;,EA,0.0,292.0,0.0,0.0,137.0,0.0,155.0,
1515,1000401615,凸輪;;;UHMWPE;;;GM119;,EA,0.0,363.0,0.0,0.0,137.0,0.0,226.0,
1516,1000401616,鋼索-加工;;;壓鋼索頭;Φ6.35x2760L;GM119;LOOS,EA,0.0,140.0,0.0,0.0,40.0,0.0,100.0,
1517,1000401625,鋼索-加工;車架;;壓鋼索頭;;GM126-KM;,EA,0.0,104.0,0.0,0.0,80.0,0.0,24.0,
1518,1000401629,連接管;;φ50.0x100.0x3.0tx404L;上;;;GM126-KM;,EA,0.0,50.0,0.0,0.0,50.0,0.0,0.0,
1519,1000401636,五金零件包;組裝;;;GM126-KM;,EA,0.0,146.0,0.0,0.0,97.0,0.0,49.0,
1520,1000401640,支撐管;;φ50.0x100.0x3.0tx1152L;下;;;GM126-KM,EA,0.0,128.0,0.0,0.0,104.0,0.0,24.0,
1521,1000401641,支撐管;;φ50.0x100.0x3.0tx973.4L;上;;;GM126-K,EA,0.0,128.0,0.0,0.0,104.0,0.0,24.0,
1522,1000401646,連接管;旋轉軸;φ50.0x100.0x3.0tx593.1L;;;;GM126,EA,0.0,50.0,0.0,0.0,50.0,0.0,0.0,
1523,1000401647,凸輪;鋼索;大;UHMWPE;深灰;;GM126;,EA,0.0,195.0,0.0,0.0,97.0,0.0,98.0,
1524,1000401651,包裝附件組;;;;;GM119-KM;,EA,0.0,202.0,0.0,0.0,117.0,0.0,85.0,
1525,1000401652,保麗龍;基座;;;;GM119-KM;,EA,0.0,202.0,0.0,0.0,71.0,0.0,131.0,
1526,1000401653,紙箱;基座;;;1400x1100x600;GM119-KM,EA,0.0,202.0,0.0,0.0,137.0,0.0,65.0,
1527,1000401829,外紙箱;基座;;1415x1280x580;;GM111-KM;,EA,0.0,265.0,0.0,0.0,25.0,0.0,240.0,
1528,1000401830,包裝附件組;;;;;GM111-KM,EA,0.0,265.0,0.0,0.0,115.0,0.0,150.0,
1529,1000401831,保麗龍組;;;;;GM111-KM;,EA,0.0,273.0,0.0,0.0,8.0,0.0,265.0,
1530,1000401843,護蓋片;凸輪;右;SPHC;250x164x48x6t;;GM126-KM;,EA,0.0,134.0,0.0,0.0,111.0,0.0,23.0,
1531,1000401844,補強管;;φ30.0x70.0x2.0tx246.2L;;;;GM126-KM;,EA,0.0,128.0,0.0,0.0,104.0,0.0,24.0,
1532,1000401872,掛勾;主基管;;TPU;Black 6C;毛巾勾;GM113;,EA,0.0,4135.0,0.0,0.0,2438.0,0.0,1697.0,chênh lệch=40.00
1533,1000401873,塑膠勾;掛勾;;TPU1;;毛巾勾;GM113;橡膠基座,EA,0.0,40.0,0.0,0.0,0.0,0.0,40.0,thử khuôn/chưa nhập kho→tồn kho; tồn điều chỉnh (vật liệu thử khuôn.): delta=+40
1534,1000401926,支撐管;基座;φ50xφ150x3.0Tx1750L;下;;;GM122,EA,0.0,140.0,0.0,0.0,80.0,0.0,60.0,
1535,1000401927,座椅管;座椅;Φ50.0x120.0x3.0Tx995L;;;;GM122,EA,0.0,140.0,0.0,0.0,80.0,0.0,60.0,
1536,1000401929,固定片;基座;上;SPC;217x77x6.0T;;GM122-KM;,EA,0.0,227.0,0.0,0.0,94.0,0.0,133.0,
1537,1000401965,固定片;滑輪;下;SPHC;175.5x170x3.0T;;GM122-KM;,EA,0.0,454.0,0.0,0.0,188.0,0.0,266.0,
1538,1000401969,補強管;基座-GM;Φ60.0xΦ100.0x3.0Tx850L;上;;STK4,EA,0.0,140.0,0.0,0.0,60.0,0.0,80.0,
1539,1000401974,支撐管;基座-GM;Φ50.8x3.0Tx995L;前;;STK41;GM122,EA,0.0,140.0,0.0,0.0,80.0,0.0,60.0,
1540,1000402011,調整片;腿墊;;SUS304;;;GM119;,EA,0.0,332.0,0.0,0.0,157.0,0.0,175.0,
1541,1000402034,固定片;滑輪;左上;SPHC;216x140x3.0T;;GM122-KM;,EA,0.0,454.0,0.0,0.0,188.0,0.0,266.0,
1542,1000402036,固定片;滑輪;右上;SPHC;246x140x3.0T;;GM122-KM;,EA,0.0,454.0,0.0,0.0,188.0,0.0,266.0,
1543,1000402039,連接片;基座;前;SPHC;227x68x6.0T;;GM122-KM;,EA,0.0,227.0,0.0,0.0,94.0,0.0,133.0,
1544,1000402041,軸套;背墊;;20#;;GM122-KM;Φ30.0x5.5Tx60L;,EA,0.0,602.0,0.0,0.0,188.0,0.0,414.0,
1545,1000402043,連接管;背墊;Φ38.1x3.0Tx140L;左;;STK41;GM122-KM,EA,0.0,140.0,0.0,0.0,60.0,0.0,80.0,
1546,1000402051,止擋片;凸輪止擋;;PA66;;;GM124;U型;,EA,0.0,3850.0,0.0,0.0,1896.0,0.0,1954.0,chênh lệch=40.00
1547,1000402054,連接管;背墊;Φ38.1x3.0Tx140L;右;;STK41;GM122-KM,EA,0.0,140.0,0.0,0.0,80.0,0.0,60.0,
1548,1000402055,固定片;轉軸;;SPHC;95x52x12.0T;;GM122-KM;,EA,0.0,730.0,0.0,0.0,188.0,0.0,542.0,
1549,1000402110,警告貼標;;40x40;;PC;;;配重塊;,EA,0.0,920.0,0.0,0.0,80.0,0.0,840.0,
1550,1000402145,凸輪;;大;VHMWPE;深灰;;GM122-KM;,EA,0.0,454.0,0.0,0.0,188.0,0.0,266.0,
1551,1000402146,鋼索;;1;;Φ6.35x3110L;;GM122-KM,EA,0.0,140.0,0.0,0.0,80.0,0.0,60.0,
1552,1000402147,鋼索;;2;;Φ6.35x3270L;;GM122-KM;,EA,0.0,140.0,0.0,0.0,80.0,0.0,60.0,
1553,1000402151,連接管;車架;Φ50xΦ100x3Tx1200L;上;;STK41;GM122-,EA,0.0,80.0,0.0,0.0,80.0,0.0,0.0,
1554,1000402161,五金零件組;半成品;;;;;GM122-KM;,EA,0.0,226.0,0.0,0.0,93.0,0.0,133.0,
1555,1000402183,五金零件組;;;;;;GM129-KM;,EA,0.0,140.0,0.0,0.0,74.0,0.0,66.0,
1556,1000402202,支撐管;基座;φ50xφ120x3tx2040L;,EA,0.0,182.0,0.0,0.0,140.0,0.0,42.0,
1557,1000402206,固定管;背墊;φ50xφ120x3tx1036.5L;;;;,EA,0.0,182.0,0.0,0.0,140.0,0.0,42.0,
1558,1000402211,固定片;滑輪;下;SPHC;394x205x3.0T;;GM123;,EA,0.0,281.0,0.0,0.0,169.0,0.0,112.0,
1559,1000402212,固定管;基座;Φ40XΦ80X3.0TX30L;;;;,EA,0.0,182.0,0.0,0.0,140.0,0.0,42.0,
1560,1000402213,固定片;滑輪;大;SPHC;473.7x191.1x4.0T;;GM123-KM,EA,0.0,432.0,0.0,0.0,356.0,0.0,76.0,
1561,1000402221,擺臂管;擺臂;φ60x3.0tx843L;;;Q195;,EA,0.0,364.0,0.0,0.0,280.0,0.0,84.0,
1562,1000402222,固定片;皮帶輪;右;SPHC;272.2x200.3x5.0T;;GM123-K,EA,0.0,291.0,0.0,0.0,159.0,0.0,132.0,
1563,1000402227,連接管;擺臂;φ60x3.0tx450L;;;Q195;,EA,0.0,364.0,0.0,0.0,280.0,0.0,84.0,
1564,1000402239,連接管;;φ50xφ100x3.0tx1007.5L;上;;Q195;,EA,0.0,182.0,0.0,0.0,140.0,0.0,42.0,
1565,1000402244,止擋管;;Φ40XΦ80X3.0TX60L;上;,EA,0.0,182.0,0.0,0.0,140.0,0.0,42.0,
1566,1000402292,固定片;連接管;下;SPHC;6.0T;;GM121-KM;,EA,0.0,1420.0,0.0,0.0,1028.0,0.0,392.0,
1567,1000402360,管;基座;φ50xφ150x3.0x1588.5L;;;;GM129,EA,0.0,140.0,0.0,0.0,55.0,0.0,85.0,
1568,1000402361,支撐管;胸墊;φ120xφ50x3.0x1080L;;;;GM129,EA,0.0,140.0,0.0,0.0,55.0,0.0,85.0,
1569,1000402368,止檔片;凸輪;;SPHC;Φ160x4.0;;GM113;,EA,0.0,605.0,0.0,0.0,605.0,0.0,0.0,
1570,1000402369,鎖緊片;凸輪;;SPHC;Φ160x3.0t;;GM113;四方錐,EA,0.0,1191.0,0.0,0.0,910.0,0.0,281.0,
1571,1000402371,固定片;滑輪;;SPHC;440.63x179.01x3.0T;;GM129;,EA,0.0,180.0,0.0,0.0,71.0,0.0,109.0,
1572,1000402372,支撐片;固定片;;SPHC;29x50x3.0t;;GM129;,EA,0.0,140.0,0.0,0.0,71.0,0.0,69.0,
1573,1000402373,凸輪;鋼索;大;VHMWPE;深灰;;GM129;,EA,0.0,280.0,0.0,0.0,228.0,0.0,52.0,
1574,1000402400,底管;車架;φ50.8x2.0Tx872L;後;;;EP710,EA,0.0,40.0,0.0,0.0,0.0,0.0,40.0,
1575,1000402415,基管;;φ50xφ100x3.0tx810L;左下;;;GM127-KM;,EA,0.0,188.0,0.0,0.0,188.0,0.0,0.0,
1576,1000402416,連接管;;φ50x100x3.0x990L;上;;;GM129;,EA,0.0,140.0,0.0,0.0,55.0,0.0,85.0,
1577,1000402417,調整管;;φ50.8x2.0Tx984.5L;;;;EP710;,EA,0.0,40.0,0.0,0.0,0.0,0.0,40.0,
1578,1000402423,軸套;擺臂;;20#;;GM127-KM;Φ70xΦ50x270L;,EA,0.0,259.0,0.0,0.0,259.0,0.0,0.0,
1579,1000402426,補強管;基座;φ30xφ70x3.0tx489.5L;;;;GM127-KM;,EA,0.0,188.0,0.0,0.0,188.0,0.0,0.0,
1580,1000402427,止擋管;基座;φ50.8x3.0tx211L;;;;GM127-KM;,EA,0.0,188.0,0.0,0.0,188.0,0.0,0.0,
1581,1000402433,擺臂管;;φ50x100x3.0Tx572L;;;;GM127-KM;,EA,0.0,188.0,0.0,0.0,188.0,0.0,0.0,
1582,1000402434,固定片;調整;;SPHC;103.6x110.8x6.0t;;GM127-KM;,EA,0.0,245.0,0.0,0.0,245.0,0.0,0.0,
1583,1000402435,軸套;腿墊;;20#;;GM127-KM;Φ51xΦ38x74L;,EA,0.0,402.0,0.0,0.0,260.0,0.0,142.0,
1584,1000402437,止擋桿;特制螺絲;2;45#;鍍硬鉻;GM127-KM;φ10x24.5L;特製,EA,0.0,267.0,0.0,0.0,260.0,0.0,7.0,
1585,1000402439,調整軸;座墊;;45#;鍍硬鉻;GM127-KM;Φ20x90.5L;,EA,0.0,312.0,0.0,0.0,264.0,0.0,48.0,
1586,1000402444,固定片;腿墊;左;SPHC;252x70x8.0t;;GM127-KM;,EA,0.0,245.0,0.0,0.0,245.0,0.0,0.0,
1587,1000402445,固定片;腿墊;;SPHC;195x70x8.0t;;GM127-KM;,EA,0.0,245.0,0.0,0.0,245.0,0.0,0.0,
1588,1000402452,連接管;拆卸;φ50xφ100x3.0tx359L;上;;;GM127-KM;,EA,0.0,188.0,0.0,0.0,188.0,0.0,0.0,
1589,1000402456,調整組;凸輪;;焊接;;GM127-KM;,EA,0.0,281.0,0.0,0.0,260.0,0.0,21.0,
1590,1000402464,凸輪;;;UHMWPE;深灰;;GM127-KM;,EA,0.0,267.0,0.0,0.0,260.0,0.0,7.0,
1591,1000402465,鋼索-加工;車架;;壓鋼索頭;Φ6.35x2770L;GM127-KM;,EA,0.0,188.0,0.0,0.0,188.0,0.0,0.0,
1592,1000402477,基座紙箱;;;1340x760x710;GM127-KM,EA,0.0,1.0,0.0,0.0,0.0,0.0,1.0,thử khuôn/chưa nhập kho→tồn kho; tồn điều chỉnh (bù sản phẩm lỗi): delta=+1
1593,1000402488,五金零件包;;;;GM127-KM;,EA,0.0,267.0,0.0,0.0,260.0,0.0,7.0,
1594,1000402503,鋼索-加工;車架;;壓鋼索頭;Φ6.35X3995L;GM123;,EA,0.0,140.0,0.0,0.0,66.0,0.0,74.0,
1595,1000402506,五金零件包;組裝;;;GM123-KM;,EA,0.0,211.0,0.0,0.0,120.0,0.0,91.0,
1596,1000402516,EN貼標;;;;消銀龍;;英文;GM123-KM,EA,0.0,450.0,0.0,0.0,308.0,0.0,142.0,
1597,1000402541,紙箱;基座;;1270x990x660;GM129-KM;,EA,0.0,114.0,0.0,0.0,114.0,0.0,0.0,
1598,1000402542,保麗龍;基座;;;GM129-KM;,EA,0.0,114.0,0.0,0.0,42.0,0.0,72.0,
1599,1000402544,包裝附件組;;;;GM129-KM;,EA,0.0,114.0,0.0,0.0,42.0,0.0,72.0,
1600,1000402547,膠合板;;;1220x950x5;GM129-KM;,EA,0.0,30.0,0.0,0.0,29.0,0.0,1.0,
1601,1000402602,紙箱;基座;;;1400x940x340;GM123-KM;,EA,0.0,193.0,0.0,0.0,105.0,0.0,88.0,chênh lệch=1.00
1602,1000402603,保麗龍;基座;;;;GM123-KM;,EA,0.0,192.0,0.0,0.0,15.0,0.0,177.0,
1603,1000402604,包裝附件組;;;;;GM123-KM;,EA,0.0,192.0,0.0,0.0,104.0,0.0,88.0,
1604,1000402605,膠合板;;;1360x900x5;;GM123-KM,EA,0.0,76.0,0.0,0.0,42.0,0.0,34.0,
1605,1000402611,固定片;凸輪;;SPHC;280x250x4.0t;;GM122-KM;,EA,0.0,454.0,0.0,0.0,188.0,0.0,266.0,
1606,1000402618,固定片;肘墊;右;SPHC;54x45x5.0t;;GM122-KM;,EA,0.0,454.0,0.0,0.0,188.0,0.0,266.0,
1607,1000402620,固定片;肘墊;左;SPHC;54x45x5.0t;;GM122-KM;,EA,0.0,454.0,0.0,0.0,188.0,0.0,266.0,
1608,1000402626,EN貼標;;;;消銀龍;;英文;GM126-KM;,EA,0.0,768.0,0.0,0.0,322.0,0.0,446.0,
1609,1000402658,包裝附件組;;;;;GM126-KM;,EA,0.0,152.0,0.0,0.0,97.0,0.0,55.0,
1610,1000402659,保麗龍;基座;;;;GM126-KM;,EA,0.0,152.0,0.0,0.0,12.0,0.0,140.0,
1611,1000402660,紙箱;基座;;1400x1140x595;;GM126-KM;,EA,0.0,152.0,0.0,0.0,97.0,0.0,55.0,
1612,1000402731,固定座;車架;20#;;;;EP711;,EA,0.0,1440.0,0.0,0.0,0.0,0.0,1440.0,
1613,1000402736,固定座;車架;20#;;;;EP711;,EA,0.0,1440.0,0.0,0.0,0.0,0.0,1440.0,
1614,1000402753,管;基座;Φ50xΦ150x3.0tx1680L;;;;GM117,EA,0.0,160.0,0.0,0.0,140.0,0.0,20.0,
1615,1000402754,支撐管;背墊;Φ50x120x3.0tx1195.5L;;;;GM117,EA,0.0,160.0,0.0,0.0,140.0,0.0,20.0,
1616,1000402756,支撐管;基座;Φ50x100x3.0tx720L;後;;Q195;GM117;,EA,0.0,120.0,0.0,0.0,120.0,0.0,0.0,
1617,1000402768,固定座;擺臂;;;噴砂處理;ZG20;GM117;,EA,0.0,219.0,0.0,0.0,136.0,0.0,83.0,
1618,1000402771,固定管;止檔塊;Φ60.0x3.0tx405L;上;;Q195;GM117;,EA,0.0,160.0,0.0,0.0,140.0,0.0,20.0,
1619,1000402785,固定環;握把;;;鍍鉻;ADC12;,EA,0.0,1294.0,0.0,0.0,660.0,0.0,634.0,chênh lệch=40.00
1620,1000402787,端蓋;握把;Φ41.8x28.8L;;鍍鉻;ADC12;,EA,0.0,1294.0,0.0,0.0,660.0,0.0,634.0,chênh lệch=40.00
1621,1000402795,連接管;;Φ50x100x3.0x1120L;上;;Q195;GM117;,EA,0.0,140.0,0.0,0.0,140.0,0.0,0.0,
1622,1000402805,鋼索-加工;車架;A;壓鋼索頭;Φ6.35x3320L;GM117;,EA,0.0,140.0,0.0,0.0,45.0,0.0,95.0,
1623,1000402806,鋼索-加工;擺臂;B;;Φ6.35x1170L;GM117;,EA,0.0,140.0,0.0,0.0,45.0,0.0,95.0,
1624,1000402808,五金零件包;組裝;;;GM117;,EA,0.0,199.0,0.0,0.0,125.0,0.0,74.0,
1625,1000402810,紙箱;基座;外;1400x1130x480;;GM117;,EA,0.0,230.0,0.0,0.0,164.0,0.0,66.0,
1626,1000402852,鋼索-加工;車架;;壓鋼索頭;Φ6.35x3015L;GM129;,EA,0.0,140.0,0.0,0.0,20.0,0.0,120.0,
1627,1000402853,鋼索-加工;;;壓鋼索頭;Φ6.35x1870L;GM129-KM;,EA,0.0,140.0,0.0,0.0,20.0,0.0,120.0,
1628,1000402866,固定片;凸輪;內;SPHC;185x133x4.0t;;GM122-KM;,EA,0.0,454.0,0.0,0.0,188.0,0.0,266.0,
1629,1000402867,外紙箱;基座;;1400x1300x525;;GM122-KM,EA,0.0,171.0,0.0,0.0,74.0,0.0,97.0,chênh lệch=1.00
1630,1000402868,保麗龍組;基座;;;;GM122-KM;,EA,0.0,170.0,0.0,0.0,8.0,0.0,162.0,
1631,1000402869,包裝附件組;;;;;GM122-KM;,EA,0.0,170.0,0.0,0.0,65.0,0.0,105.0,
1632,1000402870,膠合板;;;1360x1220x5;;GM122-KM,EA,0.0,28.0,0.0,0.0,8.0,0.0,20.0,
1633,1000403018,支撐管;凸輪;φ50xφ100x3tx700L;二;;Q195;,EA,0.0,192.0,0.0,0.0,73.0,0.0,119.0,
1634,1000403101,支撐管;基座;Φ50.0x120.0x3.0Tx850;下;;STK41;GM1,EA,0.0,80.0,0.0,0.0,80.0,0.0,0.0,
1635,1000403105,支撐管;擺臂;Φ60x3.0Tx1955L;;;STK41;GM122-KM;,EA,0.0,140.0,0.0,0.0,80.0,0.0,60.0,
1636,1000403127,套筒;把手;;VHMWPE;黑色/Black C;;GM108;,EA,0.0,204.0,0.0,0.0,0.0,0.0,204.0,
1637,1000403128,止擋塊;把手;;ABS/PA757;藍色;;GM108;,EA,0.0,8.0,0.0,0.0,0.0,0.0,8.0,
1638,1000403166,基座管;基座;φ50xφ150x3.0tx1963L;;;;GM118,EA,0.0,220.0,0.0,0.0,120.0,0.0,100.0,
1639,1000403167,座椅管;基座;φ50Xφ120X3.0tX251L;;;;GM118;,EA,0.0,220.0,0.0,0.0,120.0,0.0,100.0,
1640,1000403168,背墊管;基座;Φ50xΦ100x3.0tx814.7;;;;GM118,EA,0.0,240.0,0.0,0.0,160.0,0.0,80.0,chênh lệch=40.00
1641,1000403173,固定桿;鋼索;上;20CrMo;鍍鋅;GM118;Φ25x120.5L;,EA,0.0,359.0,0.0,0.0,205.0,0.0,154.0,chênh lệch=40.00
1642,1000403175,固定桿;滑輪;上;20CrMo;;GM118;Φ35x95L;,EA,0.0,319.0,0.0,0.0,165.0,0.0,154.0,
1643,1000403178,固定柱;氣壓棒;;20#;;GM118;Φ20x31L;,EA,0.0,359.0,0.0,0.0,205.0,0.0,154.0,chênh lệch=40.00
1644,1000403179,固定桿;連接;下;20#;;GM118;Φ19x53L;,EA,0.0,3612.0,0.0,0.0,2200.0,0.0,1412.0,chênh lệch=160.00
1645,1000403192,連接座;;141.2x130x158.9;;噴砂處理;ZG20;GM118;,EA,0.0,359.0,0.0,0.0,205.0,0.0,154.0,chênh lệch=40.00
1646,1000403208,限位片;基座;;SPHC;96.3x56.5x8.0t;;GM118-KM;,EA,0.0,220.0,0.0,0.0,120.0,0.0,100.0,
1647,1000403210,固定架;基座;;SPHC;480x293.5x5.0t;;;GM118-KM;,EA,0.0,319.0,0.0,0.0,165.0,0.0,154.0,
1648,1000403213,套筒;導桿;;20#;;GM118;Φ14.5xΦ25x85;,EA,0.0,319.0,0.0,0.0,165.0,0.0,154.0,
1649,1000403218,間隔片;基座;;POM(塑膠鋼);;45x58x6.0T;GM118-KM;,EA,0.0,676.0,0.0,0.0,338.0,0.0,338.0,chênh lệch=80.00
1650,1000403226,轉軸;調整握把;;20#;;GM118;Φ30.0x162.5;,EA,0.0,305.0,0.0,0.0,201.0,0.0,104.0,chênh lệch=40.00
1651,1000403227,調節桿;握把;;20#;;GM118;Φ12x268;,EA,0.0,305.0,0.0,0.0,201.0,0.0,104.0,chênh lệch=40.00
1652,1000403233,連接片;調整握把;;SPHC;40x66.5x8.0t;;GM118;,EA,0.0,260.0,0.0,0.0,156.0,0.0,104.0,
1653,1000403239,連接片;連接把手;;SPHC;88x76x8.0T;;GM118-KM;,EA,0.0,260.0,0.0,0.0,156.0,0.0,104.0,
1654,1000403240,轉軸;調整握把;;20#;塗防鏽油;GM118;Φ15.88xΦ10.2x13.,EA,0.0,265.0,0.0,0.0,96.0,0.0,169.0,
1655,1000403242,限位軸;調整片;;20#;鍍白鋅;GM118;Φ16.1xΦ10.2x17L;,EA,0.0,290.0,0.0,0.0,56.0,0.0,234.0,
1656,1000403244,塑膠套;調整片;;PA6;;Φ22xΦ16x18.5L;GM118;車床件,EA,0.0,305.0,0.0,0.0,136.0,0.0,169.0,chênh lệch=40.00
1657,1000403247,連接管;桿端軸承;;Q235;;GM118;Φ15x420L;,EA,0.0,303.0,0.0,0.0,161.0,0.0,142.0,
1658,1000403261,轉軸;滑輪;下;20#;;GM118;φ32x147.8;,EA,0.0,1440.0,0.0,0.0,874.0,0.0,566.0,chênh lệch=160.00
1659,1000403262,固定片;滑輪;下;SPHC;343.5x160x3.0T;;GM118-KM;,EA,0.0,1377.0,0.0,0.0,914.0,0.0,463.0,
1660,1000403266,背墊管;背墊;φ50Xφ120X3.0tX861L;,EA,0.0,220.0,0.0,0.0,120.0,0.0,100.0,
1661,1000403267,連接片;背墊管;;SPHC;271x77.7x6.0T;;GM118-KM;,EA,0.0,298.0,0.0,0.0,194.0,0.0,104.0,
1662,1000403268,固定片;背墊組;;SPHC;40.5x32x3.0T;;GM118-KM;,EA,0.0,254.0,0.0,0.0,194.0,0.0,60.0,
1663,1000403269,調整板;調整;;;噴砂處理;ZG20;GM118,EA,0.0,376.0,0.0,0.0,234.0,0.0,142.0,chênh lệch=40.00
1664,1000403271,定位板;背墊調整;;SUS304;35.1x191.2x4.0T;;GM118;,EA,0.0,338.0,0.0,0.0,169.0,0.0,169.0,chênh lệch=40.00
1665,1000403273,止檔片;背墊調整;;SPHC;40x51x4.0t;;GM118;,EA,0.0,254.0,0.0,0.0,189.0,0.0,65.0,
1666,1000403274,氣壓棒;;12KG;Φ18X388L;;;GM118;,EA,0.0,338.0,0.0,0.0,169.0,0.0,169.0,chênh lệch=40.00
1667,1000403279,管;擺臂;Φ60x3.0tx1069L;左;;;GM118;,EA,0.0,240.0,0.0,0.0,160.0,0.0,80.0,chênh lệch=40.00
1668,1000403280,套管;擺臂;Φ62.0xΦ40.0x130;;;;GM118,EA,0.0,1148.0,0.0,0.0,714.0,0.0,434.0,
1669,1000403282,固定片;鋼索;;SPHC;144.6x50.1x5.0T;;GM118;,EA,0.0,1348.0,0.0,0.0,652.0,0.0,696.0,
1670,1000403284,軸套;鋼索;;20#;;GM118;Φ22.0x21.8L;,EA,0.0,3286.0,0.0,0.0,2298.0,0.0,988.0,
1671,1000403291,管;擺臂;Φ60x3.0tx1069L;右;;;GM118;,EA,0.0,240.0,0.0,0.0,160.0,0.0,80.0,chênh lệch=40.00
1672,1000403295,管;傳動軸;Φ50.8xΦ38x794.5L;;;20#;GM118;,EA,0.0,298.0,0.0,0.0,194.0,0.0,104.0,
1673,1000403297,凸輪;鋼索;小;VHMWPE;深灰;;GM118;,EA,0.0,338.0,0.0,0.0,169.0,0.0,169.0,chênh lệch=40.00
1674,1000403298,軸心;凸輪;;42CrMo;鍍白鋅;GM118;1000403297;φ21x8,EA,0.0,338.0,0.0,0.0,169.0,0.0,169.0,chênh lệch=40.00
1675,1000403308,管;橫跨管;φ50x100x3.0x1101.2L;上;;;GM118;,EA,0.0,220.0,0.0,0.0,120.0,0.0,100.0,
1676,1000403309,連接板;連接管;上;SPHC;460x140x6.0t;;GM118;,EA,0.0,293.0,0.0,0.0,189.0,0.0,104.0,
1677,1000403310,固定片;連接管;上;SPHC;293.9x205.5x6t;;GM118;,EA,0.0,284.0,0.0,0.0,194.0,0.0,90.0,
1678,1000403312,五金零件包;組裝;;;GM118-KM;,EA,0.0,298.0,0.0,0.0,129.0,0.0,169.0,
1679,1000403313,腳踏板;;下;SPHC;629x331x5.0T;烤漆;GM118;霧黑,EA,0.0,402.0,0.0,0.0,194.0,0.0,208.0,
1680,1000403316,固定片;滑輪;;SPHC;160x160x3.0T;;GM118-KM;,EA,0.0,220.0,0.0,0.0,167.0,0.0,53.0,
1681,1000403317,軸心;背墊;;45#;涂防鏽油;GM118;Φ20x149L;,EA,0.0,501.0,0.0,0.0,199.0,0.0,302.0,chênh lệch=40.00
1682,1000403319,軸套;擺臂;;20#;鍍白鋅;GM118;Φ13.6xΦ8.3x53.2L;,EA,0.0,596.0,0.0,0.0,258.0,0.0,338.0,
1683,1000403320,軸心;擺臂;;20CrMo;鍍白鋅;GM118;Φ20x166;,EA,0.0,1352.0,0.0,0.0,644.0,0.0,708.0,chênh lệch=60.00
1684,1000403323,鋼索-加工;鋼索;;壓鋼索頭;Φ6.35x2830L;GM118;;,EA,0.0,280.0,0.0,0.0,169.0,0.0,111.0,chênh lệch=60.00
1685,1000403324,鋼索-加工;鋼索;;壓鋼索頭;Φ6.35X1810L;GM118;,EA,0.0,560.0,0.0,0.0,258.0,0.0,302.0,chênh lệch=120.00
1686,1000403327,固定片;凸輪;右;SPHC;Φ160x6.0T;;GM118;,EA,0.0,254.0,0.0,0.0,189.0,0.0,65.0,
1687,1000403331,紙箱;基座;外;1430x1300x500;;GM118;,EA,0.0,170.0,0.0,0.0,109.0,0.0,61.0,
1688,1000403332,包裝附件組;;;;;;GM118;,EA,0.0,170.0,0.0,0.0,163.0,0.0,7.0,
1689,1000403333,保麗龍組;;;;;GM118;,EA,0.0,170.0,0.0,0.0,170.0,0.0,0.0,
1690,1000403371,限位柱;凸輪;;20#;鍍白鋅;GM113;Φ20x27.5L;,EA,0.0,13397.0,0.0,0.0,8811.0,0.0,4586.0,chênh lệch=120.00
1691,1000403372,固定片;護蓋;;SPHC;182x64x6.0t;;GM113;,EA,0.0,553.0,0.0,0.0,490.0,0.0,63.0,
1692,1000403589,支撐片;滑輪;下;SPHC;50X20X6T;;GM120;,EA,0.0,500.0,0.0,0.0,138.0,0.0,362.0,
1693,1000403740,握把;;;包膠;;;GM123-KM;,EA,0.0,422.0,0.0,0.0,192.0,0.0,230.0,
1694,1000403755,支撐管;轉臂;Φ50.8x3.0Tx232.5L;,EA,0.0,90.0,0.0,0.0,90.0,0.0,0.0,
1695,1000403789,限位柱;擺臂;;35CrMo;;GM124;Φ16x25L;特製螺絲;,EA,0.0,342.0,0.0,0.0,228.0,0.0,114.0,
1696,1000403792,固定軸;擺臂;;20CrMo;鍍鋅;GM124;Φ25.0x194.4L;,EA,0.0,212.0,0.0,0.0,154.0,0.0,58.0,
1697,1000403793,支撐柱;;;20#;;GM124;Φ16x53.0L;,EA,0.0,13710.0,0.0,0.0,7874.0,0.0,5836.0,chênh lệch=160.00
1698,1000403900,固定桿;腳架;下;20#;;GM120;Φ31.8X207L;,EA,0.0,1240.0,0.0,0.0,284.0,0.0,956.0,
1699,1000403904,連接管;腳踏板;φ50xφ100x3tx965L;;;Q195;,EA,0.0,314.0,0.0,0.0,198.0,0.0,116.0,chênh lệch=40.00
1700,1000403913,止擋塊;凸輪止擋;;PU;;;GM120;含嵌件,EA,0.0,1643.0,0.0,0.0,365.0,0.0,1278.0,chênh lệch=40.00
1701,1000403942,支撐板;座椅;下;SPHC;168x174.5x154x3t;;GM114;,EA,0.0,373.0,0.0,0.0,261.0,0.0,112.0,
1702,1000403943,固定片;座墊;;SPHC;313x245.5x29.2x3.0T;;GM114;,EA,0.0,373.0,0.0,0.0,261.0,0.0,112.0,
1703,1000404020,襯套;拉銷;;20#;;GM125;φ25x83.5L;,EA,0.0,588.0,0.0,0.0,462.0,0.0,126.0,
1704,1000404023,心軸;拉銷;;45#;鍍鉻;GM125;Φ16X112.5L;,EA,0.0,574.0,0.0,0.0,436.0,0.0,138.0,chênh lệch=40.00
1705,1000404027,護蓋;止擋;;ABS/PA757;;115x71.3x10;,EA,0.0,751.0,0.0,0.0,391.0,0.0,360.0,chênh lệch=40.00
1706,1000404028,銷套;止擋;;20#;;GM125;φ18x74L;,EA,0.0,778.0,0.0,0.0,502.0,0.0,276.0,chênh lệch=40.00
1707,1000404032,心軸;握把;;20CrMo;塗防鏽油;GM125;φ25.4x218.5L;,EA,0.0,658.0,0.0,0.0,502.0,0.0,156.0,chênh lệch=40.00
1708,1000404050,握把;調整把手;下;ABS/PA746;黃色137C;;GM113;,EA,0.0,1776.0,0.0,0.0,680.0,0.0,1096.0,chênh lệch=40.00
1709,1000404051,握把;調整把手;上;ABS/PA746;黃色137C;;GM113;,EA,0.0,1467.0,0.0,0.0,660.0,0.0,807.0,chênh lệch=40.00
1710,1000404052,端蓋;握把;;20#;鍍鉻;GM125;Φ25-11.0L;,EA,0.0,603.0,0.0,0.0,343.0,0.0,260.0,chênh lệch=40.00
1711,1000404054,套筒;握把;;45#;塗防鏽油;GM125;Φ25.4x191.6L;,EA,0.0,588.0,0.0,0.0,328.0,0.0,260.0,
1712,1000404073,旋轉座;調整把手;;SPHC;90x49x12t;;GM113;,EA,0.0,1044.0,0.0,0.0,624.0,0.0,420.0,chênh lệch=40.00
1713,1000404079,止檔片;凸輪;;SPHC;80x50x33x6.0t;;GM113;,EA,0.0,562.0,0.0,0.0,519.0,0.0,43.0,
1714,1000404080,補強管;;Φ30xΦ70x3.0tx185.1L;;;;GM113;,EA,0.0,314.0,0.0,0.0,244.0,0.0,70.0,chênh lệch=40.00
1715,1000404081,止擋軸;凸輪;;20#;鍍白鋅;GM113;Φ30x59.7L;,EA,0.0,1500.0,0.0,0.0,882.0,0.0,618.0,chênh lệch=40.00
1716,1000404082,心軸;把手;;20#;;GM125;Φ25.4X172.0L;,EA,0.0,532.0,0.0,0.0,380.0,0.0,152.0,chênh lệch=40.00
1717,1000404106,固定片;拉銷;中;SPHC;51X30X12T;;GM120;,EA,0.0,310.0,0.0,0.0,53.0,0.0,257.0,
1718,1000404190,接頭;插銷;;LDPE;黃色137C;;GM112;,EA,0.0,700.0,0.0,0.0,333.0,0.0,367.0,
1719,1000404408,護蓋;貼地桿;左前;尼龍6;黑色/Black C;;FC20;,EA,0.0,307.0,0.0,0.0,147.0,0.0,160.0,
1720,1000404409,護蓋;貼地桿;右前;尼龍6;黑色/Black C;;FC20;,EA,0.0,367.0,0.0,0.0,157.0,0.0,210.0,
1721,1000404508,拉銷-加工;調整;中;鍍鋅;;GM114;,EA,0.0,40.0,0.0,0.0,0.0,0.0,40.0,thử khuôn/chưa nhập kho→tồn kho; tồn điều chỉnh (vật liệu thử khuôn.): delta=+40
1722,1000404523,固定片;滑輪;;SPHC;418.63x205x3.0T;;GM129;,EA,0.0,140.0,0.0,0.0,71.0,0.0,69.0,
1723,1000404589,調整片;背墊;;SPHC;403.9x247.4x90x3.0t;;GM113;,EA,0.0,616.0,0.0,0.0,396.0,0.0,220.0,
1724,1000404598,限位管;基座;φ25xφ50x3.0tx340L;;;;GM112;,EA,0.0,220.0,0.0,0.0,140.0,0.0,80.0,
1725,1000404728,胸墊組-加工;;;鍍鉻;;GM112;,EA,0.0,348.0,0.0,0.0,180.0,0.0,168.0,
1726,1000404761,軸套;擺臂;上;20#;;GM124;Φ54x140L;,EA,0.0,250.0,0.0,0.0,154.0,0.0,96.0,
1727,1000404858,固定片;背墊;;SPHC;90x194x125x3.0t;;GM116;,EA,0.0,163.0,0.0,0.0,59.0,0.0,104.0,
1728,1000404859,連接片;座椅;;SPHC;222x93x60x3.0t;;GM116;,EA,0.0,160.0,0.0,0.0,59.0,0.0,101.0,
1729,1000404860,支撐片;座椅;左;SPHC;453.5x134.5x27x4t;;GM116;,EA,0.0,160.0,0.0,0.0,59.0,0.0,101.0,
1730,1000404861,支撐片;座椅;左;SPHC;453.5x134.5x27x4t;;GM116;,EA,0.0,160.0,0.0,0.0,59.0,0.0,101.0,
1731,1000404862,固定片;止擋;;SPHC;93x30x63.5x3t;;GM116;,EA,0.0,160.0,0.0,0.0,59.0,0.0,101.0,
1732,1000404863,套管;拉銷;;20#;;GM116;Φ38.1xΦ25x24.3L;,EA,0.0,160.0,0.0,0.0,59.0,0.0,101.0,
1733,1000404909,螺套;螺絲;左;20#;;GM121-KM;Φ10.5xΦ26.5x13.5L;,EA,0.0,1260.0,0.0,0.0,720.0,0.0,540.0,
1734,1000404918,螺套;螺絲;;20#;;GM121-KM;Φ21xΦ9x53L;,EA,0.0,300.0,0.0,0.0,264.0,0.0,36.0,
1735,1000404986,腳踏板;;;SPHC;645x160.6x85.4x6.0t;;GM116;,EA,0.0,160.0,0.0,0.0,59.0,0.0,101.0,
1736,1000404987,固定片;配重塊;;SPHC;153x61.5x4.0T;;GM105;,EA,0.0,1360.0,0.0,0.0,900.0,0.0,460.0,
1737,1000404989,套管;;;20#;;GM116;Φ18x124.8L;,EA,0.0,326.0,0.0,0.0,40.0,0.0,286.0,
1738,1000405002,V型片;;;SPHC;98x46x37.7x3.0t;;GM113;,EA,0.0,324.0,0.0,0.0,259.0,0.0,65.0,
1739,1000405004,固定片;弧形;;SPHC;185x83.0x3.0t;;GM113;,EA,0.0,9859.0,0.0,0.0,6400.0,0.0,3459.0,
1740,1000405122,限位管;滑輪;Φ12.7x1.4Tx61L;上;;;,EA,0.0,260.0,0.0,0.0,180.0,0.0,80.0,chênh lệch=60.00
1741,1000405157,固定塊;定位;;20#;;GM121-KM;Φ31.8x108.5L;,EA,0.0,382.0,0.0,0.0,264.0,0.0,118.0,
1742,1000405161,管;握把;φ31.8x3.0tx324L;;;;,EA,0.0,260.0,0.0,0.0,260.0,0.0,0.0,
1743,1000405163,固定片;拉銷;;SPHC;54.5x29x55x4.0t;;GM121-KM;,EA,0.0,140.0,0.0,0.0,131.0,0.0,9.0,
1744,1000405517,止檔片;;;SPHC;50.3x48x27x4.0T;;GM114-KM;,EA,0.0,322.0,0.0,0.0,261.0,0.0,61.0,
1745,1000405523,固定管;腳踏板;Φ25.4x200L;;;Q195;,EA,0.0,200.0,0.0,0.0,158.0,0.0,42.0,
1746,1000405527,補強板;;;SPHC;102x42x10.0t;;GM114-KM;,EA,0.0,403.0,0.0,0.0,273.0,0.0,130.0,chênh lệch=40.00
1747,1000405534,固定軸;凸輪;內;20#;;GM114-KM;Φ28x24.5L;,EA,0.0,952.0,0.0,0.0,618.0,0.0,334.0,
1748,1000405535,支撐管;腳墊;Φ50xΦ100x3.0tx625L;下;;STK41;,EA,0.0,290.0,0.0,0.0,175.0,0.0,115.0,
1749,1000405536,固整管;腿墊;;20#;;GM111-KM;Φ31.8x3.0tx105L;,EA,0.0,265.0,0.0,0.0,145.0,0.0,120.0,
1750,1000405537,連接塊;調整管;;20#;;GM111-KM;Φ31.8xΦ10.0x34L;,EA,0.0,252.0,0.0,0.0,145.0,0.0,107.0,
1751,1000405538,支撐板;背墊;;SPHC;368.1x123x90x3.0T;;GM114;,EA,0.0,401.0,0.0,0.0,247.0,0.0,154.0,
1752,1000405539,心軸;連接;下;20#;;GM111-KM;M10x1.5PxΦ18.5x105,EA,0.0,1064.0,0.0,0.0,702.0,0.0,362.0,
1753,1000405540,連接管;腳踏板;Φ50.0xΦ100.0x3.0Tx89L;;;STK41;GM,EA,0.0,885.0,0.0,0.0,650.0,0.0,235.0,chênh lệch=80.00
1754,1000405541,補強管;腳踏板;Φ50.0xΦ100.0x3.0Tx304L;;;STK41;G,EA,0.0,210.0,0.0,0.0,175.0,0.0,35.0,
1755,1000405542,腳踏板;;;SPHC;664.3x150x46.1x5.0t;;GM111-KM,EA,0.0,1312.0,0.0,0.0,890.0,0.0,422.0,
1756,1000405545,護蓋;滑輪;中;ABS/PA757;深灰/80435;153x283x17.5;,EA,0.0,1598.0,0.0,0.0,906.0,0.0,692.0,chênh lệch=120.00
1757,1000405548,連接管;;φ76.2x3.0tx450L;上;;Q195;GM114;,EA,0.0,314.0,0.0,0.0,198.0,0.0,116.0,chênh lệch=40.00
1758,1000405549,連接管;;φ76.2x3.0tx450L;下;;;GM114;,EA,0.0,314.0,0.0,0.0,198.0,0.0,116.0,chênh lệch=40.00
1759,1000405552,固定管;腿墊;Φ50.8x3.0tx660L;;;STK41;GM111-KM;,EA,0.0,170.0,0.0,0.0,120.0,0.0,50.0,
1760,1000405553,握把;擺臂;Φ25.4X3.0TX227.5;;;STK41;GM111-KM;,EA,0.0,340.0,0.0,0.0,240.0,0.0,100.0,
1761,1000405563,彎管;扶手;φ25.4x3tx331L;;;Q195;GM114;,EA,0.0,200.0,0.0,0.0,158.0,0.0,42.0,
1762,1000405570,軸套;擺臂;;20#;;;Ø70xØ46x178;GM129;,EA,0.0,400.0,0.0,0.0,142.0,0.0,258.0,
1763,1000405571,止檔片;;;SPHC;85.94x32.42x3.0t;;GM129;,EA,0.0,400.0,0.0,0.0,142.0,0.0,258.0,
1764,1000405576,支撐片;座椅;;SPHC;159x26x80x4t;;GM116;,EA,0.0,140.0,0.0,0.0,59.0,0.0,81.0,
1765,1000405582,固定片;座椅;;SPHC;467x396x64x4.0t;;GM116;,EA,0.0,140.0,0.0,0.0,59.0,0.0,81.0,
1766,1000405663,傳動軸;擺臂;左;20#;;GM129;,EA,0.0,160.0,0.0,0.0,71.0,0.0,89.0,
1767,1000405665,傳動軸;擺臂;右;20#;;GM129;,EA,0.0,160.0,0.0,0.0,71.0,0.0,89.0,
1768,1000405666,支撐管;擺臂;□40.0X80.0X2.5TX29.4;;;Q195;GM129,EA,0.0,280.0,0.0,0.0,110.0,0.0,170.0,
1769,1000405677,支撐管;座墊;φ50xφ150x3.0tx175.1L;;;Q195;GM120,EA,0.0,250.0,0.0,0.0,40.0,0.0,210.0,
1770,1000405678,支撐管;;Φ50.0xΦ100.0x3.0Tx1250L;左;;Q195;支撐組,EA,0.0,191.0,0.0,0.0,127.0,0.0,64.0,
1771,1000405679,固定片;轉軸;上;SPHC;336x72x10.0t;;GM120;,EA,0.0,310.0,0.0,0.0,69.0,0.0,241.0,
1772,1000405724,套筒;傳動軸;;20#;;GM128-KM;Φ70xΦ48x147.5L;,EA,0.0,190.0,0.0,0.0,96.0,0.0,94.0,
1773,1000405736,間隔環;軸承;下;20#;Φ20.4xΦ26.5x17t;鍍黑鋅;GM120;,EA,0.0,250.0,0.0,0.0,71.0,0.0,179.0,
1774,1000405811,連接管;;φ50.0x100.0x3.0tx1300L;上;;;GM114;,EA,0.0,314.0,0.0,0.0,198.0,0.0,116.0,chênh lệch=40.00
1775,1000405821,支撐管;腳踏板;100.0x50.0x3.0tx613L;;;STK41;GM1,EA,0.0,520.0,0.0,0.0,420.0,0.0,100.0,chênh lệch=80.00
1776,1000405823,固定片;連接管;下;SPHC;330.0X195.0X6.0T;;GM125;,EA,0.0,294.0,0.0,0.0,231.0,0.0,63.0,
1777,1000405824,固定片;滑輪;;SPHC;209.4X133.0X4.0T;;GM125;,EA,0.0,258.0,0.0,0.0,230.0,0.0,28.0,
1778,1000405825,固定片;滑輪;;SPHC;209.5X87.0X4.0T;;GM125;,EA,0.0,258.0,0.0,0.0,230.0,0.0,28.0,
1779,1000405832,軸承套;軸承;;45#;塗防鏽油;GM125;Φ30X56.0L;,EA,0.0,586.0,0.0,0.0,398.0,0.0,188.0,
1780,1000405835,軸承套;軸承;;45#;塗防鏽油;GM125;Φ30X35.0L;,EA,0.0,718.0,0.0,0.0,358.0,0.0,360.0,
1781,1000405836,軸承套;軸承;;45#;塗防鏽油;GM125;Φ30X41.0L;,EA,0.0,586.0,0.0,0.0,363.0,0.0,223.0,
1782,1000405837,緩衝墊;止擋;;橡膠(SBR);黑色/Black C;70x40x28.6;GM,EA,0.0,814.0,0.0,0.0,438.0,0.0,376.0,chênh lệch=40.00
1783,1000405840,固定片;基座;下;SPHC;220x75.0x57.8x3.0t;;GM125;,EA,0.0,624.0,0.0,0.0,489.0,0.0,135.0,
1784,1000405841,橡膠墊;固定座;下;橡膠(SBR);黑色427;152x75x44x1.0t;G,EA,0.0,770.0,0.0,0.0,462.0,0.0,308.0,chênh lệch=40.00
1785,1000405853,固定片;止擋螺栓;;SPHC;Φ44x6T;;GM128-KM;,EA,0.0,170.0,0.0,0.0,92.0,0.0,78.0,
1786,1000405869,固定片;坐墊;下;SPHC;325.0x95.0x5.0T;;GM125;,EA,0.0,719.0,0.0,0.0,601.0,0.0,118.0,
1787,1000405881,止擋板;擺臂;;SPHC;∅50.0x6.0T;;GM124;,EA,0.0,211.0,0.0,0.0,148.0,0.0,63.0,
1788,1000405907,握把;座椅;φ25.4x3.0tx331L;;;;GM114;,EA,0.0,400.0,0.0,0.0,316.0,0.0,84.0,
1789,1000405909,固定片;座椅;下;SPHC;230x15x4.0T;;GM114;,EA,0.0,200.0,0.0,0.0,200.0,0.0,0.0,
1790,1000405980,支撐片;座椅;上右;SPHC;445x78.6x29.58x4.0T;;GM11,EA,0.0,373.0,0.0,0.0,261.0,0.0,112.0,
1791,1000405981,支撐片;座椅;下;SPHC;445x78.6x29.58x4.0T;;GM114,EA,0.0,373.0,0.0,0.0,261.0,0.0,112.0,
1792,1000406001,支撐板;基座;下;SPHC;166x78x11x3.0T;;GM114;,EA,0.0,422.0,0.0,0.0,247.0,0.0,175.0,
1793,1000406026,軸套;轉臂;;20#;;GM121-KM;Φ70xΦ48.5x86;,EA,0.0,141.0,0.0,0.0,132.0,0.0,9.0,
1794,1000406030,軸心;凸輪;;45#;塗防鏽油;GM121-KM;Φ30x215L;,EA,0.0,140.0,0.0,0.0,98.0,0.0,42.0,
1795,1000406032,固定片;座墊;;SPHC;313x225x4.0T;;GM121-KM;,EA,0.0,140.0,0.0,0.0,131.0,0.0,9.0,
1796,1000406047,軸套;支撐管;;20#;;GM121-KM;Φ12xΦ19x43L;,EA,0.0,564.0,0.0,0.0,528.0,0.0,36.0,
1797,1000406048,固定片;固定片;內;SPHC;92x90x3.0T;;GM121-KM;,EA,0.0,140.0,0.0,0.0,131.0,0.0,9.0,
1798,1000406049,固定片;座椅調整管;下;SPHC;37x35x8.0T;;GM121-KM;,EA,0.0,140.0,0.0,0.0,131.0,0.0,9.0,
1799,1000406157,固定片;連接;前;SPHC;140x140x6.0T;;GM114;,EA,0.0,373.0,0.0,0.0,233.0,0.0,140.0,
1800,1000406161,軸套;;長;;;GM119;φ70.0x6.0tx346.0L;,EA,0.0,387.0,0.0,0.0,137.0,0.0,250.0,
1801,1000406168,軸套;凸輪;;Q235;;GM119;,EA,0.0,282.0,0.0,0.0,137.0,0.0,145.0,
1802,1000406170,鎖緊塊;壓腿;;20#;;GM119;;,EA,0.0,292.0,0.0,0.0,137.0,0.0,155.0,
1803,1000406171,固定銷;氣壓棒;;20#;;GM119;;,EA,0.0,461.0,0.0,0.0,137.0,0.0,324.0,
1804,1000406180,心軸;;;45#;鍍白鋅;GM119;φ38.1x146.5;,EA,0.0,345.0,0.0,0.0,160.0,0.0,185.0,
1805,1000406181,套筒;拉銷;;20#;;GM119;;,EA,0.0,1714.0,0.0,0.0,929.0,0.0,785.0,
1806,1000406182,固定片;擺臂調整;;SPHC;65x76.8x8.0t;;GM119;,EA,0.0,282.0,0.0,0.0,113.0,0.0,169.0,
1807,1000406183,軸套;腿墊;;20#;;GM119;,EA,0.0,292.0,0.0,0.0,137.0,0.0,155.0,
1808,1000406184,軸套;腿墊;;20#;;GM119;;,EA,0.0,454.0,0.0,0.0,137.0,0.0,317.0,
1809,1000406187,調整片;搖臂;;SPHC;214.7x130x35.5x8.0t;;GM119;,EA,0.0,292.0,0.0,0.0,137.0,0.0,155.0,
1810,1000406188,心軸;;;20CrMo;;GM119;;搖臂調整;,EA,0.0,292.0,0.0,0.0,137.0,0.0,155.0,
1811,1000406189,螺套;搖臂;;20#;;GM119;;,EA,0.0,492.0,0.0,0.0,137.0,0.0,355.0,
1812,1000406190,旋轉軸軸套;搖臂;;20#;;GM119;;,EA,0.0,292.0,0.0,0.0,137.0,0.0,155.0,
1813,1000406191,間隔軸套;擺臂;;20#;;GM119;,EA,0.0,349.0,0.0,0.0,144.0,0.0,205.0,
1814,1000406193,拉銷;調整;;42CrMo;鍍白鋅;GM118-KM;Φ14.5X116.3L;,EA,0.0,325.0,0.0,0.0,156.0,0.0,169.0,chênh lệch=60.00
1815,1000406196,連接管;;φ50xφ100x3.0tx500L;,EA,0.0,192.0,0.0,0.0,73.0,0.0,119.0,
1816,1000406197,銷套;腿墊;2;20#;;GM119;;,EA,0.0,415.0,0.0,0.0,137.0,0.0,278.0,
1817,1000406198,套筒;握把;;20#;;GM119;;腿墊,EA,0.0,368.0,0.0,0.0,87.0,0.0,281.0,chênh lệch=50.00
1818,1000406201,固定片;氣壓棒;;SPHC;48.9x40.0x5.0t;;GM119;,EA,0.0,264.0,0.0,0.0,137.0,0.0,127.0,
1819,1000406202,止擋環;;;20#;;GM119;φ38.1x17;,EA,0.0,572.0,0.0,0.0,215.0,0.0,357.0,
1820,1000406203,氣壓棒;;40KG;Φ18X305L;;;GM119;,EA,0.0,377.0,0.0,0.0,159.0,0.0,218.0,
1821,1000406223,緩衝墊;腳墊;;NBR橡膠;7547;;GM124;,EA,0.0,456.0,0.0,0.0,252.0,0.0,204.0,
1822,1000406250,止擋套;座椅;下;20#;;GM114;,EA,0.0,746.0,0.0,0.0,522.0,0.0,224.0,
1823,1000406291,固定片;止擋;;SPHC;49.9x40x10t;;GM115;,EA,0.0,200.0,0.0,0.0,43.0,0.0,157.0,
1824,1000406351,橫跨管;;Φ60x3.0tx732L;;;;GM118-KM;,EA,0.0,280.0,0.0,0.0,180.0,0.0,100.0,chênh lệch=60.00
1825,1000406352,橫梁管;;25.0X50.0X3.0TX598.2L;;;;GM118-KM;,EA,0.0,200.0,0.0,0.0,120.0,0.0,80.0,
1826,1000406360,固定片;基座;;SPHC;236x100x6.0t;;GM118-KM;,EA,0.0,319.0,0.0,0.0,165.0,0.0,154.0,
1827,1000406361,軸套;滑輪調整套;;20#;;GM118;Φ62xΦ40.0x65L;,EA,0.0,1043.0,0.0,0.0,588.0,0.0,455.0,
1828,1000406362,支撐板;滑輪支撐片;;SPHC;247x164x6.0t;;GM118-KM;,EA,0.0,254.0,0.0,0.0,194.0,0.0,60.0,
1829,1000406364,鎖緊套管;;;20#;鍍白鋅;GM118-KM;Φ26.7xΦ20.3x36.5,EA,0.0,1277.0,0.0,0.0,629.0,0.0,648.0,
1830,1000406367,塞環;;;NBR橡膠;;90x50x60;GM118-KM;,EA,0.0,486.0,0.0,0.0,217.0,0.0,269.0,chênh lệch=60.00
1831,1000406368,支撐片;擺臂連接座;;SPHC;255.2x80x6.0t;;GM118-KM;,EA,0.0,586.0,0.0,0.0,378.0,0.0,208.0,
1832,1000406369,支撐板;擺臂連接座;;SPHC;224x45x8.0T;;GM118-KM;,EA,0.0,596.0,0.0,0.0,388.0,0.0,208.0,
1833,1000406370,固定片;擺臂連接座;;SPHC;200x240x6.0t;;GM118-KM;,EA,0.0,596.0,0.0,0.0,388.0,0.0,208.0,
1834,1000406371,固定桿;;;20#;;GM118-KM;Φ25x70L;,EA,0.0,716.0,0.0,0.0,508.0,0.0,208.0,chênh lệch=120.00
1835,1000406372,連接板;擺臂連接座;;SPHC;210x240x6.0t;;GM118-KM;,EA,0.0,298.0,0.0,0.0,194.0,0.0,104.0,
1836,1000406373,握把;擺臂;Φ31.8x3.0tx240L;;;STK41;GM118-KM;,EA,0.0,460.0,0.0,0.0,300.0,0.0,160.0,chênh lệch=60.00
1837,1000406374,橡膠墊;腳墊;;橡膠(SBR);;638.5x299.5x84.5;GM118-,EA,0.0,325.0,0.0,0.0,156.0,0.0,169.0,chênh lệch=60.00
1838,1000406383,補強套管;轉臂軸;上;20#;;GM117;Φ30x50L;,EA,0.0,876.0,0.0,0.0,800.0,0.0,76.0,
1839,1000406387,端蓋;轉臂;;20#;;GM115;Φ50.0x8;,EA,0.0,620.0,0.0,0.0,142.0,0.0,478.0,
1840,1000406391,支撐管;腳踏板;φ50.0x100.0x3.0tx564L;;;;GM126;,EA,0.0,50.0,0.0,0.0,50.0,0.0,0.0,
1841,1000406433,固定片;背墊;;;400x150x4.0t;;GM126;,EA,0.0,134.0,0.0,0.0,111.0,0.0,23.0,
1842,1000406434,止擋板;凸輪;;SPHC;80x50x33x6.0t;;GM126;,EA,0.0,134.0,0.0,0.0,111.0,0.0,23.0,
1843,1000406448,軸套;擺臂;;20#;;GM111;Φ62x144.0L;,EA,0.0,504.0,0.0,0.0,290.0,0.0,214.0,
1844,1000406464,插座;電源開關;;PA66+20%玻纖;;110x58x16;SSA;,EA,0.0,6074.0,0.0,0.0,3229.0,0.0,2845.0,chênh lệch=40.00
1845,1000406506,支撐管;座椅;φ50xφ150x3.0tx1309L;;;;GM114;,EA,0.0,324.0,0.0,0.0,158.0,0.0,166.0,
1846,1000406563,止擋軸;擺臂;;20CrMo;;GM129;Φ20x73.5L;,EA,0.0,320.0,0.0,0.0,142.0,0.0,178.0,
1847,1000406579,固定片;凸輪;;SPHC;173x136x4.0t;;GM129;,EA,0.0,280.0,0.0,0.0,142.0,0.0,138.0,
1848,1000406586,固定片;凸輪;二;SPHC;173x136x3.0t;;GM129; ;,EA,0.0,280.0,0.0,0.0,108.0,0.0,172.0,
1849,1000406808,止擋板;;;SPHC;631.5x205.0x3.0T;;GM129;,EA,0.0,140.0,0.0,0.0,71.0,0.0,69.0,
1850,1000406912,固定管;把手;Φ50.0xΦ100.0x3.0Tx446;;;Q195;GM11,EA,0.0,192.0,0.0,0.0,73.0,0.0,119.0,
1851,1000406927,管;橢圓型;STK41;Φ50.0x120.0x3.0Tx5500;;,EA,0.0,75.0,0.0,0.0,33.7,0.0,41.3,
1852,1000406983,支撐板;車架護蓋;上;SPHC;254x23.0x34.0x3.0t;;GM11,EA,0.0,4856.0,0.0,0.0,3000.0,0.0,1856.0,
1853,1000407016,止檔片;凸輪;;SPHC;310x151x3.0t;;GM127-KM;,EA,0.0,313.0,0.0,0.0,203.0,0.0,110.0,
1854,1000407019,軸套;腿墊;;20#;;GM127-KM;Φ30xΦ24X47.4L;,EA,0.0,309.0,0.0,0.0,261.0,0.0,48.0,
1855,1000407021,固定管;腿墊;φ50.8x3.0tx641L;;;;GM127-KM;,EA,0.0,188.0,0.0,0.0,188.0,0.0,0.0,
1856,1000407023,間隔環;軸承;下;20#;鍍黑鋅;GM120;Φ21xΦ42x5t;,EA,0.0,500.0,0.0,0.0,142.0,0.0,358.0,
1857,1000407024,止擋套;軸承;;20#;鍍黑鋅;GM120;Φ20xΦ41.5x15.5t;,EA,0.0,500.0,0.0,0.0,143.0,0.0,357.0,
1858,1000407026,止擋片;鋼索;2;PA66+GF30%;;91.5x33.5x30;GM113;,EA,0.0,8260.0,0.0,0.0,4940.0,0.0,3320.0,chênh lệch=80.00
1859,1000407033,彈簧;壓縮;φ1.8xφ13.8x57L;65Mn;鍍白鋅;GM118-KM;,EA,0.0,325.0,0.0,0.0,156.0,0.0,169.0,chênh lệch=60.00
1860,1000407114,套管;調整拉銷;;Q195;;GM119;Φ38.1x3.0tx230L;,EA,0.0,192.0,0.0,0.0,73.0,0.0,119.0,
1861,1000407118,拉銷-加工;調整;;鍍鉻;Φ10.0X273;GM119;,EA,0.0,19.0,0.0,0.0,3.0,0.0,16.0,
1862,1000407122,調整拉銷;;;焊接;;GM119;,EA,0.0,295.0,0.0,0.0,96.0,0.0,199.0,
1863,1000407124,螺絲;圓柱;M10x1.5Px70L-35L;機械牙;六角承窩;;電著黑;半牙;,EA,0.0,640.0,0.0,0.0,0.0,0.0,640.0,
1864,1000407148,軸套;;;20#;;GM119;Φ70.0x120;,EA,0.0,292.0,0.0,0.0,137.0,0.0,155.0,
1865,1000407154,連接片;背墊;下;SPHC;254x174x4.0T;;GM114-KM;,EA,0.0,322.0,0.0,0.0,247.0,0.0,75.0,
1866,1000407199,五金零件包;組裝;;;GM119;,EA,0.0,254.0,0.0,0.0,99.0,0.0,155.0,
1867,1000407242,固定片;凸輪;;SPHC;Φ155x4.0t;;GM114;,EA,0.0,1300.0,0.0,0.0,845.0,0.0,455.0,
1868,1000407247,固定片;凸輪;左;SPHC;Φ155x2.0t;;GM114;,EA,0.0,1209.0,0.0,0.0,845.0,0.0,364.0,
1869,1000407248,固定片;;中下;SPHC;90x48x4.0T;;GM114;,EA,0.0,1725.0,0.0,0.0,1305.0,0.0,420.0,
1870,1000407368,固定片;連接;;SPHC;;;GM126;,EA,0.0,133.0,0.0,0.0,133.0,0.0,0.0,
1871,1000407474,固定套;滑輪;;20#;;GM114;;,EA,0.0,1572.0,0.0,0.0,1044.0,0.0,528.0,
1872,1000407478,使用說明貼標;護蓋;;;PVC;前;英文;GM124,EA,0.0,24.0,0.0,0.0,0.0,0.0,24.0,thử khuôn/chưa nhập kho→tồn kho; tồn điều chỉnh (bù sản phẩm lỗi): delta=+24
1873,1000407479,使用說明貼標;護蓋;;;PVC;後;英文;GM124,EA,0.0,24.0,0.0,0.0,0.0,0.0,24.0,thử khuôn/chưa nhập kho→tồn kho; tồn điều chỉnh (bù sản phẩm lỗi): delta=+24
1874,1000407490,套筒;連接;;20#;;GM122;;連接基座,EA,0.0,454.0,0.0,0.0,188.0,0.0,266.0,
1875,1000407496,SLEEVE;擺臂;;20#;;GM122;;,EA,0.0,454.0,0.0,0.0,188.0,0.0,266.0,
1876,1000407500,套筒;;;;;GM122;;連接基座,EA,0.0,492.0,0.0,0.0,188.0,0.0,304.0,
1877,1000407519,連接管;擺臂;φ20xφ60x2.0tx428.5L;;;Q195;GM122;,EA,0.0,160.0,0.0,0.0,160.0,0.0,0.0,
1878,1000407520,固定軸;;;20CrMo;;GM122;,EA,0.0,474.0,0.0,0.0,188.0,0.0,286.0,
1879,1000407521,固定片;擺臂;上;SPHC;59x19x6.0t;;GM122;,EA,0.0,454.0,0.0,0.0,188.0,0.0,266.0,
1880,1000407536,傳動軸;凸輪;;20#;;GM122;,EA,0.0,365.0,0.0,0.0,94.0,0.0,271.0,
1881,1000407541,固定片;肘墊;;SPHC;189.0x112.0x4.0t;;GM122;,EA,0.0,454.0,0.0,0.0,188.0,0.0,266.0,
1882,1000407601,軸心;擺臂;;42CrMo;鍍鉻;GM111;Φ32x175.5L;,EA,0.0,1046.0,0.0,0.0,690.0,0.0,356.0,
1883,1000407605,端塞;基座;後;TPU;;;GM114;,EA,0.0,1436.0,0.0,0.0,804.0,0.0,632.0,chênh lệch=60.00
1884,1000407606,端蓋;基座;左右;TPU;;;GM114;,EA,0.0,1495.0,0.0,0.0,970.0,0.0,525.0,chênh lệch=160.00
1885,1000407607,端塞;;;TPU;;;GM114;,EA,0.0,2580.0,0.0,0.0,1264.0,0.0,1316.0,
1886,1000407684,套筒;護板;;;;GM124;∅12.0X∅9.0X56.5L;,EA,0.0,636.0,0.0,0.0,462.0,0.0,174.0,
1887,1000407753,EN貼標;;;;;;;GM124;,EA,0.0,5422.0,0.0,0.0,258.0,0.0,5164.0,
1888,1000407776,五金零件包;組裝;;;GM114;,EA,0.0,344.0,0.0,0.0,162.0,0.0,182.0,
1889,1000407780,連接管;基座-GM;Φ50*Φ100*315.0L;下;;STK41;GM125,EA,0.0,240.0,0.0,0.0,210.0,0.0,30.0,chênh lệch=40.00
1890,1000407785,握把;擺臂;Φ31.8x3.0Tx750L;右;,EA,0.0,191.0,0.0,0.0,127.0,0.0,64.0,
1891,1000407786,握把;擺臂;ø31.8x3.0Tx750L;左;,EA,0.0,191.0,0.0,0.0,127.0,0.0,64.0,
1892,1000407798,棧板;;;1390x790x140;;GM125,EA,0.0,202.0,0.0,0.0,82.0,0.0,120.0,chênh lệch=1.00
1893,1000407817,連接桿;腿墊;中;SPC/STK41;φ40xφ80x3.0tx103L;;GM,EA,0.0,170.0,0.0,0.0,120.0,0.0,50.0,
1894,1000407818,端塞;支撐管;;20#;;GM125;Φ44x4.0t;,EA,0.0,560.0,0.0,0.0,290.0,0.0,270.0,
1895,1000407841,固定片;座椅;後;SPHC;254x50x8T;;GM119;,EA,0.0,264.0,0.0,0.0,137.0,0.0,127.0,
1896,1000407875,連接片;背墊;;SPHC;205X175X4T;;GM116;,EA,0.0,140.0,0.0,0.0,59.0,0.0,81.0,
1897,1000407876,支撐套;腳墊;;20#;;GM128-KM;Φ20x12.5L;,EA,0.0,190.0,0.0,0.0,120.0,0.0,70.0,
1898,1000407890,止擋套;座椅;下;20#;;GM116;Φ55x75L;,EA,0.0,360.0,0.0,0.0,118.0,0.0,242.0,
1899,1000407954,連接管;凸輪;φ50x100x3.0x199.3L;;;;GM129;,EA,0.0,40.0,0.0,0.0,40.0,0.0,0.0,
1900,1000408039,調整片;腿墊;中;SUS304;172.5x62x6.0T;拉絲;GM111;,EA,0.0,250.0,0.0,0.0,143.0,0.0,107.0,
1901,1000408040,止擋片;鋼索;;PA66+GF30%;;142.5x62X33.5;GM111;,EA,0.0,2137.0,0.0,0.0,1134.0,0.0,1003.0,chênh lệch=40.00
1902,1000408104,固定片;滑輪;;SPHC;226.8X141.5X5.0T;;GM125;,EA,0.0,498.0,0.0,0.0,286.0,0.0,212.0,
1903,1000408107,塑膠環;保護;側;ABS PA757S;;Φ146x10L;GM114;,EA,0.0,2774.0,0.0,0.0,1632.0,0.0,1142.0,chênh lệch=80.00
1904,1000408109,調整管-加工;;;鍍鉻;;GM126;,EA,0.0,140.0,0.0,0.0,97.0,0.0,43.0,
1905,1000408239,遮板;凸輪;;SPHC;190x100x3.0T;;GM118-KM;,EA,0.0,284.0,0.0,0.0,189.0,0.0,95.0,
1906,1000408327,止擋板;凸輪;;SPHC;Φ160x4.0;;GM119;,EA,0.0,475.0,0.0,0.0,285.0,0.0,190.0,
1907,1000408336,固定片;凸輪;左;SPHC;Φ160x4.0T;;GM118-KM;,EA,0.0,254.0,0.0,0.0,189.0,0.0,65.0,
1908,1000408338,固定片;凸輪;;SPHC;45.8x39.5x4.0T;;GM118-KM;,EA,0.0,254.0,0.0,0.0,189.0,0.0,65.0,
1909,1000408343,止擋桿;;;20#;;GM119;;,EA,0.0,337.0,0.0,0.0,137.0,0.0,200.0,
1910,1000408495,警告貼標組;;;;;多國語言;GM47;,EA,0.0,202.0,0.0,0.0,42.0,0.0,160.0,
1911,1000408641,固定管;腳踏板;□30.0x60.0x3.0tx529L;;;Q195;,EA,0.0,140.0,0.0,0.0,59.0,0.0,81.0,
1912,1000408657,警告貼標組;;;;;多國語言;MS51;,EA,0.0,610.0,0.0,0.0,60.0,0.0,550.0,
1913,1000408661,警告貼標組;;;;;多國語言;MS24B;,EA,0.0,290.0,0.0,0.0,20.0,0.0,270.0,
1914,1000408662,警告貼標組;;;;;多國語言;FW201;,EA,0.0,775.0,0.0,0.0,121.0,0.0,654.0,122/123=điều chỉnh; chênh lệch=745.00
1915,1000408675,警告貼標組;;;;;多國語言;PL09B;,EA,0.0,500.0,0.0,0.0,0.0,0.0,500.0,
1916,1000408695,補強片;基座;上;SPHC;188.0X50X91X3.0T;;GM125;,EA,0.0,344.0,0.0,0.0,231.0,0.0,113.0,
1917,1000408704,調整座-加工;;;鉚接;96x56x62;GM118-KM;,EA,0.0,379.0,0.0,0.0,225.0,0.0,154.0,chênh lệch=60.00
1918,1000408763,檢查表;;A;;;GM118;,EA,0.0,60.0,0.0,0.0,0.0,0.0,60.0,thử khuôn/chưa nhập kho→tồn kho; tồn điều chỉnh (vật liệu thử khuôn.): delta=+60
1919,1000408764,檢查表;;B;中/英文;;GM118;,EA,0.0,60.0,0.0,0.0,0.0,0.0,60.0,thử khuôn/chưa nhập kho→tồn kho; tồn điều chỉnh (vật liệu thử khuôn.): delta=+60
1920,1000408804,心軸;旋轉軸;;;;GM122;;連接基座,EA,0.0,654.0,0.0,0.0,208.0,0.0,446.0,
1921,1000408854,擋墊;凸輪;;PU;黑色/Black C;優力膠;GM127-KM;,EA,0.0,5471.0,0.0,0.0,2213.0,0.0,3258.0,chênh lệch=80.00
1922,1000408866,固定片;止擋;;SPHC;101x31x3.0T;;GM122-KM;,EA,0.0,454.0,0.0,0.0,188.0,0.0,266.0,
1923,1000408974,止擋片-加工;;;電著黑;19.5x35;GM129;,EA,0.0,140.0,0.0,0.0,93.0,0.0,47.0,
1924,1000408990,固定軸;握把;;20#;;GM127;ψ22x15L;,EA,0.0,418.0,0.0,0.0,260.0,0.0,158.0,
1925,1000409063,EN貼標;;;;;;;GM129;,EA,0.0,280.0,0.0,0.0,142.0,0.0,138.0,
1926,1000409107,支撐管;基座;Φ40.0xΦ80.0x3.0Tx110;;;;GM123;,EA,0.0,182.0,0.0,0.0,140.0,0.0,42.0,
1927,1000409138,止擋膠套;;;PU;;∅25x26L;;,EA,0.0,370.0,0.0,0.0,240.0,0.0,130.0,
1928,1000409142,間隔軸套;桿端軸承;;20#;鍍白鋅;GM123;Φ18.0x9.8;,EA,0.0,450.0,0.0,0.0,208.0,0.0,242.0,
1929,1000409316,固定片;皮帶輪;左;SPHC;272.2x200.3x5.0T;;GM123;,EA,0.0,356.0,0.0,0.0,94.0,0.0,262.0,
1930,1000409368,固定片;滑輪;;SPHC;125x120x4.0T;;MS10B;,EA,0.0,400.0,0.0,0.0,80.0,0.0,320.0,
1931,1000409476,補強片;滑輪;;SPHC;95.0x32.0x4.0T;;GM118;,EA,0.0,1056.0,0.0,0.0,702.0,0.0,354.0,
1932,1000409499,調整片;凸輪;;SUS304;;;GM127;,EA,0.0,267.0,0.0,0.0,260.0,0.0,7.0,
1933,1000409505,調整片;凸輪;;SPHC;103.6x39.7x6.0t;;GM127;,EA,0.0,258.0,0.0,0.0,258.0,0.0,0.0,
1934,1000409550,連接管;腳踏板;φ50.0x100.0x3.0tx59.2;;;;GM126,EA,0.0,256.0,0.0,0.0,208.0,0.0,48.0,
1935,1000409552,支撐管;腳踏板;φ50.0x100.0x3.0tx564;左;;;GM126,EA,0.0,50.0,0.0,0.0,50.0,0.0,0.0,
1936,1000409561,支撐片;基座;;;70X64X8.0T;;GM129;,EA,0.0,40.0,0.0,0.0,40.0,0.0,0.0,
1937,1000409662,護套;擺動臂;上;PVC;;;GM122-KM;,EA,0.0,454.0,0.0,0.0,188.0,0.0,266.0,
1938,1000409663,固定管;胸墊;;;;;GM112;,EA,0.0,281.0,0.0,0.0,163.0,0.0,118.0,
1939,1000409746,固定片;連接;中;SPHC;50x40x25x6.0t;;GM112;,EA,0.0,281.0,0.0,0.0,163.0,0.0,118.0,
1940,1000409749,補強片;連接管;;;50x40x30x3.0t;;GM112;,EA,0.0,562.0,0.0,0.0,326.0,0.0,236.0,
1941,1000409755,連接片;傳動;;;455.6x425.4x25.3x5.0t;;GM112;,EA,0.0,379.0,0.0,0.0,162.0,0.0,217.0,
1942,1000409756,固定片;連接;;;39x30x3.0t;;GM112;,EA,0.0,281.0,0.0,0.0,163.0,0.0,118.0,
1943,1000410141,升降馬達;AC;110V;700lbs;;122MM;279MM;6Pin;;;,EA,0.0,10320.0,0.0,0.0,6933.0,0.0,3387.0,
1944,1000410178,固定桿;腳墊;;20#;;GM118;Φ20*37L;,EA,0.0,716.0,0.0,0.0,508.0,0.0,208.0,chênh lệch=120.00
1945,1000410200,支撐管;基座;Φ30.0XΦ60.0X3.0TX106.0;;;Q195;GM1,EA,0.0,500.0,0.0,0.0,80.0,0.0,420.0,
1946,1000410425,固定片;擺臂;;SPHC;43.9x51.5x6.0T;;GM118-KM;,EA,0.0,1016.0,0.0,0.0,756.0,0.0,260.0,
1947,1000410426,墊圈;塑膠;Φ17.6xΦ36.0x2.0T;鐵弗龍;;GM118;,EA,0.0,2384.0,0.0,0.0,1032.0,0.0,1352.0,
1948,1000410434,貼標;背墊調節;;;PC;;;GM113,EA,0.0,318.0,0.0,0.0,137.0,0.0,181.0,
1949,1000410435,貼標;轉臂;;;PC;;;GM113,EA,0.0,318.0,0.0,0.0,137.0,0.0,181.0,
1950,1000410438,EN貼標;車架;;;PC;;英文;GM113;,EA,0.0,1614.0,0.0,0.0,320.0,0.0,1294.0,
1951,1000410464,EN貼標;;;;消銀龍;;;GM114;,EA,0.0,1724.0,0.0,0.0,482.0,0.0,1242.0,chênh lệch=80.00
1952,1000410568,指示貼標;ROM 調節;;;;;;GM121-KM;,EA,0.0,140.0,0.0,0.0,128.0,0.0,12.0,
1953,1000410569,指示貼標;ROHS綠色;;;PVC;;;GM121-KM;,EA,0.0,140.0,0.0,0.0,98.0,0.0,42.0,
1954,1000410674,螺絲;盤頭;GB/T 828 M5x5x4;;;;鍍白鋅;;;G6.8;開槽盤頭,EA,0.0,12.0,0.0,0.0,0.0,0.0,12.0,
1955,1000410719,止擋套;座椅;上;20#;;GM116;Φ50.8x75L;,EA,0.0,360.0,0.0,0.0,118.0,0.0,242.0,
1956,1000410967,腳踏板;;左;PP;80435 (injected);;EP710;,EA,0.0,720.0,0.0,0.0,0.0,0.0,720.0,
1957,1000410970,腳踏板;;右;PP;80435 (injected);;EP710;,EA,0.0,721.0,0.0,0.0,0.0,0.0,721.0,
1958,1000411048,輔助選擇片;;5磅;;;;,EA,0.0,272.0,0.0,0.0,266.0,0.0,6.0,
1959,1000411240,指示貼標;ROM 調節;SEAT ADJ;;PC;;;GM114,EA,0.0,355.0,0.0,0.0,234.0,0.0,121.0,chênh lệch=40.00
1960,1000411252,EN貼標;;42.0*70.0;;消銀龍;,EA,0.0,5498.0,0.0,0.0,290.0,0.0,5208.0,
1961,1000411253,EN貼標;;42.0*70.0;;消銀龍;,EA,0.0,5586.0,0.0,0.0,398.0,0.0,5188.0,
1962,1000411308,指示貼標;定位;;;;;;GM121;,EA,0.0,140.0,0.0,0.0,98.0,0.0,42.0,
1963,1000411313,EN貼標;;;;消銀龍;;英文;GM115-KM;,EA,0.0,320.0,0.0,0.0,86.0,0.0,234.0,
1964,1000411324,EN貼標;;;;消銀龍;;英文;GM119-KM,EA,0.0,1528.0,0.0,0.0,356.0,0.0,1172.0,
1965,1000411331,導桿;;20#;;GM116;Φ62.5X350L;,EA,0.0,314.0,0.0,0.0,118.0,0.0,196.0,
1966,1000411332,連接板;套筒;;SPHC;31x32x336L;;GM116;,EA,0.0,407.0,0.0,0.0,118.0,0.0,289.0,
1967,1000411348,圓管;腳踏板;φ50.8x3.0tx510L;;;;GM112,EA,0.0,348.0,0.0,0.0,176.0,0.0,172.0,
1968,1000411352,連接管;腳架;Φ40.0XΦ80.0X3.0TX23L;;;;GM112,EA,0.0,270.0,0.0,0.0,176.0,0.0,94.0,
1969,1000411445,EN貼標;車架;GM121;;消銀龍;;英文;,EA,0.0,280.0,0.0,0.0,196.0,0.0,84.0,
1970,1000411508,拉銷;;;42CrMo;鍍鉻;GM112;Φ15x85.2L;,EA,0.0,281.0,0.0,0.0,163.0,0.0,118.0,
1971,1000411567,五金零件包;;;;GM116;,EA,0.0,140.0,0.0,0.0,59.0,0.0,81.0,
1972,1000411770,EN貼標;;;;消銀龍;;;GM118,EA,0.0,10690.0,0.0,0.0,378.0,0.0,10312.0,chênh lệch=120.00
1973,1000411785,珍珠棉;;;;;GM113,EA,0.0,768.0,0.0,0.0,768.0,0.0,0.0,122/123=điều chỉnh; chênh lệch=800.00
1974,1000411799,指示貼標;座椅調整管;55X20mm;;PC;左;;GM111;,EA,0.0,3027.0,0.0,0.0,1458.0,0.0,1569.0,chênh lệch=40.00
1975,1000411801,規格貼標;座椅調整管;55X20mm;;PC;右;;GM111;,EA,0.0,3404.0,0.0,0.0,1458.0,0.0,1946.0,chênh lệch=40.00
1976,1000411804,遮孔貼標;儀表蓋;;;PC;;;SSA,EA,0.0,753.0,0.0,0.0,461.0,0.0,292.0,
1977,1000411805,EN貼標;車架;;;PC;;英文;GM117;,EA,0.0,5396.0,0.0,0.0,288.0,0.0,5108.0,
1978,1000411806,操作面板;;;;;GM111,EA,0.0,4617.0,0.0,0.0,2430.0,0.0,2187.0,chênh lệch=40.00
1979,1000411813,指示貼標;腿墊調整;;;PC;;;GM111,EA,0.0,330.0,0.0,0.0,145.0,0.0,185.0,
1980,1000411815,指示貼標;凸輪調整;221.0X79.0;;PC;左;;GM125,EA,0.0,408.0,0.0,0.0,202.0,0.0,206.0,chênh lệch=40.00
1981,1000411816,指示貼標;凸輪調整;221.0X79.0;;PC;右;;GM125,EA,0.0,408.0,0.0,0.0,202.0,0.0,206.0,chênh lệch=40.00
1982,1000411817,指示貼標;ROM 調節;14.0x14.0;;;;;GM127;,EA,0.0,534.0,0.0,0.0,520.0,0.0,14.0,
1983,1000411819,指示貼標;背墊調節;15x165L;;PC;;;GM118-KM,EA,0.0,636.0,0.0,0.0,214.0,0.0,422.0,chênh lệch=60.00
1984,1000411834,泡棉;;;18x97x3.0t;;高彈EVA;單面背油膠;黑色,EA,0.0,11859.0,0.0,0.0,6933.0,0.0,4926.0,
1985,1000412086,EN貼標;;;;消銀龍;;英文;GM120-KM;,EA,0.0,680.0,0.0,0.0,72.0,0.0,608.0,
1986,1000412101,貼標;凸輪調整;;;PC;;;GM115-KM,EA,0.0,160.0,0.0,0.0,42.0,0.0,118.0,
1987,1000412177,五金零件包;組裝;;;GM112;,EA,0.0,263.0,0.0,0.0,145.0,0.0,118.0,
1988,1000412318,調整指示貼標;車架;260x55;;;下;;GM116,EA,0.0,140.0,0.0,0.0,59.0,0.0,81.0,
1989,1000412338,EN貼標;;70x42;;;;;GM116;,EA,0.0,764.0,0.0,0.0,118.0,0.0,646.0,
1990,1000412528,"背墊;;PU;;pre/midnight black, 926.6x306.8x",EA,0.0,248.0,0.0,0.0,148.0,0.0,100.0,
1991,1000412530,"頭墊;;PU;;pre/midnight black, 307.3x278.3x",EA,0.0,248.0,0.0,0.0,148.0,0.0,100.0,
1992,1000412624,緩衝墊;跑板;;NBR橡膠;純黑色;φ30x37;TM501;,EA,0.0,24018.0,0.0,0.0,13966.0,0.0,10052.0,
1993,1000412767,規格貼標;胸墊調整;;;PC;;;GM112,EA,0.0,338.0,0.0,0.0,170.0,0.0,168.0,
1994,1000412791,固定軸;腳踏板;;20#;;GM114;Φ25x24L;,EA,0.0,643.0,0.0,0.0,281.0,0.0,362.0,
1995,1000412848,固定架;護板;上;SPHC;128.8x35x11.5x1.0t;;GM113;,EA,0.0,8560.0,0.0,0.0,6000.0,0.0,2560.0,
1996,1000412881,指示貼標;把手;;黃色;PC;;;GM119;,EA,0.0,415.0,0.0,0.0,165.0,0.0,250.0,
1997,1000412894,連接片;基座;;SPHC;90.4x235.0x6.0T;;GM124;,EA,0.0,238.0,0.0,0.0,148.0,0.0,90.0,
1998,1000412901,連接片;連接管;右;SPHC;60.0x180.0x6.0T;;GM124;,EA,0.0,211.0,0.0,0.0,148.0,0.0,63.0,
1999,1000412922,指示貼標;座椅調整管;25x25;;PC;;;GM114;,EA,0.0,355.0,0.0,0.0,234.0,0.0,121.0,chênh lệch=40.00
2000,1000412943,五金零件組;半成品;;;;;GM115;,EA,0.0,160.0,0.0,0.0,43.0,0.0,117.0,
2001,1000412945,固定塊;旋轉軸;;20#;;GM120;;,EA,0.0,310.0,0.0,0.0,71.0,0.0,239.0,
2002,1000412946,固定塊;凸輪;;20#;;GM120;;,EA,0.0,310.0,0.0,0.0,71.0,0.0,239.0,
2003,1000412947,止擋管;轉臂;φ42.0x2.0tx235L;;;Q195;GM115;,EA,0.0,160.0,0.0,0.0,20.0,0.0,140.0,
2004,1000412948,固定塊;止擋;;20#;;GM115;;,EA,0.0,400.0,0.0,0.0,86.0,0.0,314.0,
2005,1000412951,固定套;旋轉軸;;20#;鍍白鋅;GM115;;,EA,0.0,500.0,0.0,0.0,142.0,0.0,358.0,
2006,1000413020,三合板;外紙箱;;1220X560X5.0;;GM115,EA,0.0,8.0,0.0,0.0,8.0,0.0,0.0,
2007,1000413023,膠合板;;;1570x530x5;紙箱內墊板;GM120-KM,EA,0.0,20.0,0.0,0.0,7.0,0.0,13.0,
2008,1000413039,貼標;擺臂調整;;;PC;;;GM119,EA,0.0,409.0,0.0,0.0,159.0,0.0,250.0,
2009,1000413040,貼標;腿墊調整;;;PC;;;GM119,EA,0.0,429.0,0.0,0.0,158.0,0.0,271.0,
2010,1000413041,貼標;壓腿墊;調整;;PC;;;GM119,EA,0.0,406.0,0.0,0.0,135.0,0.0,271.0,
2011,1000413042,貼標;背墊調節;;;PC;;;GM119,EA,0.0,406.0,0.0,0.0,135.0,0.0,271.0,
2012,1000413400,EN貼標;車架;GM122;;消銀龍;;英文;,EA,0.0,454.0,0.0,0.0,188.0,0.0,266.0,
2013,1000413468,連接桿;座椅調整;GM113;;噴砂處理;ADC12;毛坯,EA,0.0,1674.0,0.0,0.0,1008.0,0.0,666.0,122/123=điều chỉnh; chênh lệch=420.00
2014,1000413469,調整指示貼標;;;;PVC;1;;GM127-KM,EA,0.0,267.0,0.0,0.0,260.0,0.0,7.0,
2015,1000413470,調整指示貼標;;;;PVC;2;;GM127-KM,EA,0.0,267.0,0.0,0.0,260.0,0.0,7.0,
2016,1000413478,EN貼標;;;;消銀龍;;;GM127-KM;,EA,0.0,996.0,0.0,0.0,599.0,0.0,397.0,
2017,1000413780,軸承套;基座;;ABS/PA757;137C;φ55x8;GM40;,EA,0.0,878.0,0.0,0.0,598.0,0.0,280.0,
2018,1000413895,塑膠套;鋼索;側;PP;黑色/Black C;;GM115;,EA,0.0,1250.0,0.0,0.0,435.0,0.0,815.0,
2019,1000414005,鍵;平;8x10x20;;;GM121-KM,EA,0.0,140.0,0.0,0.0,98.0,0.0,42.0,
2020,1000414010,固定片;基座;下;烤漆;;;GM125;,EA,0.0,25.0,0.0,0.0,25.0,0.0,0.0,FIFO
2021,1000414011,固定片;基座;下;烤漆;;;GM125;,EA,0.0,25.0,0.0,0.0,25.0,0.0,0.0,FIFO
2022,1000414069,補強片;基座;前;SPHC;.;;GM111;,EA,0.0,498.0,0.0,0.0,286.0,0.0,212.0,
2023,1000414074,墊圈;;Φ8.2XΦ43X1.0T;SPHC;電著黑;,EA,0.0,3124.0,0.0,0.0,1812.0,0.0,1312.0,
2024,1000414156,貼標;胸墊調整;;;;;;GM128-KM,EA,0.0,170.0,0.0,0.0,96.0,0.0,74.0,
2025,1000414174,遮蓋片;滑輪;;SPHC;155.0X171.0X2.0t;;GM113;,EA,0.0,567.0,0.0,0.0,461.0,0.0,106.0,
2026,1000414181,間隔環;;上;45#;鍍鉻;GM125;Φ20.5xΦ32.0x3.0t;,EA,0.0,588.0,0.0,0.0,328.0,0.0,260.0,
2027,1000414322,連接桿;調整;GM113;;噴砂處理;ADC12;毛坯（八孔）,EA,0.0,601.0,0.0,0.0,376.0,0.0,225.0,122/123=điều chỉnh; chênh lệch=59.00
2028,1000414666,止檔片;凸輪;;SPHC;53.1x48x5.0t;;GM119;,EA,0.0,330.0,0.0,0.0,137.0,0.0,193.0,
2029,1000414668,橡膠條;止擋;;橡膠(SBR);黑色/Black C;16x25x2.0t;GM,EA,0.0,804.0,0.0,0.0,294.0,0.0,510.0,
2030,1000414720,襯套;滑輪調整套;;尼龍;;GM114;Φ10.2xΦ27.0x25.0L;黑色,EA,0.0,517.0,0.0,0.0,245.0,0.0,272.0,chênh lệch=40.00
2031,1000414737,軸承;桿端;SAL10T/K;M10;;左旋外螺紋（國產）;,EA,0.0,325.0,0.0,0.0,156.0,0.0,169.0,chênh lệch=60.00
2032,1000414738,軸承;桿端;SA10T/K;M10;;右旋外螺紋（國產）;,EA,0.0,325.0,0.0,0.0,156.0,0.0,169.0,chênh lệch=60.00
2033,1000414743,螺絲;圓柱;M8x1.25Px25L;機械牙;六角承窩;不鏽鋼;;全牙;G12.,EA,0.0,9662.0,0.0,0.0,0.0,0.0,9662.0,
2034,1000414836,墊圈;平;Φ8.2xΦ19.0x2.0T;不鏽鋼;;,EA,0.0,8024.0,0.0,0.0,0.0,0.0,8024.0,
2035,1000415112,支撐管;胸墊;φ50xφ100x3.0Tx256L;;;;,EA,0.0,40.0,0.0,0.0,33.0,0.0,7.0,
2036,1000415168,轉軸-加工;調整;;鍍白鋅;Φ18x37.5L;GM113;,EA,0.0,1385.0,0.0,0.0,728.0,0.0,657.0,chênh lệch=40.00
2037,1000415176,軸套組-加工;擺臂;;鍍白鋅;Φ30.0x79L;GM113;,EA,0.0,424.0,0.0,0.0,143.0,0.0,281.0,
2038,1000415775,"襯套;;銅90%,錫10%;Φ12xΦ18x8L;GM113",EA,0.0,2836.0,0.0,0.0,1104.0,0.0,1732.0,chênh lệch=80.00
2039,1000415843,轉軸墊片-加工;軸套;;鍍黑鋅;Φ12xΦ25x3.7L;GM121;,EA,0.0,280.0,0.0,0.0,196.0,0.0,84.0,
2040,1000416353,鋼索-加工;擺臂;B;壓鋼索頭;;GM120-KM;,EA,0.0,500.0,0.0,0.0,82.0,0.0,418.0,
2041,1000416355,貼標;凸輪調整;;;PC;;;GM120-KM,EA,0.0,90.0,0.0,0.0,27.0,0.0,63.0,
2042,1000416482,止擋墊;擺臂支撐;;PU;黑色/Black C;;GM117;含嵌件,EA,0.0,386.0,0.0,0.0,178.0,0.0,208.0,
2043,1000416638,間隔環;;;POM(塑膠鋼);黑色/Black C;;GM112;,EA,0.0,2968.0,0.0,0.0,1762.0,0.0,1206.0,
2044,1000417054,軸承;自動調心;2301RS;φ12xφ37x17T;;AMIGO,EA,0.0,140.0,0.0,0.0,98.0,0.0,42.0,
2045,1000417303,止擋塊;;;PU1;Black 7C;;GM121;含嵌件,EA,0.0,280.0,0.0,0.0,199.0,0.0,81.0,
2046,1000417322,指示貼標;ROM 調節;55X6mm;;PC;;;GM125,EA,0.0,816.0,0.0,0.0,474.0,0.0,342.0,chênh lệch=80.00
2047,1000417399,軸心;調整拉銷;;42CrMo;鍍鋅;GM128-KM;Φ15.8x93L;,EA,0.0,170.0,0.0,0.0,96.0,0.0,74.0,
2048,1000417617,固定片;腳墊調整;;SPHC;Φ80x10.0T;;GM128-KM;,EA,0.0,380.0,0.0,0.0,240.0,0.0,140.0,
2049,1000418395,插頁;;;;售服地址;GM113;通用,EA,0.0,40.0,0.0,0.0,0.0,0.0,40.0,thử khuôn/chưa nhập kho→tồn kho; tồn điều chỉnh (vật liệu thử khuôn.): delta=+40
2050,1000419290,墊子組;半成品;;黑曜石黑;B包;;GM113;,EA,0.0,279.0,0.0,0.0,93.0,0.0,186.0,chênh lệch=40.00
2051,1000419687,套筒;拉銷;;20#;;GM115;Φ25xΦ16x125L;,EA,0.0,310.0,0.0,0.0,71.0,0.0,239.0,
2052,1000419690,固定軸套;連接桿;;STK41;;GM115;Φ31.8xΦ26x143L;,EA,0.0,310.0,0.0,0.0,71.0,0.0,239.0,
2053,1000419752,固定管;背墊;φ50xφ120x3.0tx701L;;;Q195;GM115;,EA,0.0,250.0,0.0,0.0,40.0,0.0,210.0,
2054,1000419753,連接片;背墊管;;SPHC;162x99x72.4x6.0t;;GM115;,EA,0.0,250.0,0.0,0.0,71.0,0.0,179.0,
2055,1000419760,調整組-加工;背墊;;鍍硬鉻;255.3x208.8x32;GM115;,EA,0.0,250.0,0.0,0.0,88.0,0.0,162.0,
2056,1000419781,軸心;背墊;;20#;塗防鏽油;GM115;Φ20x161L;,EA,0.0,250.0,0.0,0.0,71.0,0.0,179.0,
2057,1000419805,固定片;座墊;;SPHC;272x170x3.0t;;GM115;,EA,0.0,310.0,0.0,0.0,71.0,0.0,239.0,
2058,1000419806,固定管;基座;φ50xφ100x3.0tx59L;;;;GM115,EA,0.0,90.0,0.0,0.0,40.0,0.0,50.0,
2059,1000420145,補強片;座椅;;SPHC;126x25.5x12x3t;;GM116;,EA,0.0,280.0,0.0,0.0,118.0,0.0,162.0,
2060,1000420196,固定片;護蓋;;SPHC;40x16x24x5.0T;;GM114;,EA,0.0,1452.0,0.0,0.0,1044.0,0.0,408.0,
2061,1000420297,支撐片;桿端軸承;一;SPHC;15.7x40.0x71.0x4.0t;;GM1,EA,0.0,219.0,0.0,0.0,159.0,0.0,60.0,
2062,1000420300,支撐片;桿端軸承;二;SPHC;98.0x40.0x4.0t;;GM117;,EA,0.0,193.0,0.0,0.0,193.0,0.0,0.0,
2063,1000420301,固定片;基座;;SPHC;100.0x50.0x6.0t;;GM117;減震墊,EA,0.0,438.0,0.0,0.0,400.0,0.0,38.0,
2064,1000420309,補強片;滑輪;;SPHC;93.6x40.0x10.5x4.0t;;GM117;,EA,0.0,438.0,0.0,0.0,400.0,0.0,38.0,
2065,1000420310,轉軸;滑輪;下;20#;鍍白鋅;GM117;φ38x141.8L;,EA,0.0,219.0,0.0,0.0,200.0,0.0,19.0,
2066,1000420314,底座;旋轉套管;;SPHC;130.0x82.1x72.0x6.0t;;GM11,EA,0.0,193.0,0.0,0.0,193.0,0.0,0.0,
2067,1000420315,間隔軸套;鋼索;;20#;鍍白鋅;GM117;Φ13.6x34L;,EA,0.0,199.0,0.0,0.0,125.0,0.0,74.0,
2068,1000420317,遮蓋片;滑輪;;SPHC;226.74x108.0x4.0t;;GM117;,EA,0.0,400.0,0.0,0.0,400.0,0.0,0.0,
2069,1000420319,墊子組;半成品;;黑色;;;GM118-KM;B包,EA,0.0,248.0,0.0,0.0,83.0,0.0,165.0,chênh lệch=60.00
2070,1000420323,墊子組;半成品;;黑色;;;GM123-KM;B包,EA,0.0,102.0,0.0,0.0,37.0,0.0,65.0,
2071,1000420351,墊子組;半成品;;黑曜石黑;B包;;GM121;,EA,0.0,94.0,0.0,0.0,60.0,0.0,34.0,
2072,1000420355,墊子組;半成品;;黑曜石黑;B包;;GM122;,EA,0.0,168.0,0.0,0.0,60.0,0.0,108.0,
2073,1000420358,墊子組;半成品;;黑曜石黑;B包;;GM126;,EA,0.0,105.0,0.0,0.0,81.0,0.0,24.0,
2074,1000420363,防護片;凸輪;;SPHC;3.0T;;GM119;,EA,0.0,292.0,0.0,0.0,137.0,0.0,155.0,
2075,1000420376,墊子組;半成品;;黑曜石黑;B 包;;GM127;,EA,0.0,222.0,0.0,0.0,222.0,0.0,0.0,
2076,1000420513,軸套;擺臂;;20#;鍍白鋅;GM112;Φ13.6xΦ8.3x61L;,EA,0.0,1035.0,0.0,0.0,611.0,0.0,424.0,
2077,1000420663,墊子組;半成品;;黑曜石黑;;;GM128-KM;B包,EA,0.0,99.0,0.0,0.0,55.0,0.0,44.0,
2078,1000420664,墊子組;半成品;;黑曜石黑;B包;;GM116;,EA,0.0,70.0,0.0,0.0,20.0,0.0,50.0,
2079,1000420682,墊子組;半成品;;黑曜石黑;;;GM114;B 包,EA,0.0,263.0,0.0,0.0,137.0,0.0,126.0,chênh lệch=40.00
2080,1000420687,墊子組;半成品;;黑曜石黑;;;GM129;B包,EA,0.0,14.0,0.0,0.0,9.0,0.0,5.0,
2081,1000420688,墊子組;半成品;;黑曜石黑;;;GM124;B包,EA,0.0,124.0,0.0,0.0,45.0,0.0,79.0,
2082,1000420748,墊子組;半成品;;黑曜石黑;B包;;GM112;,EA,0.0,193.0,0.0,0.0,110.0,0.0,83.0,
2083,1000420887,墊子組;半成品;;黑曜石黑;B包;;GM119;,EA,0.0,126.0,0.0,0.0,16.0,0.0,110.0,
2084,1000420892,墊子組;半成品;;黑曜石黑;B包;;GM120;,EA,0.0,170.0,0.0,0.0,0.0,0.0,170.0,
2085,1000421349,墊子組;半成品;;黑曜石黑;B包;;GM117;,EA,0.0,110.0,0.0,0.0,35.0,0.0,75.0,
2086,1000421455,止檔片;凸輪鋼索;;SPHC;116x50x51.7x3.0;;GM114;,EA,0.0,363.0,0.0,0.0,261.0,0.0,102.0,
2087,1000421466,連接頭;鋼索;;20#;鍍鉻;GM116;Φ22x50L;焊接,EA,0.0,180.0,0.0,0.0,59.0,0.0,121.0,
2088,1000421768,心軸-加工;鋼索;;鍍鋅;;Φ20x112.0LxM8;,EA,0.0,570.0,0.0,0.0,290.0,0.0,280.0,
2089,1000422082,止擋軸;鋼索;;20#;;GM120;Φ20x35L;,EA,0.0,90.0,0.0,0.0,28.0,0.0,62.0,
2090,1000422173,橡膠條;止擋;;橡膠(SBR);黑色/Black C;25x25x5.0t;GM,EA,0.0,160.0,0.0,0.0,50.0,0.0,110.0,
2091,1000422225,固定片;滑輪支撐片;左;不鏽鋼;238.1×154.64×3.0t;拋光;MS2,EA,0.0,310.0,0.0,0.0,20.0,0.0,290.0,
2092,1000422226,固定片;滑輪支撐片;右;不鏽鋼;238.1×154.64×3.0t;拋光;MS2,EA,0.0,310.0,0.0,0.0,20.0,0.0,290.0,
2093,1000422325,"軸承;桿端;SI 14T/K;M14X2.0P;;車製,鍍鉻",EA,0.0,3699.0,0.0,0.0,1918.0,0.0,1781.0,chênh lệch=180.00
2094,1000422735,墊子組;半成品;;黑色;B包;;GM111;,EA,0.0,143.0,0.0,0.0,92.0,0.0,51.0,
2095,1000422756,墊子組;半成品;;黑色;B包;;GM125;,EA,0.0,208.0,0.0,0.0,141.0,0.0,67.0,chênh lệch=40.00
2096,1000423023,角紙;;;50*50*470*5T;紙護角;FW320,EA,0.0,644.0,0.0,0.0,122.0,0.0,522.0,
2097,1000423441,調整拉銷;背墊;;S45C;鍍鋅;GM115;Φ16x172.5L;,EA,0.0,250.0,0.0,0.0,57.0,0.0,193.0,
2098,1000424521,止擋塊;搖臂;;POM;;GM125;Φ22.0x15.0;黑色,EA,0.0,833.0,0.0,0.0,433.0,0.0,400.0,chênh lệch=40.00
2099,1000425285,心軸;拉銷;;45#;;GM125;Φ16X112.5L;,EA,0.0,40.0,0.0,0.0,0.0,0.0,40.0,thử khuôn/chưa nhập kho→tồn kho; tồn điều chỉnh (vật liệu thử khuôn.): delta=+40
2100,1000425346,軸承;滾珠;6004ZZ;;長城;,EA,0.0,2196.0,0.0,0.0,316.0,0.0,1880.0,
2101,1000425371,緩衝塊;止擋;;NBR橡膠;;;GM122;,EA,0.0,454.0,0.0,0.0,188.0,0.0,266.0,
2102,1000425391,軸承;滾珠;6000ZZ;;長城;,EA,0.0,1200.0,0.0,0.0,244.0,0.0,956.0,
2103,1000425392,軸承;滾珠;6006ZZ;Ψ30XΨ55X13T;長城;,EA,0.0,340.0,0.0,0.0,70.0,0.0,270.0,
2104,1000425393,軸承;滾珠;6203ZZ;Ψ17XΨ40X12T;長城;,EA,0.0,3320.0,0.0,0.0,640.0,0.0,2680.0,
2105,1000425398,軸承;滾珠;6204ZZ;Ψ20xΨ47x14T;長城;,EA,0.0,1472.0,0.0,0.0,848.0,0.0,624.0,chênh lệch=120.00
2106,1000425417,軸承;滾珠;6204ZZ;Φ20xΦ47x14T;長城;C3;,EA,0.0,4632.0,0.0,0.0,2336.0,0.0,2296.0,
2107,1000425421,軸承;滾珠;6004ZZ;Ψ20XΨ42X12T;長城;,EA,0.0,5076.0,0.0,0.0,1260.0,0.0,3816.0,
2108,1000425423,軸承;滾珠;6006zz;Φ30XΦ55X13T;長城;C3;,EA,0.0,5235.0,0.0,0.0,3455.0,0.0,1780.0,chênh lệch=160.00
2109,1000425424,軸承;滾珠;6205LUZ(TUTZ)/C3;;長城;深溝,EA,0.0,1378.0,0.0,0.0,965.0,0.0,413.0,
2110,1000426122,PE袋;;;1230x990x1460;FW94;透明;0.03T;,EA,0.0,948.0,0.0,0.0,925.0,0.0,23.0,
2111,1000426126,PE袋;;;2550x640x1550;MS21;透明;0.03T;,EA,0.0,80.0,0.0,0.0,80.0,0.0,0.0,chênh lệch=250.00; tồn điều chỉnh (Đã nhập kho nhưng chưa khai báo): delta=-250
2112,1000426145,PE袋;;;1600x1000x2100;GM26;透明;0.03T;,EA,0.0,440.0,0.0,0.0,164.0,0.0,276.0,
2113,1000426146,PE袋;;;2155x1050x1170;GM10;透明;0.03T;,EA,0.0,220.0,0.0,0.0,83.0,0.0,137.0,
2114,1000426147,PE袋;;;1850x1100x1280;GM09;透明;0.03T;,EA,0.0,200.0,0.0,0.0,11.0,0.0,189.0,
2115,1000426169,PE袋;;;1640x1200x1754;GM07;透明;0.03T;,EA,0.0,170.0,0.0,0.0,36.0,0.0,134.0,
2116,1000426171,PE袋;;;1780x1290x1270;GM03;透明;0.03T;,EA,0.0,1180.0,0.0,0.0,288.0,0.0,892.0,
2117,1000426192,連接管;車架;φ50.0xφ100.0x250.0Lx3.0t;上;;;FW32,EA,0.0,1860.0,0.0,0.0,1260.0,0.0,600.0,
2118,1000426194,支撐管;車架;φ40xφ80x147.8Lx3.0t;;;;下;;Q195;FW,EA,0.0,1291.0,0.0,0.0,691.0,0.0,600.0,
2119,1000426203,PE袋;;;1580x1420x1307;FW96;透明;0.03T;,EA,0.0,270.0,0.0,0.0,8.0,0.0,262.0,
2120,1000426224,支撐管;車架;φ50.0xφ100.0x469.5Lx3.0t;;;;FW322,EA,0.0,1714.0,0.0,0.0,1714.0,0.0,0.0,
2121,1000426244,粉體塗料;熒光綠;底漆;Pantone 802C,KG,0.0,100.0,0.0,0.0,2.8499999999999943,0.0,97.15,CCDC
2122,1000426257,連接管;車架;φ50.0xφ100.0x366Lx3.0t;中;;;FW323,EA,0.0,140.0,0.0,0.0,140.0,0.0,0.0,FIFO
2123,1000426373,護條;車架;前;2310X24.1X12.2X3.0T;;;FW325;,EA,0.0,736.0,0.0,0.0,562.0,0.0,174.0,
2124,1000426397,護條;車架;前;1850X24.1X12.2X3.0T;;;FW324;FW32,EA,0.0,632.0,0.0,0.0,220.0,0.0,412.0,
2125,1000426408,護條;車架;前;1220X24.1X12.2X3.0T;;;FW329;FW32,EA,0.0,707.0,0.0,0.0,297.0,0.0,410.0,
2126,1000426523,彈簧;壓縮;φ1.5xφ10.2x45.2L;SWPB;鍍白鋅;GM114,EA,0.0,513.0,0.0,0.0,263.0,0.0,250.0,chênh lệch=40.00
2127,1000426589,彈簧;壓縮;Φ1.0xΦ18x60Lx8N;65Mn;鍍彩鋅;GM56;,EA,0.0,140.0,0.0,0.0,102.0,0.0,38.0,
2128,1000426671,軸承;滾珠;6005-2RS定制;外徑φ47內徑φ25外厚12T內厚18T;瀟陽,EA,0.0,680.0,0.0,0.0,278.0,0.0,402.0,
2129,1000426729,螺絲;平頭;倒角;M10x1.5Px25L;機械牙;六角承窩;20CrMo;電著,EA,0.0,10616.0,0.0,0.0,5520.0,0.0,5096.0,
2130,1000426763,粉體塗料;;PF黃色 RAL1023,EA,0.0,850.0,0.0,0.0,0.0,0.0,850.0,CCDC
2131,1000429520,貼標;護蓋;215.34x936.35;;;左前;;PF紫色;GM113;,EA,0.0,1864.0,0.0,0.0,1033.0,0.0,831.0,
2132,1000429521,貼標;護蓋;215.34x936.35;;;右前;;PF紫色;GM113;,EA,0.0,1864.0,0.0,0.0,1033.0,0.0,831.0,
2133,1000429522,貼標;護蓋;;;;後;;PF紫色GM113,EA,0.0,1864.0,0.0,0.0,1033.0,0.0,831.0,
2134,1000430041,止擋塊;滑輪;;SPHC;;MS10;158×82×30;,EA,0.0,800.0,0.0,0.0,160.0,0.0,640.0,
2135,1000431150,軸套;;;20#;;GM114;φ23X56L;,EA,0.0,34453.0,0.0,0.0,19317.0,0.0,15136.0,
2136,1000431198,固定片;緩衝墊;;SPHC;100x50.8x10.0t;;PL217;,EA,0.0,2.0,0.0,0.0,0.0,0.0,2.0,
2137,1000431252,棧板;;;1420x1240x140;膠合棧板;GM68-星球,EA,0.0,82.0,0.0,0.0,60.0,0.0,22.0,chênh lệch=1.00
2138,1000431263,棧板;;;1440x1300x140;膠合棧板;GM14-星球,EA,0.0,67.0,0.0,0.0,49.0,0.0,18.0,
2139,1000431364,泡棉;扶手握把;;;;Φ24X5.0TX140L;PL217;,EA,0.0,202.0,0.0,0.0,22.0,0.0,180.0,
2140,1000431367,端塞;;;;;□40x80x3T;PL217;市購品,EA,0.0,680.0,0.0,0.0,144.0,0.0,536.0,
2141,1000431611,緩衝墊;;;NBR橡膠;;100x50x35;PL217;,EA,0.0,103.0,0.0,0.0,0.0,0.0,103.0,122/123=điều chỉnh; chênh lệch=102.00
2142,1000431623,外紙箱;;;1690x1140x400;PL217;VY-400-03;,EA,0.0,1.0,0.0,0.0,0.0,0.0,1.0,thử khuôn/chưa nhập kho→tồn kho; tồn điều chỉnh (bù sản phẩm lỗi): delta=+1
2143,1000432146,孔塞;;;PP;黑色;;MS53;市購品,EA,0.0,66.0,0.0,0.0,66.0,0.0,0.0,
2144,1000432747,GB貼標;;GM118-KM;;PET;;;,EA,0.0,822.0,0.0,0.0,179.0,0.0,643.0,chênh lệch=60.00
2145,1000432749,GB貼標;;GM112-KM;;PET;;;,EA,0.0,140.0,0.0,0.0,34.0,0.0,106.0,
2146,1000432757,GB貼標;;GM114-KM;;PET;;;,EA,0.0,607.0,0.0,0.0,295.0,0.0,312.0,chênh lệch=40.00
2147,1000432764,GB貼標;;GM125-KM;;PET;;;,EA,0.0,437.0,0.0,0.0,240.0,0.0,197.0,
2148,1000432789,泡棉;扶手握把;;EPDM+PP;;Φ25X5.0TX107L;PL218;,EA,0.0,76.0,0.0,0.0,36.0,0.0,40.0,
2149,1000432816,封口片;止擋;;SPHC;φ40x8.0t;;PL218;,EA,0.0,170.0,0.0,0.0,35.0,0.0,135.0,
2150,1000432848,握把;;φ25.4x3.0tx195.1L;;;Q195;PL218;,EA,0.0,20.0,0.0,0.0,20.0,0.0,0.0,
2151,1000432852,支撐板;鋼索輪;左;;;;MS53B;,EA,0.0,540.0,0.0,0.0,40.0,0.0,500.0,
2152,1000432861,支撐片;鋼索輪;右;;;;MS53B;,EA,0.0,540.0,0.0,0.0,40.0,0.0,500.0,
2153,1000432873,調整組;;左;焊接;;PL218;,EA,0.0,71.0,0.0,0.0,35.0,0.0,36.0,
2154,1000432901,"背墊;;PU,發泡;黑色;南亞;PL218-KM",EA,0.0,2.0,0.0,0.0,0.0,0.0,2.0,
2155,1000432954,定位銷;;;;;PL218;Ø8.5x26;GB/T879.1-2000,EA,0.0,340.0,0.0,0.0,72.0,0.0,268.0,
2156,1000432964,緩衝墊;腳墊;下;NBR橡膠;;;MS53B;,EA,0.0,270.0,0.0,0.0,20.0,0.0,250.0,
2157,1000432967,踏板;腳墊;;SPHC;573.9x612x12.1x6.0T;;MS53B;,EA,0.0,426.0,0.0,0.0,20.0,0.0,406.0,
2158,1000432968,保護套 ;;;NBR橡膠;;;MS53B;,EA,0.0,270.0,0.0,0.0,20.0,0.0,250.0,
2159,1000432972,貼地桿;;φ50x100x3tx1770L;前;;;MS53B;,EA,0.0,270.0,0.0,0.0,20.0,0.0,250.0,
2160,1000432973,支撐管;滑輪;φ50x100x3tx590L;;;;MS53B;,EA,0.0,20.0,0.0,0.0,20.0,0.0,0.0,
2161,1000432974,支撐板;滑輪;;;209.0x112.0x64.0;;MS53B;,EA,0.0,270.0,0.0,0.0,20.0,0.0,250.0,
2162,1000433006,固定片;腳墊;上;;318x100x32x5.0t;;MS53B;,EA,0.0,270.0,0.0,0.0,20.0,0.0,250.0,
2163,1000433033,支撐管;腳踏板;□50.0X75.0X3.0TX290L;;;;MS53B;,EA,0.0,540.0,0.0,0.0,40.0,0.0,500.0,
2164,1000433036,固定管;座椅;Φ40.0xΦ80.0x3.0Tx800L;;;;MS53B;,EA,0.0,270.0,0.0,0.0,20.0,0.0,250.0,
2165,1000433039,五金零件包;;;;MS53B;,EA,0.0,270.0,0.0,0.0,20.0,0.0,250.0,
2166,1000433102,螺絲組;半成品;;;;;MS53B;,EA,0.0,270.0,0.0,0.0,20.0,0.0,250.0,
2167,1000433184,電源板;直流;;;12.6V/3.3A;HBPB;TM747;,EA,0.0,1300.0,0.0,0.0,0.0,0.0,1300.0,
2168,1000433332,快速按鍵;;左上;;;PC510/ABS PA746;黑/137C桔黃;TM53,EA,0.0,11953.0,0.0,0.0,7030.0,0.0,4923.0,
2169,1000433333,快速按鍵;;右上;;;PC510/ABS PA746;黑/137C桔黃;TM53,EA,0.0,11859.0,0.0,0.0,6933.0,0.0,4926.0,
2170,1000433340,快速按鍵;;左上;PC 510;;黑色&137C桔黃;EP629;功能按鍵,EA,0.0,720.0,0.0,0.0,0.0,0.0,720.0,
2171,1000433341,快速按鍵;;右上;PC 510;;黑色&137C桔黃;EP629;阻力按鍵,EA,0.0,720.0,0.0,0.0,0.0,0.0,720.0,
2172,1000433349,感應器固定片;心跳;左下;PC 510+TPR;黑色/Black C;;EP63,EA,0.0,2720.0,0.0,0.0,0.0,0.0,2720.0,chênh lệch=2700.00; tồn điều chỉnh (Đã khai báo hải quan nhưng chưa nhập sổ): delta=+2700
2173,1000433351,感應器固定片;心跳;右下;PC 510+TPR;黑色/Black C;;EP63,EA,0.0,2720.0,0.0,0.0,0.0,0.0,2720.0,chênh lệch=2700.00; tồn điều chỉnh (Đã khai báo hải quan nhưng chưa nhập sổ): delta=+2700
2174,1000433354,快速按鍵;;左內;PC 510+TPR;137C桔黃/80395;黑;EP631,EA,0.0,2720.0,0.0,0.0,0.0,0.0,2720.0,chênh lệch=2700.00; tồn điều chỉnh (Đã khai báo hải quan nhưng chưa nhập sổ): delta=+2700
2175,1000433355,快速按鍵;;右內;PC 510+TPR;137C桔黃/80395;黑;EP631,EA,0.0,2720.0,0.0,0.0,0.0,0.0,2720.0,chênh lệch=2700.00; tồn điều chỉnh (Đã khai báo hải quan nhưng chưa nhập sổ): delta=+2700
2176,1000433358,快速鍵底座;;左下;ABS/PA746;黑色/Black C;;EP631;,EA,0.0,2720.0,0.0,0.0,0.0,0.0,2720.0,chênh lệch=2700.00; tồn điều chỉnh (Đã khai báo hải quan nhưng chưa nhập sổ): delta=+2700
2177,1000433359,快速鍵底座;;右下;ABS/PA746;黑色/Black C;;EP631;,EA,0.0,2720.0,0.0,0.0,0.0,0.0,2720.0,chênh lệch=2700.00; tồn điều chỉnh (Đã khai báo hải quan nhưng chưa nhập sổ): delta=+2700
2178,1000433507,"電源插座接地線;;;;;;;200(KST,FDFNYD2-250-1母端+WS",EA,0.0,11353.0,0.0,0.0,6933.0,0.0,4420.0,
2179,1000433544,固定片;氣壓棒;;SPHC;200x46x6.0t;;GM114;,EA,0.0,339.0,0.0,0.0,247.0,0.0,92.0,
2180,1000433677,塑膠墊;馬達蓋;;NBR橡膠;橘色;;TM538;,EA,0.0,24484.0,0.0,0.0,14926.0,0.0,9558.0,
2181,1000433678,護蓋;馬達;前;ABS/PA765A;深灰/80435;;TM538;,EA,0.0,18900.0,0.0,0.0,6963.0,0.0,11937.0,
2182,1000433882,外紙箱組;;;2450x620x790;MS53B;,EA,0.0,270.0,0.0,0.0,20.0,0.0,250.0,
2183,1000433883,保麗龍組;;;;MS53B-KM;,EA,0.0,270.0,0.0,0.0,20.0,0.0,250.0,
2184,1000433884,包裝附件組;;;;MS53B-KM;,EA,0.0,270.0,0.0,0.0,20.0,0.0,250.0,
2185,1000433886,膠合板;;;2400x570x5;MS53B-KM;墊板,EA,0.0,80.0,0.0,0.0,80.0,0.0,0.0,
2186,1000433908,橫管;車架;口40x40x2.0Tx778L;中;;Q195;TM747,EA,0.0,89.0,0.0,0.0,89.0,0.0,0.0,
2187,1000433910,補強管;車架;20x40x1.5Tx780L;後;;Q195;TM747,EA,0.0,790.0,0.0,0.0,790.0,0.0,0.0,
2188,1000433914,固定片;馬達;;SPHC;4.0T;;TM747;,EA,0.0,600.0,0.0,0.0,0.0,0.0,600.0,
2189,1000433923,固定片;馬達;;SPHC;5.0T;;TM747;,EA,0.0,1200.0,0.0,0.0,0.0,0.0,1200.0,
2190,1000433945,遮蓋片;;;SPHC;116.8x110.0x1.6T;;TM747;,EA,0.0,600.0,0.0,0.0,0.0,0.0,600.0,
2191,1000433956,裝飾護條組;;右;;TM538;;,EA,0.0,14157.0,0.0,0.0,8718.0,0.0,5439.0,chênh lệch=1785.00
2192,1000433959,裝飾護條組;;左;;TM538;;,EA,0.0,14158.0,0.0,0.0,8855.0,0.0,5303.0,chênh lệch=1892.00
2193,1000434001,儀表桿;;61.3x150x2.5tx1149.5L;左;;STK41;TM74,EA,0.0,4486.0,0.0,0.0,4225.0,0.0,261.0,
2194,1000434010,儀表桿;;61.3x150x2.5tx1149.5L;右;;STK41;TM74,EA,0.0,4460.0,0.0,0.0,4199.0,0.0,261.0,
2195,1000434011,端蓋;儀表桿;右;ABS PA757S;深灰P80435;;TM747;,EA,0.0,12359.0,0.0,0.0,8636.0,0.0,3723.0,
2196,1000434012,端蓋;儀表桿;左;ABS PA757S;深灰P80435;;TM747;,EA,0.0,12359.0,0.0,0.0,8611.0,0.0,3748.0,
2197,1000434037,心跳感應器握管組;;左;;TM747;;,EA,0.0,10803.0,0.0,0.0,6933.0,0.0,3870.0,
2198,1000434038,心跳感應器握管組;;右;;TM747;;,EA,0.0,10803.0,0.0,0.0,6945.0,0.0,3858.0,
2199,1000434052,螺絲組;半成品;;;;;TM747;,EA,0.0,5003.0,0.0,0.0,4203.0,0.0,800.0,
2200,1000434070,心軸;移動輪;;AISI 1018;;TM747;φ25x86L;,EA,0.0,1200.0,0.0,0.0,0.0,0.0,1200.0,
2201,1000434072,固定片;升降;下;SPHC;6.0T;;TM747;,EA,0.0,1200.0,0.0,0.0,0.0,0.0,1200.0,
2202,1000434073,移動輪;;;尼龍(超韌級);純黑色;φ18xφ80x48;TM747;,EA,0.0,23718.0,0.0,0.0,13866.0,0.0,9852.0,
2203,1000434074,塑膠套;轉軸;;;;φ24xφ16x12;TM747;IGUS Q2FM-161,EA,0.0,24841.0,0.0,0.0,13989.0,0.0,10852.0,
2204,1000434084,螺桿;;;20#;塗防鏽油;TM747;Φ15x33.5L;,EA,0.0,2400.0,0.0,0.0,0.0,0.0,2400.0,
2205,1000434085,套管;儀表;;20#;塗防鏽油;TM747;Φ12.7x34L;,EA,0.0,4800.0,0.0,0.0,0.0,0.0,4800.0,
2206,1000434086,面板蓋-加工;儀表;上;絲網印刷;106X80.5;TM747;,EA,0.0,10056.0,0.0,0.0,6968.0,0.0,3088.0,
2207,1000434089,面板蓋;儀表;下;ABS/PA757;;;TM747;,EA,0.0,10147.0,0.0,0.0,7063.0,0.0,3084.0,
2208,1000434090,水壺架 ;儀表;左;TPR+PP;深灰/80435;90°;TM747;,EA,0.0,11459.0,0.0,0.0,7033.0,0.0,4426.0,
2209,1000434091,水壺架 ;儀表;右;TPR+PP;深灰/80435;90°;TM747;,EA,0.0,11459.0,0.0,0.0,7033.0,0.0,4426.0,
2210,1000434093,裝飾蓋;安全開關;下;ABS PA757S;深灰/80435;;TM747;,EA,0.0,12819.0,0.0,0.0,7463.0,0.0,5356.0,
2211,1000434095,馬達護蓋組;馬達;上;含彩標;TM747;;,EA,0.0,5328.0,0.0,0.0,4203.0,0.0,1125.0,
2212,1000434097,護蓋;馬達;上;;;ABS FA3001深灰/80435;TM747;,EA,0.0,1705.0,0.0,0.0,0.0,0.0,1705.0,
2213,1000434099,端蓋;車架;左後;ABS/PA746;;;TM747;,EA,0.0,6853.0,0.0,0.0,4203.0,0.0,2650.0,
2214,1000434100,端蓋;車架;右後;ABS/PA746;;;TM747;,EA,0.0,6853.0,0.0,0.0,4203.0,0.0,2650.0,
2215,1000434101,背蓋;儀表;;ABS/PA757;;;TM747;,EA,0.0,10003.0,0.0,0.0,6933.0,0.0,3070.0,
2216,1000434102,扶手;把手;左;ABS/PA757;黑色;;TM747;气辅,EA,0.0,10003.0,0.0,0.0,7049.0,0.0,2954.0,chênh lệch=116.00
2217,1000434103,扶手;把手;右;ABS/PA757;黑色;;TM747;气辅,EA,0.0,10003.0,0.0,0.0,7213.0,0.0,2790.0,chênh lệch=280.00
2218,1000434201,補強片;腳踏板;;SPHC;55.0x236.0x3.0T;;GM128-KM;,EA,0.0,510.0,0.0,0.0,276.0,0.0,234.0,
2219,1000434321,珍珠棉;;;;TM747;,EA,0.0,6761.0,0.0,0.0,6433.0,0.0,328.0,chênh lệch=500.00
2220,1000434325,塑膠件組;;;;;TM747;,EA,0.0,10003.0,0.0,0.0,7731.0,0.0,2272.0,122/123=điều chỉnh; chênh lệch=202.00
2221,1000434327,三合板;;;;;TM747;,EA,0.0,2700.0,0.0,0.0,2700.0,0.0,0.0,
2222,1000434338,"BS連接線;;;;;;230;KST,FDFNYD5-250-1x2;",EA,0.0,11197.0,0.0,0.0,7206.0,0.0,3991.0,
2223,1000434370,手握心跳線;;;;;UL2464 22AWG;1000;TKP H2510-06,EA,0.0,720.0,0.0,0.0,0.0,0.0,720.0,
2224,1000434371,快速按鍵連接線;;;;;UL2464 26AWG;1150;TKP H6630R,EA,0.0,720.0,0.0,0.0,0.0,0.0,720.0,
2225,1000434426,護蓋;儀表;左;ABS/PA757;;;TM747;,EA,0.0,12049.0,0.0,0.0,7263.0,0.0,4786.0,
2226,1000434427,護蓋;儀表;右;ABS/PA757;;;TM747;,EA,0.0,12049.0,0.0,0.0,7263.0,0.0,4786.0,
2227,1000434473,儀表電源線;;;;;22AWG;1850;TKP H6630R1-05;,EA,0.0,5497.0,0.0,0.0,4264.0,0.0,1233.0,
2228,1000434569,固定片;電源插座;右;SPHC;65x30x38.7x1.6T;;EP719;,EA,0.0,720.0,0.0,0.0,0.0,0.0,720.0,
2229,1000434576,儀表桿;;117.6x150.3x2.8Tx692L;;;;EP719,EA,0.0,20.0,0.0,0.0,0.0,0.0,20.0,
2230,1000434578,扶手管;;φ31.8x2.0tx1168.5L;;;;EP719;,EA,0.0,20.0,0.0,0.0,0.0,0.0,20.0,
2231,1000434581,五金零件包總成;;;;EP719;,EA,0.0,520.0,0.0,0.0,0.0,0.0,520.0,
2232,1000434722,按鍵;快速;左;2KEY;CB96;,EA,0.0,20.0,0.0,0.0,0.0,0.0,20.0,
2233,1000434749,按鍵;快速;右;2KEY;CB96;,EA,0.0,20.0,0.0,0.0,0.0,0.0,20.0,
2234,1000435138,安全開關連接線;;;;;;700;H6630R1-04+KST 250x4;,EA,0.0,11353.0,0.0,0.0,6933.0,0.0,4420.0,
2235,1000436616,"網路信號線;;;;;;;1950(慶陞,3203A42420+COMMSCOPE",EA,0.0,720.0,0.0,0.0,0.0,0.0,720.0,
2236,1000436944,固定管;儀表基座-TM;□30.0X30.0X2.0TX714L;;;;TM74,EA,0.0,580.0,0.0,0.0,580.0,0.0,0.0,
2237,1000436963,固定片;儀表;;;;;EP719;,EA,0.0,720.0,0.0,0.0,0.0,0.0,720.0,
2238,1000436965,固定架;安全開關;;SPHC;2.0T;電著黑;TM747;,EA,0.0,12206.0,0.0,0.0,6929.0,0.0,5277.0,chênh lệch=4.00
2239,1000437001,護蓋;儀表;後;ABS/PA757;深灰/80435;;;EP719,EA,0.0,720.0,0.0,0.0,0.0,0.0,720.0,
2240,1000437045,固定柱;腳墊;後;20#;;TM747;∅18x32L;,EA,0.0,1200.0,0.0,0.0,0.0,0.0,1200.0,
2241,1000437053,整線座;電源線;;PP;黑色/Black C;50.0x33.5x15;TM74,EA,0.0,11859.0,0.0,0.0,6933.0,0.0,4926.0,
2242,1000437066,感應器握管;;左;尼龍 PA6;黑色/Black C;;CS33;,EA,0.0,2720.0,0.0,0.0,0.0,0.0,2720.0,chênh lệch=2700.00; tồn điều chỉnh (Đã khai báo hải quan nhưng chưa nhập sổ): delta=+2700
2243,1000437067,感應器握管;;右;尼龍 PA6;黑色/Black C;;CS33;,EA,0.0,2720.0,0.0,0.0,0.0,0.0,2720.0,chênh lệch=2700.00; tồn điều chỉnh (Đã khai báo hải quan nhưng chưa nhập sổ): delta=+2700
2244,1000437068,感應器固定片;心跳;左上;PC 510+TPR;黑色;;CS33;,EA,0.0,965.0,0.0,0.0,0.0,0.0,965.0,chênh lệch=945.00; tồn điều chỉnh (Đã khai báo hải quan nhưng chưa nhập sổ): delta=+945
2245,1000437070,感應器固定片;心跳;右上;PC 510+TPR;黑色;;CS33;,EA,0.0,965.0,0.0,0.0,0.0,0.0,965.0,chênh lệch=945.00; tồn điều chỉnh (Đã khai báo hải quan nhưng chưa nhập sổ): delta=+945
2246,1000437121,移動輪;;;;黑色;202a;TM538;,EA,0.0,10812.0,0.0,0.0,5520.0,0.0,5292.0,
2247,1000437143,防護片;止擋片;右;SPHC;146.8x138.1x3T;;MS53B;,EA,0.0,540.0,0.0,0.0,40.0,0.0,500.0,
2248,1000437144,按鍵;快速;左;2Keys;TM538;,EA,0.0,9867.0,0.0,0.0,7254.0,0.0,2613.0,
2249,1000437145,按鍵;快速;右;2Keys;TM538;,EA,0.0,9863.0,0.0,0.0,7103.0,0.0,2760.0,chênh lệch=14.00
2250,1000437146,"接地線;;;;;100(KST,FDFNYD2-250-1+WST,B40506",EA,0.0,11450.0,0.0,0.0,7030.0,0.0,4420.0,
2251,1000437147,防護片;止擋片;左;SPHC;146.8x138.1x3T;;MS53B;,EA,0.0,540.0,0.0,0.0,40.0,0.0,500.0,
2252,1000437152,固定座;繞線;;ABS/PA746;黑色/Black C;;TM538;,EA,0.0,11996.0,0.0,0.0,7270.0,0.0,4726.0,
2253,1000437156,快速鍵底座;;左下;ABS PA746;黑色/Black C;;TM538;,EA,0.0,11859.0,0.0,0.0,6933.0,0.0,4926.0,
2254,1000437159,快速鍵底座;;右下;ABS PA746;黑色/Black C;;TM538;,EA,0.0,12008.0,0.0,0.0,7082.0,0.0,4926.0,
2255,1000437164,魔鬼粘;;50x35mm;PS-9704;黑色;;;TM538,EA,0.0,1488.0,0.0,0.0,0.0,0.0,1488.0,
2256,1000437247,棧板;;;840x370x140mm;實木棧板;UV2共用,EA,0.0,2612.0,0.0,0.0,2401.0,0.0,211.0,chênh lệch=33.00
2257,1000437248,紙板;;;848x376x680mm;B瓦楞圍框;UV2共用,EA,0.0,3694.0,0.0,0.0,2434.0,0.0,1260.0,
2258,1000437346,"下控板電源線;;;;;;200+240;TKP,H10M1R-03+KST,RV",EA,0.0,11000.0,0.0,0.0,6980.0,0.0,4020.0,
2259,1000437486,"濾波器電源線;;;;;;300+320;KST,RVS3-5+FDFNYD2-2",EA,0.0,10590.0,0.0,0.0,7024.0,0.0,3566.0,
2260,1000437591,套筒;圓墊;;PVC;黑色;;PL218;,EA,0.0,170.0,0.0,0.0,35.0,0.0,135.0,
2261,1000437602,間隔套;圓墊;;PVC;黑色;;PL218;,EA,0.0,170.0,0.0,0.0,35.0,0.0,135.0,
2262,1000437643,外紙箱;;;1900x760x790;;EP719;,EA,0.0,725.0,0.0,0.0,0.0,0.0,725.0,chênh lệch=5.00; tồn điều chỉnh (bù sản phẩm lỗi): delta=+5
2263,1000438169,固定桿;連接;下;20#;;GM112;Φ19x53L;,EA,0.0,2248.0,0.0,0.0,1304.0,0.0,944.0,
2264,1000438465,固定管;儀表基座-TM;□30.0X30.0X2.0TX714L;;;;TM74,EA,0.0,560.0,0.0,0.0,560.0,0.0,0.0,
2265,1000438711,濾波器電源線;;;;;SVT 18AWG;260+250;FLDNY2-250x,EA,0.0,720.0,0.0,0.0,0.0,0.0,720.0,
2266,1000438760,安全開關蓋-加工;上蓋;;印刷;印刷+透明油;TM747;,EA,0.0,10503.0,0.0,0.0,6933.0,0.0,3570.0,
2267,1000439697,導線束帶;;;W=4.8mm 400L;;白色;市購品,EA,0.0,131683.0,0.0,0.0,67353.0,0.0,64330.0,
2268,1000439867,固定片;;外;SPHC;90x54.3x4.0T;;GM114;,EA,0.0,1209.0,0.0,0.0,845.0,0.0,364.0,
2269,1000441032,墊子組;半成品;;黑曜石黑;新;;MS51B;B包,EA,0.0,170.0,0.0,0.0,20.0,0.0,150.0,
2270,1000441130,軸承;;圓柱滾子;NJ305/C3;Φ25xΦ62x17T;;TMB,EA,0.0,380.0,0.0,0.0,70.0,0.0,310.0,
2271,1000441172,固定套;;;POM(塑膠鋼);黑色/Black C;;PL218-KM;,EA,0.0,202.0,0.0,0.0,0.0,0.0,202.0,
2272,1000441318,固定蓋;胸墊;;ABS/PA757;深灰 Pantone 446C;;GM112,EA,0.0,860.0,0.0,0.0,568.0,0.0,292.0,
2273,1000442654,導桿;座椅;;;鍍硬鉻;GM114;φ40x1331L;撫泰,EA,0.0,826.0,0.0,0.0,482.0,0.0,344.0,chênh lệch=80.00
2274,1000443236,調整手柄;調整插銷;20#;鍛造;;;;GM115,EA,0.0,310.0,0.0,0.0,71.0,0.0,239.0,
2275,1000443239,調整手柄;調整插銷;20#;鍛造;;;;GM113,EA,0.0,1074.0,0.0,0.0,657.0,0.0,417.0,chênh lệch=40.00
2276,1000443286,固定片;凸輪;小;;Φ160x4.0T;;GM112;,EA,0.0,281.0,0.0,0.0,163.0,0.0,118.0,
2277,1000443655,軸承;乾式;MCM-12-03;Φ12xΦ13.6x4.6L;;IGUS,EA,0.0,21224.0,0.0,0.0,11040.0,0.0,10184.0,
2278,1000443656,扭簧;;φ1.0x14.5L;2N;SWPB;鍍鋅;右旋,EA,0.0,5696.0,0.0,0.0,2760.0,0.0,2936.0,
2279,1000443689,說明書;;;;網址;喬山標準-Matrix專用,EA,0.0,31372.0,0.0,0.0,19199.0,0.0,12173.0,chênh lệch=40.00
2280,1000443691,扳手;六角L型;M10x245L;;;,EA,0.0,5300.0,0.0,0.0,2730.0,0.0,2570.0,
2281,1000443701,連接管;;φ50xφ100x3.0Tx1000L;中;;STK41;MS10,EA,0.0,200.0,0.0,0.0,40.0,0.0,160.0,
2282,1000443760,固定片;凸輪;小;SPHC;Φ160*4.0T;;GM112;,EA,0.0,281.0,0.0,0.0,162.0,0.0,119.0,
2283,1000444480,安全開關蓋;;下;ABS PA757S;;;TM747;187C,EA,0.0,11859.0,0.0,0.0,6933.0,0.0,4926.0,
2284,1000444549,塑膠袋組;含印刷;;;;EP719,EA,0.0,720.0,0.0,0.0,0.0,0.0,720.0,
2285,1000444573,腿墊組;;;黑色;;;GM42-KM;,EA,0.0,668.0,0.0,0.0,392.0,0.0,276.0,
2286,1000444574,腿墊組;;;美國紅(ABR);;;GM42-KM;,EA,0.0,26.0,0.0,0.0,20.0,0.0,6.0,
2287,1000444578,腿墊組;;;灰石板藍;;;GM42-KM;,EA,0.0,2.0,0.0,0.0,2.0,0.0,0.0,
2288,1000444586,腿墊組;;;沙漠褐;;;GM42-KM;,EA,0.0,2.0,0.0,0.0,2.0,0.0,0.0,
2289,1000444734,"儀表電源線;;;;;22AWG;1500L;TKP,H6630R1-1x5+TK",EA,0.0,720.0,0.0,0.0,0.0,0.0,720.0,
2290,1000444865,把手-加工;把手;;包覆;778L;TM747;黑色;,EA,0.0,500.0,0.0,0.0,0.0,0.0,500.0,
2291,1000445304,固定板;腳墊;;SPHC;3.0T;;MS51D;,EA,0.0,20.0,0.0,0.0,20.0,0.0,0.0,
2292,1000445328,鐵板;;SPHC;2.0T;;,EA,0.0,670.0,0.0,0.0,67.11400000000003,0.0,602.886,
2293,1000445329,鐵板;;SPHC;3.0T;;,EA,0.0,11448.0,0.0,0.0,9481.133,0.0,1966.867,122/123=điều chỉnh; chênh lệch=63.00
2294,1000445330,鐵板;;SPHC;4.0T;;,EA,0.0,5768.0,0.0,0.0,3393.353,0.0,2374.647,
2295,1000445331,鐵板;;SPHC;5.0T;;,EA,0.0,145235.0,0.0,0.0,52541.224,0.0,92693.776,122/123=điều chỉnh; chênh lệch=43381.00
2296,1000445332,鐵板;;SPHC;6.0T;;,EA,0.0,92612.0,0.0,0.0,55289.157,0.0,37322.843,
2297,1000445333,鐵板;;SPHC;8.0T;;,EA,0.0,5891.0,0.0,0.0,635.2110000000002,0.0,5255.789,
2298,1000445824,棧板組;;;;1280x1050x120;,EA,0.0,3.0,0.0,0.0,0.0,0.0,3.0,
2299,1000446256,移動輪;;;壓克力;透明;;;,EA,0.0,578.0,0.0,0.0,318.0,0.0,260.0,
2300,1000446653,貼標板;馬達護蓋;;AL;na;;TM747-1US/KM;,EA,0.0,1478.0,0.0,0.0,0.0,0.0,1478.0,
2301,1000447937,粉體塗料;202020;石墨灰,KG,0.0,4250.0,0.0,0.0,2288.7690000000002,0.0,1961.231,CCDC
2302,1000448223,護蓋;曲柄;外;ABS/PA757;黑色/Black C;;EP719C;,EA,0.0,800.0,0.0,0.0,0.0,0.0,800.0,
2303,1000448779,濾波器;;20A;;BF1103-20A-04(3.2)非ERP;120/250,EA,0.0,11904.0,0.0,0.0,6978.0,0.0,4926.0,
2304,1000448833,護蓋;馬達控制器;;ABS/PA765;深灰/80435;;TM538;,EA,0.0,14100.0,0.0,0.0,6933.0,0.0,7167.0,
2305,1000449223,扭簧;;φ1.0x14.5L;2N;SWPB;防鏽油;左旋,EA,0.0,5606.0,0.0,0.0,2760.0,0.0,2846.0,
2306,1000449225,彈簧壓片;;;SUS301;0.6t;;TM538;,EA,0.0,11112.0,0.0,0.0,5520.0,0.0,5592.0,
2307,1000449604,手握心跳感應線;;右;;;;260;TKP;H6630R1-06+H553P1-,EA,0.0,11000.0,0.0,0.0,7030.0,0.0,3970.0,
2308,1000449605,手握心跳感應線;;左;;;;260;TKP H6630R1-06+H553P1-,EA,0.0,11950.0,0.0,0.0,7030.0,0.0,4920.0,
2309,1000449606,"接地線;;;;;UL1015 14AWG;1900;KST,MDFNYD2-25",EA,0.0,11353.0,0.0,0.0,6933.0,0.0,4420.0,
2310,1000449759,"數位通訊線;;;;;;2050;MOLEX,50-70-9408x2;",EA,0.0,10366.0,0.0,0.0,6933.0,0.0,3433.0,
2311,1000449783,皮帶;多槽;彈性皮帶;PJ764 -J12;哈金森;,EA,0.0,11920.0,0.0,0.0,6994.0,0.0,4926.0,
2312,1000449824,螺絲;埋頭;M10x1.5Px35L;;六角承窩;;鍍鉻;;;,EA,0.0,179000.0,0.0,0.0,106480.0,0.0,72520.0,
2313,1000449988,規格貼標;;5磅;黑底白字;PC;;;MS24,EA,0.0,310.0,0.0,0.0,20.0,0.0,290.0,
2314,1000450391,裝飾蓋;腳踏板;左;PP;黑色/Black C;;EP719;,EA,0.0,720.0,0.0,0.0,0.0,0.0,720.0,
2315,1000450395,裝飾蓋;腳踏板;右;PP;黑色/Black C;;EP719;,EA,0.0,720.0,0.0,0.0,0.0,0.0,720.0,
2316,1000450814,防護片;凸輪;下;不鏽鋼;3.0T;;GM115;,EA,0.0,250.0,0.0,0.0,71.0,0.0,179.0,
2317,1000450828,扶手組-加工;;右;浸塑;;EP719;,EA,0.0,74.0,0.0,0.0,0.0,0.0,74.0,
2318,1000450831,扶手組-加工;;左;浸塑;;EP719;,EA,0.0,110.0,0.0,0.0,0.0,0.0,110.0,
2319,1000450852,檢查表;零件盒;;;;EP719;,EA,0.0,720.0,0.0,0.0,0.0,0.0,720.0,
2320,1000450853,檢查表;成品箱;;;;EP719;,EA,0.0,720.0,0.0,0.0,0.0,0.0,720.0,
2321,1000451090,止擋銷;握把;;42CrMo;鍍鉻;GM123;;,EA,0.0,450.0,0.0,0.0,260.0,0.0,190.0,
2322,1000451735,TV訊號線;;;;;;2000;HD-SDI;洺勝38P008-S1T7-Ax2,EA,0.0,10723.0,0.0,0.0,6933.0,0.0,3790.0,
2323,1000452373,腳墊;;;NBR橡膠;;;GM214;,EA,0.0,70.0,0.0,0.0,50.0,0.0,20.0,
2324,1000452414,拉銷-加工;調整;中;鍍鉻;;GM214;,EA,0.0,84.0,0.0,0.0,41.0,0.0,43.0,
2325,1000452420,拉銷組;車架;;;GM214;;,EA,0.0,363.0,0.0,0.0,304.0,0.0,59.0,
2326,1000452422,上層選擇片組;組裝;;;GM214;;,EA,0.0,301.0,0.0,0.0,232.0,0.0,69.0,
2327,1000452437,五金零件包;組裝;;;GM214;;,EA,0.0,39.0,0.0,0.0,39.0,0.0,0.0,
2328,1000452549,傳動軸-加工;;;鍍鋅;φ30×116;GM122;,EA,0.0,227.0,0.0,0.0,14.0,0.0,213.0,
2329,1000452606,五金零件包;;;;GM228-KM;;,EA,0.0,18.0,0.0,0.0,7.0,0.0,11.0,
2330,1000452650,鐵粉蕊;夾式;;聯磁;FH1000B;JIS用;;,EA,0.0,25000.0,0.0,0.0,13650.0,0.0,11350.0,
2331,1000452705,緩衝墊;腳踏板;右;NBR橡膠;純黑色;;GM226;带背胶,EA,0.0,4.0,0.0,0.0,4.0,0.0,0.0,
2332,1000452706,緩衝墊;腳踏板;上;NBR橡膠;純黑色;;GM226;带背胶,EA,0.0,7.0,0.0,0.0,2.0,0.0,5.0,
2333,1000452709,端蓋;握把;噴砂處理;;鍍鉻;ADC12;GM226,EA,0.0,1829.0,0.0,0.0,1219.0,0.0,610.0,chênh lệch=40.00
2334,1000452757,腳墊;腳踏板;下;NBR橡膠;純黑色;;GM216;,EA,0.0,3.0,0.0,0.0,0.0,0.0,3.0,
2335,1000453508,上層選擇片組;組裝;;;GM220;;,EA,0.0,50.0,0.0,0.0,47.0,0.0,3.0,
2336,1000453566,橡膠墊;腳踏板;;NBR橡膠;純黑色;;GM211;,EA,0.0,90.0,0.0,0.0,80.0,0.0,10.0,
2337,1000453570,連接片;座椅;左;SPHC;6.0t;;GM211;,EA,0.0,588.0,0.0,0.0,310.0,0.0,278.0,
2338,1000453571,軸套;連接桿;;20#;;GM211;;,EA,0.0,3560.0,0.0,0.0,1240.0,0.0,2320.0,
2339,1000453583,連接片;座椅;右上;SPHC;6.0t;;GM211;,EA,0.0,311.0,0.0,0.0,131.0,0.0,180.0,
2340,1000453586,連接片;座椅;右下;SPHC;6.0t;;GM211;,EA,0.0,294.0,0.0,0.0,155.0,0.0,139.0,
2341,1000453613,氣壓棒;;30KG;Φ22x275L;;;GM211,EA,0.0,155.0,0.0,0.0,155.0,0.0,0.0,
2342,1000453668,心軸;握把;;20#;鍍白鋅;GM223;Φ27x166.7;,EA,0.0,71.0,0.0,0.0,28.0,0.0,43.0,
2343,1000453678,握把管;;Φ31.8x3.0Tx230L;;;Q195;GM233,EA,0.0,15.0,0.0,0.0,15.0,0.0,0.0,FIFO
2344,1000453703,泡棉;;;φ24x5.0tx174L;握把;GM225-KM,EA,0.0,50.0,0.0,0.0,50.0,0.0,0.0,
2345,1000453788,五金零件包;組裝;;;GM223;;,EA,0.0,14.0,0.0,0.0,14.0,0.0,0.0,
2346,1000453837,背墊;左;;;;GM213;,EA,0.0,305.0,0.0,0.0,180.0,0.0,125.0,
2347,1000453838,連接軸套;背墊;;20#;;GM213;;,EA,0.0,1060.0,0.0,0.0,480.0,0.0,580.0,
2348,1000453850,背墊調整;;;;;GM213;,EA,0.0,110.0,0.0,0.0,60.0,0.0,50.0,
2349,1000453855,連接軸套;氣壓棒;;20#;;GM213;;,EA,0.0,105.0,0.0,0.0,60.0,0.0,45.0,
2350,1000453885,拉銷;調整;;45#;鍍白鋅;GM218-KM;;,EA,0.0,33.0,0.0,0.0,33.0,0.0,0.0,
2351,1000453894,氣壓棒;;30KG;QD2210-336.5x120;;;GM213,EA,0.0,60.0,0.0,0.0,60.0,0.0,0.0,
2352,1000453906,調整拉銷組;;;;GM218;;,EA,0.0,33.0,0.0,0.0,33.0,0.0,0.0,
2353,1000454022,拉銷-加工;調整;;鍍鉻;;GM213;,EA,0.0,22.0,0.0,0.0,22.0,0.0,0.0,
2354,1000454027,調整片;背墊;;;;鍍鉻;GM213;,EA,0.0,60.0,0.0,0.0,60.0,0.0,0.0,
2355,1000454101,間隔環;;;硬質PVC;;;GM213;,EA,0.0,60.0,0.0,0.0,60.0,0.0,0.0,
2356,1000454165,泡棉;高彈性;;Φ30.4X5TX360;;GM217,EA,0.0,36.0,0.0,0.0,36.0,0.0,0.0,
2357,1000454167,泡棉;;;Φ24x5.0tx134L;握把;GM222,EA,0.0,16.0,0.0,0.0,16.0,0.0,0.0,
2358,1000454182,包裝附件組;;;;;GM222-KM,EA,0.0,8.0,0.0,0.0,8.0,0.0,0.0,
2359,1000454260,拉銷-加工;調整;;鍍鉻;;GM219;,EA,0.0,38.0,0.0,0.0,38.0,0.0,0.0,
2360,1000454264,五金零件包;組裝;;;GM212;;,EA,0.0,18.0,0.0,0.0,18.0,0.0,0.0,
2361,1000454297,泡棉;;;Φ24x5.0tx125L;;GM213,EA,0.0,1379.0,0.0,0.0,598.0,0.0,781.0,chênh lệch=40.00
2362,1000454301,指示貼標;座椅調整管;42X19mm;;PC;左;;GM211,EA,0.0,214.0,0.0,0.0,155.0,0.0,59.0,
2363,1000454302,指示貼標;座椅調整管;42X19mm;;PC;右;;GM211,EA,0.0,214.0,0.0,0.0,155.0,0.0,59.0,
2364,1000454441,調整拉銷;背墊;;42CrMo;鍍鋅;GM215;Φ16x137L;,EA,0.0,14.0,0.0,0.0,14.0,0.0,0.0,
2365,1000454709,連接器;;;8PIN;;空中接頭;慶陞3101B10300;黃;;cat6A,EA,0.0,12459.0,0.0,0.0,7033.0,0.0,5426.0,
2366,1000455375,"網路信號線;;;;;;2000;CAT6;COMMSCOPE,MP-6AU-Pl",EA,0.0,12138.0,0.0,0.0,7038.0,0.0,5100.0,
2367,1000456232,護蓋;車架;後下;壓克力;淺棕色;;MS10;新LOGO,EA,0.0,404.0,0.0,0.0,84.0,0.0,320.0,
2368,1000456271,護蓋組;半成品;後;;新LOGO;;MS23KM-G3;,EA,0.0,60.0,0.0,0.0,0.0,0.0,60.0,
2369,1000457327,主基管;基座-GM;Φ50xΦ150x3.0tx1050L;;;;GM230,EA,0.0,170.0,0.0,0.0,55.0,0.0,115.0,
2370,1000457330,固定管;座椅;Φ50.0x3.0tx750L;;;Q195;GM230,EA,0.0,40.0,0.0,0.0,40.0,0.0,0.0,
2371,1000457343,連接管;;Φ50xΦ100x3.0tx870L;;;;GM230,EA,0.0,170.0,0.0,0.0,55.0,0.0,115.0,
2372,1000457349,固定片;凸輪;;SPHC;φ230x4.0T;;GM230;,EA,0.0,170.0,0.0,0.0,104.0,0.0,66.0,
2373,1000457352,心軸;握把(扶手);;20CrMo;;GM230;Φ50.8X163.5L;,EA,0.0,360.0,0.0,0.0,142.0,0.0,218.0,
2374,1000457356,止檔片;鋼索;;SPHC;60.8x25x4.0t;;GM230;,EA,0.0,680.0,0.0,0.0,280.0,0.0,400.0,
2375,1000457358,固定片;凸輪;;SPHC;φ230x4.0T;;GM230;,EA,0.0,170.0,0.0,0.0,70.0,0.0,100.0,
2376,1000457642,定位片;凸輪;;SPHC;46x39x4.0t;;GM230;,EA,0.0,170.0,0.0,0.0,104.0,0.0,66.0,
2377,1000457667,護套;連接管;;NBR橡膠;黑色/Black C;;GM230;,EA,0.0,340.0,0.0,0.0,112.0,0.0,228.0,
2378,1000457731,鋼索-加工;車架;;壓鋼索頭;Φ6.35X2505L;GM230;,EA,0.0,170.0,0.0,0.0,55.0,0.0,115.0,
2379,1000457757,支撐管;手墊;Φ50xΦ120x3.0tx1174L;;;;GM230,EA,0.0,170.0,0.0,0.0,55.0,0.0,115.0,
2380,1000457773,主基管;基座-GM;Φ50x150x3.0tx1050L;;;;GM231,EA,0.0,70.0,0.0,0.0,36.0,0.0,34.0,
2381,1000457775,固定管;座椅;Φ50.0x120x3.0tx756L;;;Q195;GM231,EA,0.0,170.0,0.0,0.0,36.0,0.0,134.0,
2382,1000457785,連接管;;Φ50xΦ100x3.0tx890L;;;;GM231,EA,0.0,170.0,0.0,0.0,36.0,0.0,134.0,
2383,1000457790,固定板;凸輪;;SPHC;φ236.8x4.0T;;GM231;,EA,0.0,190.0,0.0,0.0,38.0,0.0,152.0,
2384,1000457793,固定片;擺臂拆卸;;SPHC;6.0T;;GM231;,EA,0.0,170.0,0.0,0.0,38.0,0.0,132.0,
2385,1000457795,固定片;凸輪;;SPHC;φ236.8x4.0t;;GM231;,EA,0.0,170.0,0.0,0.0,38.0,0.0,132.0,
2386,1000457807,凸輪;;;VHMWPE;深灰;;GM230;尚化45771,EA,0.0,170.0,0.0,0.0,80.0,0.0,90.0,
2387,1000457850,支撐片;基座;;SPHC;3.0T;;GM231;,EA,0.0,210.0,0.0,0.0,38.0,0.0,172.0,
2388,1000457855,固定管;基座;Φ50.0x100x3.0tx653L;;;Q195;GM231,EA,0.0,70.0,0.0,0.0,36.0,0.0,34.0,
2389,1000457857,握把;;φ25.4x3.0tx786L;;;Q195;GM231,EA,0.0,70.0,0.0,0.0,36.0,0.0,34.0,
2390,1000457859,連接片;握把;;SPHC;130x92x6.0t;;GM231;,EA,0.0,380.0,0.0,0.0,76.0,0.0,304.0,
2391,1000457861,擺臂;;20#;;GM231;φ59x153.4L;,EA,0.0,360.0,0.0,0.0,142.0,0.0,218.0,
2392,1000457872,凸輪;;;VHMWPE;深灰;;GM231;尚化45771,EA,0.0,170.0,0.0,0.0,38.0,0.0,132.0,
2393,1000457873,心軸;擺臂;;42CrMo;;GM231;Φ25x167.5L;,EA,0.0,493.0,0.0,0.0,139.0,0.0,354.0,
2394,1000457924,定位片;凸輪;;SPHC;46x40.5x4.0t;;GM231;,EA,0.0,170.0,0.0,0.0,38.0,0.0,132.0,
2395,1000458052,墊子組;半成品;;黑曜石黑;;;GM231;B包,EA,0.0,59.0,0.0,0.0,14.0,0.0,45.0,
2396,1000458380,鋼索-加工;車架;;壓鋼索頭;Φ6.35x2495L;GM231;,EA,0.0,170.0,0.0,0.0,20.0,0.0,150.0,
2397,1000458552,五金零件包;;;;GM230;;,EA,0.0,170.0,0.0,0.0,70.0,0.0,100.0,
2398,1000458575,EN貼標;車架;;;PC;;英文;GM230,EA,0.0,340.0,0.0,0.0,202.0,0.0,138.0,chênh lệch=5000.00; tồn điều chỉnh (Đã nhập kho nhưng chưa khai báo): delta=-5000
2399,1000458577,保麗龍組;;;;;GM230,EA,0.0,105.0,0.0,0.0,35.0,0.0,70.0,
2400,1000458603,五金零件包;組裝;;;GM231;;,EA,0.0,170.0,0.0,0.0,38.0,0.0,132.0,
2401,1000458604,EN貼標;車架;;;PC;;英文;GM231,EA,0.0,340.0,0.0,0.0,76.0,0.0,264.0,
2402,1000458611,馬達控制板(器);;;A1-V003;AC 1.5kW;;110VVAVE;,EA,0.0,30.0,0.0,0.0,0.0,0.0,30.0,
2403,1000458648,保麗龍組;;;;;GM231,EA,0.0,122.0,0.0,0.0,16.0,0.0,106.0,
2404,1000458649,包裝附件組;;;;;GM231,EA,0.0,227.0,0.0,0.0,88.0,0.0,139.0,
2405,1000458911,紙板;;;850x380x680mm;B瓦楞圍框;UV2共用;無印刷檔,EA,0.0,3326.0,0.0,0.0,2434.0,0.0,892.0,
2406,1000458958,保護套 ;;;PVC;紅色;;;RHI:L12-16-43,EA,0.0,47436.0,0.0,0.0,27732.0,0.0,19704.0,
2407,1000459047,護墊;頭墊用;PU;黑色;南亞;FW201,EA,0.0,1889.0,0.0,0.0,1498.0,0.0,391.0,
2408,1000459130,護墊;頭墊用;PU;沙漠褐;南亞;FW201,EA,0.0,2.0,0.0,0.0,2.0,0.0,0.0,
2409,1000459134,護墊;;PU;美國紅;南亞;FW201-KM,EA,0.0,61.0,0.0,0.0,61.0,0.0,0.0,
2410,1000459277,魔線;;1000公尺/捲;;;,M,0.0,20000.0,0.0,0.0,0.0,0.0,20000.0,"UOM quy đổi: 1 EA = 1,000 M (魔線 1000公尺/捲); Đã quy đổi"
2411,1000459946,止擋塊;;;橡膠(SBR);黑色/Black C;;GM218;,EA,0.0,982.0,0.0,0.0,438.0,0.0,544.0,chênh lệch=120.00
2412,1000459981,五金零件包;組裝;;;GM213;;,EA,0.0,22.0,0.0,0.0,22.0,0.0,0.0,
2413,1000459982,五金零件包;組裝;;;GM219;;,EA,0.0,38.0,0.0,0.0,38.0,0.0,0.0,
2414,1000460020,管;長方型;STKR41;□50x75x2.5Tx5500;;,EA,0.0,494.0,0.0,0.0,494.0,0.0,0.0,
2415,1000460568,固定片;擺臂拆卸;;SPHC;6.0T;;GM230;,EA,0.0,170.0,0.0,0.0,104.0,0.0,66.0,
2416,1000460626,擺臂管;擺臂;Φ50.8x3.0Tx581L;;;Q195;GM231,EA,0.0,340.0,0.0,0.0,125.0,0.0,215.0,
2417,1000460911,貼標;儀表桿;113x1092mm;;;左;;TM776,EA,0.0,5568.0,0.0,0.0,2760.0,0.0,2808.0,
2418,1000460912,貼標;儀表桿;113x1092mm;;;右;;TM776,EA,0.0,5568.0,0.0,0.0,2760.0,0.0,2808.0,
2419,1000460987,端蓋;;右後;烤漆;80435;;TM776;,EA,0.0,5000.0,0.0,0.0,2760.0,0.0,2240.0,
2420,1000460989,端蓋;;左後;烤漆;80435;;TM776;,EA,0.0,5000.0,0.0,0.0,2761.0,0.0,2239.0,chênh lệch=1.00
2421,1000460993,裝飾護蓋;車架;;ABS/PA757;;;TM776;移動輪桿護蓋,EA,0.0,11112.0,0.0,0.0,5520.0,0.0,5592.0,
2422,1000461069,裝飾貼標;馬達護蓋;水標;;;上;;TM776,EA,0.0,600.0,0.0,0.0,0.0,0.0,600.0,chênh lệch=407.00; tồn điều chỉnh (Đã nhập kho nhưng chưa khai báo): delta=-407
2423,1000461073,馬達護蓋組;馬達;上;含彩標;TM776;;,EA,0.0,3672.0,0.0,0.0,2730.0,0.0,942.0,
2424,1000461103,固定座;電源;;ABS/PA765;Matrix 銀灰;;TM747;,EA,0.0,7033.0,0.0,0.0,4383.0,0.0,2650.0,
2425,1000461140,使用說明貼標;機種;電源固定座;;;;;TM747,EA,0.0,7186.0,0.0,0.0,4536.0,0.0,2650.0,
2426,1000461164,外紙箱組;;;;1065x465x790;CB206,EA,0.0,4.0,0.0,0.0,0.0,0.0,4.0,thử khuôn/chưa nhập kho→tồn kho; tồn điều chỉnh (bù sản phẩm lỗi): delta=+4
2427,1000461216,管;圓型;STK41;Φ50.3X3.0TX6000;;,EA,0.0,381.0,0.0,0.0,239.196,0.0,141.804,
2428,1000461274,管;圓型;STK41;Φ75.6x3.0Tx6000;;,EA,0.0,3442.0,0.0,0.0,3442.0,0.0,0.0,chênh lệch=192.00
2429,1000461434,軸套管;擺臂;Φ31.8x3.0Tx123L;;;Q195;GM231,EA,0.0,476.0,0.0,0.0,139.0,0.0,337.0,
2430,1000461487,珍珠棉;;;1150X170X3T;;TM776,EA,0.0,4100.0,0.0,0.0,2730.0,0.0,1370.0,
2431,1000461631,螺絲組;半成品;;;;;TM776;,EA,0.0,6706.0,0.0,0.0,2730.0,0.0,3976.0,
2432,1000461925,支撐管;;φ76.2x3tx2390L;左;;Q195;MS52C,EA,0.0,20.0,0.0,0.0,20.0,0.0,0.0,
2433,1000461926,支撐管;;φ76.2x3tx2390L;右;;Q195;MS52C,EA,0.0,20.0,0.0,0.0,20.0,0.0,0.0,
2434,1000461927,固定板;背墊;;SPHC;3.0T;;MS52C;,EA,0.0,170.0,0.0,0.0,20.0,0.0,150.0,
2435,1000461929,五金零件包;;;;MS52C;;,EA,0.0,170.0,0.0,0.0,20.0,0.0,150.0,
2436,1000461934,貼地桿;;φ50x100x3tx868.9L;前;;STK41;MS51D,EA,0.0,20.0,0.0,0.0,20.0,0.0,0.0,
2437,1000461935,調整管;滑輪;φ50x100x3.0tx498L;;;SS400;MS51D,EA,0.0,20.0,0.0,0.0,20.0,0.0,0.0,
2438,1000461936,補強管;;φ50.8x3tx111.5L;;;STK41;MS51D,EA,0.0,20.0,0.0,0.0,20.0,0.0,0.0,
2439,1000461977,紙箱;基座;;1180x1040x600;;GM231,EA,0.0,122.0,0.0,0.0,38.0,0.0,84.0,
2440,1000462000,五金零件組;半成品;;;;;MS51D;,EA,0.0,170.0,0.0,0.0,20.0,0.0,150.0,
2441,1000462005,外紙箱;印刷示意圖;;;;MS51D,EA,0.0,171.0,0.0,0.0,21.0,0.0,150.0,chênh lệch=1.00
2442,1000462016,外紙箱;印刷示意圖;;;;MS52C,EA,0.0,180.0,0.0,0.0,30.0,0.0,150.0,chênh lệch=10.00
2443,1000462388,指示貼標;;;白底黑字;;左;;TM1012,EA,0.0,22718.0,0.0,0.0,13866.0,0.0,8852.0,
2444,1000462389,指示貼標;;;紅底黑字;;右;;TM1012,EA,0.0,20006.0,0.0,0.0,13866.0,0.0,6140.0,
2445,1000462935,跑步帶;554x3330x2.1T Forbo 907186;;;;;;;NA,EA,0.0,4440.0,0.0,0.0,2730.0,0.0,1710.0,
2446,1000463037,管端塞;;;EPDM;深灰 Pantone 446C;φ50.5x100;PL0,EA,0.0,5079.0,0.0,0.0,2707.0,0.0,2372.0,chênh lệch=60.00
2447,1000464299,紙箱;基座;;1000x1180x600;;GM230,EA,0.0,105.0,0.0,0.0,68.0,0.0,37.0,
2448,1000464307,固定片;手墊;;SPHC;410x142.3x4T;;GM230;,EA,0.0,210.0,0.0,0.0,104.0,0.0,106.0,
2449,1000464583,墊子組;半成品;;黑色;;;MS52C;B包,EA,0.0,190.0,0.0,0.0,20.0,0.0,170.0,
2450,1000464879,滾輪組;前;Φ89;;JR01,EA,0.0,11215.0,0.0,0.0,7023.0,0.0,4192.0,chênh lệch=90.00
2451,1000464887,滾輪組;後;Φ89;;JR02,EA,0.0,2601.0,0.0,0.0,430.0,0.0,2171.0,
2452,1000464922,橫管;車架;Φ50xΦ100x3.0tx1400L;;;Q195;MS10B,EA,0.0,40.0,0.0,0.0,40.0,0.0,0.0,
2453,1000464923,握把管;;φ25.4x3.0tx270L;一;;Q195;短;MS10B,EA,0.0,80.0,0.0,0.0,80.0,0.0,0.0,
2454,1000464924,握把;;長;20#;;MS10B;φ25.4x420L;,EA,0.0,400.0,0.0,0.0,80.0,0.0,320.0,
2455,1000464926,泡棉;;;φ25.4x5.0tx336L;握把;MS10B,EA,0.0,400.0,0.0,0.0,80.0,0.0,320.0,
2456,1000464927,泡棉;;;φ25.4x5.0tx185L;握把;MS10B,EA,0.0,400.0,0.0,0.0,80.0,0.0,320.0,
2457,1000465594,紙箱貼標;;出貨297x210;;合成紙;;;印度專用,EA,0.0,1000.0,0.0,0.0,100.0,0.0,900.0,
2458,1000465595,機種貼標;產地;60x25;;;;;印度專用,EA,0.0,501.0,0.0,0.0,100.0,0.0,401.0,
2459,1000465619,護蓋;車架;上;ABS/PA757;黑色/Black C;;AS2007;,EA,0.0,4254.0,0.0,0.0,2469.0,0.0,1785.0,chênh lệch=40.00
2460,1000465620,托盤;水壺車架;;EPDM;P426C;;AS2007;,EA,0.0,6254.0,0.0,0.0,2469.0,0.0,3785.0,chênh lệch=40.00
2461,1000465621,護蓋;車架;前;ABS/PA757;黑色/Black C;;AS2007;,EA,0.0,4254.0,0.0,0.0,2469.0,0.0,1785.0,chênh lệch=40.00
2462,1000466006,膠合板;外紙箱;;1130x810x5;;GM231,EA,0.0,26.0,0.0,0.0,16.0,0.0,10.0,
2463,1000466013,塗料;深灰砂紋;,KG,0.0,50.0,0.0,0.0,0.0,0.0,50.0,CCDC
2464,1000466118,珍珠棉;;;;GM111;,EA,0.0,3211.0,0.0,0.0,2361.0,0.0,850.0,chênh lệch=40.00
2465,1000466246,保麗龍;;;;;MS51D,EA,0.0,170.0,0.0,0.0,20.0,0.0,150.0,
2466,1000466533,風扇;冷卻;12VDC;0.13A;HDB8025L;700mm/JST:XAP,EA,0.0,11959.0,0.0,0.0,7033.0,0.0,4926.0,
2467,1000466845,防震墊;馬達;;NR橡膠;紅色;橡膠;TM747;T=6.5,EA,0.0,11859.0,0.0,0.0,6933.0,0.0,4926.0,
2468,1000466888,馬達控制板(器);;;;V009;;;JTM1500 110V MCB,EA,0.0,11359.0,0.0,0.0,6933.0,0.0,4426.0,
2469,1000467148,連接片;握把;;SPHC;150x27x8.0t;;GM231;,EA,0.0,170.0,0.0,0.0,38.0,0.0,132.0,
2470,1000467158,管;長方型;STKR41;□25.0X50.0X1.8TX6000;;,EA,0.0,4012.0,0.0,0.0,3650.0,0.0,362.0,
2471,1000467229,"軸承;;6004-2RS;凸緣;;深溝球,市購",EA,0.0,620.0,0.0,0.0,40.0,0.0,580.0,
2472,1000467248,墊子組;半成品;;黑曜石黑;;;GM230;B包,EA,0.0,128.0,0.0,0.0,78.0,0.0,50.0,
2473,1000467926,"止擋組;止擋;;;;;MS21-KM;鍍白鋅,市購",EA,0.0,310.0,0.0,0.0,20.0,0.0,290.0,
2474,1000467975,固定片;腳墊;;SPHC;6.0T;;GM237;,EA,0.0,660.0,0.0,0.0,40.0,0.0,620.0,
2475,1000468166,支撐管;;Φ31.8x3.0Tx62.7L;下;;;GM115,EA,0.0,500.0,0.0,0.0,80.0,0.0,420.0,
2476,1000468959,選擇片組;半成品;;;12.5磅;;GM228;4片/箱,EA,0.0,3351.0,0.0,0.0,2162.0,0.0,1189.0,122/123=điều chỉnh; chênh lệch=40.00
2477,1000468960,選擇片組;半成品;;;12.5磅;;GM128;5片/箱,EA,0.0,5592.0,0.0,0.0,4455.0,0.0,1137.0,122/123=điều chỉnh; chênh lệch=27.00
2478,1000468961,選擇片組;半成品;長;;18磅;;GM231;2片/箱,EA,0.0,200.0,0.0,0.0,148.0,0.0,52.0,122/123=điều chỉnh; chênh lệch=34.00
2479,1000468962,選擇片組;半成品;長;;18磅;;GM223;3片/箱,EA,0.0,544.0,0.0,0.0,302.0,0.0,242.0,122/123=điều chỉnh; chênh lệch=64.00
2480,1000468963,選擇片組;半成品;長;;18磅;;GM111;4片/箱,EA,0.0,3045.0,0.0,0.0,2078.0,0.0,967.0,122/123=điều chỉnh; chênh lệch=112.00
2481,1000468964,選擇片組;半成品;長;;18磅;;GM111;5片/箱,EA,0.0,1000.0,0.0,0.0,672.0,0.0,328.0,122/123=điều chỉnh; chênh lệch=67.00
2482,1000469102,警告貼標;操作面板;;;;;英文;TM1012,EA,0.0,2700.0,0.0,0.0,2700.0,0.0,0.0,
2483,1000469116,警告貼標;操作面板;;;;;法文;TM1012,EA,0.0,1800.0,0.0,0.0,1800.0,0.0,0.0,
2484,1000469126,警告貼標;操作面板;;;;;西班牙文;TM1012,EA,0.0,1800.0,0.0,0.0,1800.0,0.0,0.0,
2485,1000469171,選擇片組;半成品;;;10磅;;GM217;3片/箱,EA,0.0,21.0,0.0,0.0,20.0,0.0,1.0,
2486,1000469832,選擇片組;半成品;;;10磅;;GM217;4片/箱,EA,0.0,2641.0,0.0,0.0,1907.0,0.0,734.0,122/123=điều chỉnh; chênh lệch=184.00
2487,1000469833,選擇片組;半成品;;;10磅;;GM215;5片/箱,EA,0.0,4946.0,0.0,0.0,3198.0,0.0,1748.0,122/123=điều chỉnh; chênh lệch=87.00
2488,1000469835,選擇片組;半成品;短;;18磅;;GM111;2片/箱,EA,0.0,1375.0,0.0,0.0,813.0,0.0,562.0,122/123=điều chỉnh; chênh lệch=37.00
2489,1000469855,紙箱;選擇片;;3片/箱;12.5磅;GM228,EA,0.0,17.0,0.0,0.0,7.0,0.0,10.0,
2490,1000469973,護墊;;PU;黑色;南亞;PL218,EA,0.0,2.0,0.0,0.0,0.0,0.0,2.0,
2491,1000469994,棧板;;;;2450x620x125;MS40G,EA,0.0,7.0,0.0,0.0,7.0,0.0,0.0,
2492,1000470000,棧板;;;;2370x730x125;FW323-X300,EA,0.0,73.0,0.0,0.0,65.0,0.0,8.0,chênh lệch=2.00
2493,1000470001,棧板;;;;2370x660x125;FW322,EA,0.0,328.0,0.0,0.0,320.0,0.0,8.0,122/123=điều chỉnh; chênh lệch=3.00
2494,1000470006,棧板;;;1340X760X125;;GM127D,EA,0.0,87.0,0.0,0.0,87.0,0.0,0.0,
2495,1000470011,棧板;;;1270X990X125;;GM129C,EA,0.0,32.0,0.0,0.0,23.0,0.0,9.0,
2496,1000470015,棧板;;;1570x940x125;;GM23,EA,0.0,50.0,0.0,0.0,47.996,0.0,2.004,
2497,1000470229,棧板;;;;2060x1490x125;PL210,EA,0.0,51.0,0.0,0.0,26.0,0.0,25.0,chênh lệch=10.00
2498,1000470233,棧板;;;;1900x730x125;FW326,EA,0.0,47.0,0.0,0.0,40.0,0.0,7.0,
2499,1000470234,棧板;;;;1900x660x125;FW324,EA,0.0,4.0,0.0,0.0,4.0,0.0,0.0,
2500,1000470239,棧板;;;1450x760x125;;FW329,EA,0.0,68.0,0.0,0.0,60.0,0.0,8.0,
2501,1000470242,棧板;;;1420x940x125;;GM128D,EA,0.0,30.0,0.0,0.0,26.0,0.0,4.0,
2502,1000470243,棧板;;;1400x940x125;;GM123D,EA,0.0,25.0,0.0,0.0,20.0,0.0,5.0,
2503,1000470557,EN貼標;;;;;;;MS51,EA,0.0,1020.0,0.0,0.0,40.0,0.0,980.0,
2504,1000470558,EN貼標;;;;;;;MS52,EA,0.0,1020.0,0.0,0.0,40.0,0.0,980.0,
2505,1000470559,EN貼標;;;;;;;MS53,EA,0.0,1020.0,0.0,0.0,40.0,0.0,980.0,
2506,1000470560,EN貼標;;;;;;;MSFT300/400,EA,0.0,1540.0,0.0,0.0,80.0,0.0,1460.0,
2507,1000470561,棧板;;;;2280x1010x125;TM749,EA,0.0,1.0,0.0,0.0,0.0,0.0,1.0,
2508,1000470576,"電源插座組,,100+250,,,,(SS-3B-1.5-6.3-V+KST,F",EA,0.0,11859.0,0.0,0.0,6933.0,0.0,4926.0,
2509,1000470927,外紙箱;基座;;;;GM237,EA,0.0,4.0,0.0,0.0,0.0,0.0,4.0,thử khuôn/chưa nhập kho→tồn kho; tồn điều chỉnh (bù sản phẩm lỗi): delta=+4
2510,1000471203,跑步板-加工;;;上蠟;泉勝;616x1340x25.4T;TM747;,EA,0.0,1200.0,0.0,0.0,1200.0,0.0,0.0,
2511,1000471204,跑步板-加工;;;;泉勝;616x1340x25.4T;TM747;CARB,EA,0.0,12443.0,0.0,0.0,5833.0,0.0,6610.0,chênh lệch=100.00
2512,1000471206,跑步帶-加工;;;上蠟;喬統;554x3330x2.3T;TM747;,EA,0.0,1200.0,0.0,0.0,1200.0,0.0,0.0,
2513,1000472540,端塞;C-SAFE;;尼龍 66;黑色/Black C;;TM747;,EA,0.0,12156.0,0.0,0.0,7230.0,0.0,4926.0,
2514,1000472541,護蓋;風扇;;ABS;黑色;;TM747;,EA,0.0,11859.0,0.0,0.0,6933.0,0.0,4926.0,
2515,1000473247,使用說明貼標;;長握把;;;上;英文;MS10B,EA,0.0,200.0,0.0,0.0,40.0,0.0,160.0,
2516,1000473248,使用說明貼標組;;下;;長握把;多國語言;MS10B;,EA,0.0,200.0,0.0,0.0,40.0,0.0,160.0,
2517,1000473266,使用說明貼標;;短握把;;;上;英文;MS10B,EA,0.0,200.0,0.0,0.0,40.0,0.0,160.0,
2518,1000473267,使用說明貼標組;;下;;短握把;多國語言;MS10B;,EA,0.0,200.0,0.0,0.0,40.0,0.0,160.0,
2519,1000473306,外部電源線;美國;;;110V;;;2000(WS-002F+WS-001C-6,EA,0.0,11875.0,0.0,0.0,6949.0,0.0,4926.0,
2520,1000473386,外紙箱;;;1980x750x800;;,EA,0.0,259.0,0.0,0.0,184.0,0.0,75.0,
2521,1000473387,包裝附件組;;;;;GM114,EA,0.0,294.0,0.0,0.0,171.0,0.0,123.0,
2522,1000473388,保麗龍;;;;;GM114,EA,0.0,220.0,0.0,0.0,87.0,0.0,133.0,
2523,1000473389,棧板;;;1980x750x125;;GM114,EA,0.0,94.0,0.0,0.0,88.0,0.0,6.0,chênh lệch=9.00
2524,1000473392,珍珠棉;;;;200X200x10;GM114,EA,0.0,682.0,0.0,0.0,321.0,0.0,361.0,
2525,1000473481,使用說明貼標;;;;;下;日文;PL220,EA,0.0,500.0,0.0,0.0,5.0,0.0,495.0,
2526,1000473482,使用說明貼標;;;;;下;葡萄牙文;PL220,EA,0.0,16.0,0.0,0.0,16.0,0.0,0.0,
2527,1000473930,使用說明貼標;;;;;上;;MS24,EA,0.0,310.0,0.0,0.0,20.0,0.0,290.0,
2528,1000473931,使用說明貼標;;;;;下;英文;MS24,EA,0.0,350.0,0.0,0.0,20.0,0.0,330.0,
2529,1000473934,使用說明貼標;;多國語言;;;下;;MS24,EA,0.0,290.0,0.0,0.0,20.0,0.0,270.0,
2530,1000473935,使用說明貼標;;;;;上;;MS51,EA,0.0,170.0,0.0,0.0,20.0,0.0,150.0,
2531,1000473937,使用說明貼標;;;;;下;英文;MS51,EA,0.0,170.0,0.0,0.0,20.0,0.0,150.0,
2532,1000473940,使用說明貼標;;多國語言;;;下;;MS51,EA,0.0,170.0,0.0,0.0,20.0,0.0,150.0,
2533,1000473941,使用說明貼標;;;;;上;;MS52,EA,0.0,170.0,0.0,0.0,20.0,0.0,150.0,
2534,1000473942,使用說明貼標;;;;;下;英文;MS52,EA,0.0,170.0,0.0,0.0,20.0,0.0,150.0,
2535,1000473945,使用說明貼標;;多國語言;;;下;;MS52,EA,0.0,170.0,0.0,0.0,20.0,0.0,150.0,
2536,1000473946,使用說明貼標;;;;;上;;MS53B,EA,0.0,270.0,0.0,0.0,20.0,0.0,250.0,
2537,1000473947,使用說明貼標;;;;;下;英文;MS53B,EA,0.0,270.0,0.0,0.0,20.0,0.0,250.0,
2538,1000473950,使用說明貼標;;多國語言;;;下;;MS53B,EA,0.0,270.0,0.0,0.0,20.0,0.0,250.0,
2539,1000474115,止擋環;軸承;;SPHC;φ25.5x10x5T;鍍白鋅;EP297;,EA,0.0,80.0,0.0,0.0,0.0,0.0,80.0,thử khuôn/chưa nhập kho→tồn kho; tồn điều chỉnh (vật liệu thử khuôn.): delta=+80
2540,1000474309,管;橢圓型;STK41;Φ50x120x3.0Tx5500;;,EA,0.0,50.0,0.0,0.0,36.8,0.0,13.2,
2541,1000474402,扶手組-加工;;左;浸塑;;EP719E;,EA,0.0,20.0,0.0,0.0,0.0,0.0,20.0,
2542,1000474406,扶手組-加工;;右;浸塑;;EP719E;,EA,0.0,20.0,0.0,0.0,0.0,0.0,20.0,
2543,1000475089,固定片-加工;滑輪;上;雷射切割;474.9x277.8x4.0t;MS24D;,KG,0.0,620.0,0.0,0.0,40.0,0.0,580.0,
2544,1000475090,固定板;連接;上;SPC;70.5x25x3.0t;;MS24D;,EA,0.0,620.0,0.0,0.0,40.0,0.0,580.0,
2545,1000475091,固定板;滑輪;下;SPC;352x102.5.x4.0t;;MS24D;,EA,0.0,620.0,0.0,0.0,40.0,0.0,580.0,
2546,1000475124,固定板;調整管;上;SPC;137.5x60x3.0t;;MS24D;,EA,0.0,310.0,0.0,0.0,20.0,0.0,290.0,
2547,1000475125,固定板;調整管;下;SPHC;106x55x55x5.0T;;MS24D;,EA,0.0,310.0,0.0,0.0,20.0,0.0,290.0,
2548,1000475171,外紙箱;印刷示意圖;;;;MS24D,EA,0.0,20.0,0.0,0.0,20.0,0.0,0.0,
2549,1000475172,固定片;調整轉軸;;SPHC-PO;10.0T;;GM106D;,EA,0.0,20.0,0.0,0.0,20.0,0.0,0.0,
2550,1000475176,止擋板;調整握把;右下;SPHC;92.5×84×10t;;GM106D;,EA,0.0,20.0,0.0,0.0,20.0,0.0,0.0,
2551,1000475197,五金零件包;;;;MS24D;;,EA,0.0,310.0,0.0,0.0,20.0,0.0,290.0,
2552,1000475208,固定板;鋼索頭;前;SPHC;65.0x97.7x4.0H;;GM106D;,EA,0.0,20.0,0.0,0.0,20.0,0.0,0.0,
2553,1000475279,鋼索組;;;鋼索頭;GM106D;;Φ4.8x8865L,EA,0.0,2.0,0.0,0.0,0.0,0.0,2.0,thử khuôn/chưa nhập kho→tồn kho; tồn điều chỉnh (bù sản phẩm lỗi): delta=+2
2554,1000476930,鎖固片;緩衝墊;;鍍鋅鋼板;30.2x18x18x1.5t;;TM1015;,EA,0.0,21600.0,0.0,0.0,13914.0,0.0,7686.0,
2555,1000477015,螺絲;圓柱;M10x1.5Px80L-32L;;六角承窩;;鍍黑鋅;;;G12.,EA,0.0,320.0,0.0,0.0,0.0,0.0,320.0,
2556,1000477860,固定片;移動輪;;SPHC;61.3x49.8x40.5x3.0T;;FW510,EA,0.0,2326.0,0.0,0.0,1492.0,0.0,834.0,
2557,1000477876,止擋塊;拉銷;;20#;鍍鉻;FW510;Φ25x21x12;,EA,0.0,505.0,0.0,0.0,269.0,0.0,236.0,chênh lệch=40.00
2558,1000477878,止擋環;泡棉;;AL6061;噴砂;FW510;Ø35.1x10;,EA,0.0,764.0,0.0,0.0,592.0,0.0,172.0,
2559,1000477880,端塞;握把;;AL6061;陽極處理;FW510;;,EA,0.0,764.0,0.0,0.0,629.0,0.0,135.0,
2560,1000478156,鐵板;;SPHC;10.0T;;;,EA,0.0,3903.0,0.0,0.0,1109.5700000000002,0.0,2793.43,
2561,1000478512,固定片;後端蓋;;SPHC;Φ44x4.0t;;FW511;,EA,0.0,128.0,0.0,0.0,28.0,0.0,100.0,
2562,1000479233,固定片;腳墊;;SPHC;39.5x33.0x6.0t;;FW513;,EA,0.0,3282.0,0.0,0.0,2632.0,0.0,650.0,chênh lệch=40.00
2563,1000479234,固定片;腳墊;;SPHC;150x70x6.0t;;FW513;,EA,0.0,3434.0,0.0,0.0,2918.0,0.0,516.0,
2564,1000479244,支撐板;啞鈴;;SPHC;247X59X2310X5.0T;;FW513;,EA,0.0,4730.0,0.0,0.0,3830.0,0.0,900.0,
2565,1000479247,止檔片;;;SPHC;38X65X247X3.0T;;FW513;,EA,0.0,7758.0,0.0,0.0,5658.0,0.0,2100.0,
2566,1000479251,EN貼標;;;;;;;FW513,EA,0.0,50.0,0.0,0.0,42.0,0.0,8.0,
2567,1000479254,外紙箱組;;;2380x660x245;FW513;,EA,0.0,50.0,0.0,0.0,42.0,0.0,8.0,
2568,1000479278,EN貼標;;;;;;;FW515,EA,0.0,3724.0,0.0,0.0,2247.0,0.0,1477.0,
2569,1000479281,外紙箱組;;;2380x660x255;FW515;,EA,0.0,2367.0,0.0,0.0,2352.0,0.0,15.0,122/123=điều chỉnh; chênh lệch=68.00
2570,1000479330,EN貼標;;;;;;;FW514,EA,0.0,6136.0,0.0,0.0,327.0,0.0,5809.0,
2571,1000479333,外紙箱組;;;2380x730x305;FW514;,EA,0.0,287.0,0.0,0.0,250.0,0.0,37.0,
2572,1000479359,五金零件組;;;;;;FW513;,EA,0.0,89.0,0.0,0.0,44.0,0.0,45.0,
2573,1000479361,五金零件組;;;;;;FW515;,EA,0.0,3014.0,0.0,0.0,2247.0,0.0,767.0,
2574,1000479362,五金零件組;;;;;;FW514;,EA,0.0,548.0,0.0,0.0,250.0,0.0,298.0,
2575,1000479572,支撐板;啞鈴;;SPHC;247X59X1850X5.0T;;FW516;,EA,0.0,161.0,0.0,0.0,90.0,0.0,71.0,
2576,1000479574,五金零件組;;;;;;FW516;,EA,0.0,240.0,0.0,0.0,143.0,0.0,97.0,
2577,1000479579,EN貼標;;;;;;;FW516,EA,0.0,1111.0,0.0,0.0,158.0,0.0,953.0,
2578,1000479581,外紙箱組;;;1920x730x305;FW516;,EA,0.0,145.0,0.0,0.0,143.0,0.0,2.0,122/123=điều chỉnh; chênh lệch=12.00
2579,1000479582,支撐板;啞鈴;;SPHC;1550x247x59x5.0t;;FW516;,EA,0.0,264.0,0.0,0.0,164.0,0.0,100.0,
2580,1000479595,貼地桿;;吸塑殼;;;;FW510,EA,0.0,1310.0,0.0,0.0,675.0,0.0,635.0,chênh lệch=10.00
2581,1000479600,支撐板;啞鈴;;SPHC;385x38x36x3.0t;;FW517;,EA,0.0,100.0,0.0,0.0,100.0,0.0,0.0,FIFO
2582,1000479603,支撐板;啞鈴;;SPHC;1220X386X80X6.0T;;FW517;,EA,0.0,327.0,0.0,0.0,147.0,0.0,180.0,
2583,1000479607,EN貼標;;;;;;;FW517,EA,0.0,7028.0,0.0,0.0,99.0,0.0,6929.0,
2584,1000479610,外紙箱組;;;1450x760x315;FW517;,EA,0.0,109.0,0.0,0.0,99.0,0.0,10.0,
2585,1000479688,軸心套(鑽孔);;;20#;;FW516;;焊接用,EA,0.0,53143.0,0.0,0.0,42216.0,0.0,10927.0,chênh lệch=1800.00
2586,1000479692,五金零件組;;;;;;FW517;,EA,0.0,187.0,0.0,0.0,104.0,0.0,83.0,
2587,1000479719,腳墊組;車架;;;;3/8-16UNC;CB173;,EA,0.0,120.0,0.0,0.0,0.0,0.0,120.0,thử khuôn/chưa nhập kho→tồn kho; tồn điều chỉnh (vật liệu thử khuôn.): delta=+120
2588,1000479733,支撐板;啞鈴;;SPHC;2310X386X86X6.0T;;FW518;,EA,0.0,420.0,0.0,0.0,266.0,0.0,154.0,
2589,1000479738,五金零件組;;;;;;FW518;,EA,0.0,102.0,0.0,0.0,102.0,0.0,0.0,
2590,1000479743,補強片;;;SPHC;330X82X6.0T;;FW518;,EA,0.0,200.0,0.0,0.0,200.0,0.0,0.0,FIFO
2591,1000479745,外紙箱組;;;2380x730x315;FW518;,EA,0.0,130.0,0.0,0.0,88.0,0.0,42.0,
2592,1000479760,五金零件組;;;;;;FW519;,EA,0.0,195.0,0.0,0.0,105.0,0.0,90.0,
2593,1000479809,支撐板;啞鈴;;SPHC;1850X386X86X6.0T;;FW520;,EA,0.0,99.0,0.0,0.0,99.0,0.0,0.0,FIFO
2594,1000479811,五金零件組;;;;;;FW520;,EA,0.0,62.0,0.0,0.0,56.0,0.0,6.0,
2595,1000479821,外紙箱組;;;1920X730X315;FW520;,EA,0.0,66.0,0.0,0.0,56.0,0.0,10.0,
2596,1000479854,五金零件組;;;;;;FW521;,EA,0.0,56.0,0.0,0.0,26.0,0.0,30.0,
2597,1000479862,外紙箱組;;;1920x660x260;FW521;,EA,0.0,31.0,0.0,0.0,26.0,0.0,5.0,
2598,1000480008,安裝板;止擋塊;上;SPC;54x29x35x4.0t;;GM106D;,EA,0.0,290.0,0.0,0.0,20.0,0.0,270.0,
2599,1000480129,連接套;連接;;20#;;FW505;φ19xφ11x92L;,EA,0.0,3879.0,0.0,0.0,2602.0,0.0,1277.0,
2600,1000480134,固定片;腳墊調整;;20#;φ67.2x12.0L;;FW505;,EA,0.0,10862.0,0.0,0.0,7263.0,0.0,3599.0,
2601,1000480135,固定片;背墊;;SPHC;176x50x6.0T;;FW505;,EA,0.0,1317.0,0.0,0.0,917.0,0.0,400.0,chênh lệch=40.00
2602,1000480136,連接片;基座;;SPHC;300x105x76x6.0T;;FW505;,EA,0.0,2383.0,0.0,0.0,1301.0,0.0,1082.0,
2603,1000480137,鐵板;;SPHC;12.0T;;;,EA,0.0,2110.0,0.0,0.0,15.79300000000012,0.0,2094.207,
2604,1000480138,連接片;腳踏板;;SPHC;198x53x49x6.0T;;FW505;,EA,0.0,2269.0,0.0,0.0,1090.0,0.0,1179.0,
2605,1000480139,固定片;基座;右;SPHC;172x84x141.9x4.0T;;FW506;,EA,0.0,615.0,0.0,0.0,416.0,0.0,199.0,
2606,1000480143,支撐片;掛棒;;SPHC;104.3x80.51x10.0T;;FW505;,EA,0.0,6818.0,0.0,0.0,4700.0,0.0,2118.0,
2607,1000480152,EN貼標;;FW505-KM;;PET;;;GB,EA,0.0,131.0,0.0,0.0,0.0,0.0,131.0,
2608,1000480162,外紙箱;;;;1475x1325x390;FW505-KM,EA,0.0,679.0,0.0,0.0,618.0,0.0,61.0,
2609,1000480168,連接片;掛棒;;SPHC;154.8x80x5.0T;;FW505;,EA,0.0,6199.0,0.0,0.0,4104.0,0.0,2095.0,
2610,1000480202,EN貼標;;;;消銀龍;;;FW506,EA,0.0,5000.0,0.0,0.0,207.0,0.0,4793.0,
2611,1000480244,轉軸;旋轉片;;20CrMo;鍍鉻;FW506;φ25.0x140L;,EA,0.0,4012.0,0.0,0.0,1259.0,0.0,2753.0,chênh lệch=399.00
2612,1000480253,固定片;支撐架組;;SPHC;174x91.1x95.7x10.0T;;FW50,EA,0.0,1512.0,0.0,0.0,813.0,0.0,699.0,
2613,1000480254,連接片;旋轉軸;;SPHC;174x91.1x95.7x10.0T;;FW506,EA,0.0,1512.0,0.0,0.0,813.0,0.0,699.0,
2614,1000480312,五金零件組;半成品;;;FW505-KM;;FW505-KM;,EA,0.0,591.0,0.0,0.0,302.0,0.0,289.0,
2615,1000480321,紙箱;;;1260x605x465;;FW506,EA,0.0,923.0,0.0,0.0,886.0,0.0,37.0,chênh lệch=16.00
2616,1000480331,五金零件組;半成品;;;FW506-KM;;FW506-KM;,EA,0.0,610.0,0.0,0.0,316.0,0.0,294.0,
2617,1000480335,連接管;;75.6x1320x3.0t;中段;;Q195;FW505,EA,0.0,43.0,0.0,0.0,43.0,0.0,0.0,FIFO
2618,1000480339,支撐管;車架-GM;Φ75.6x3.0tx188L;後;;Q195;FW505,EA,0.0,480.0,0.0,0.0,268.0,0.0,212.0,
2619,1000480342,支撐管;腳架;Φ75.6x3.0tx1453L;;;Q195;FW505,EA,0.0,180.0,0.0,0.0,180.0,0.0,0.0,FIFO
2620,1000480343,掛棒-加工;;;鍍鉻;Φ48.0x3.0tx203.2;FW505-KM;,EA,0.0,7836.0,0.0,0.0,3789.0,0.0,4047.0,chênh lệch=343.00
2621,1000480345,掛棒-加工;;左;鍍鉻;Φ48.0x3.0tx152.4;FW505-KM;,EA,0.0,12725.0,0.0,0.0,6198.0,0.0,6527.0,
2622,1000480348,支撐管;車架-GM;Φ75.6x3.0tx1500L;前;;Q195;FW506,EA,0.0,310.0,0.0,0.0,210.0,0.0,100.0,
2623,1000480359,連接管;支撐片;Φ75.6x3.0tx1300;;;Q195;FW506,EA,0.0,260.0,0.0,0.0,179.0,0.0,81.0,
2624,1000480458,固定片;基座;右;SPHC;172x84x141.9x4.0T;;FW505;,EA,0.0,884.0,0.0,0.0,302.0,0.0,582.0,
2625,1000480479,固定座;鋼索;內;S45C;;GM106D;Ø22x32;,EA,0.0,20.0,0.0,0.0,20.0,0.0,0.0,
2626,1000480495,握把調整組;調整握把;;焊接;;GM106D,EA,0.0,310.0,0.0,0.0,20.0,0.0,290.0,
2627,1000480514,滑輪調整管-加工;滑軌;右;電鍍;□50x50x3.0tx2098L;GM106,EA,0.0,290.0,0.0,0.0,20.0,0.0,270.0,
2628,1000480529,連接片;座椅;;SPHC;178x50x6.0T;;FW529;,EA,0.0,9.0,0.0,0.0,9.0,0.0,0.0,
2629,1000480531,連接片;掛棒;;SPHC;154.8x80x5.0T;;FW529;橢圓孔,EA,0.0,516.0,0.0,0.0,164.0,0.0,352.0,
2630,1000480547,套筒;連接桿;;20CrMo;;FW527-KM;25*44.8;,EA,0.0,116.0,0.0,0.0,54.0,0.0,62.0,chênh lệch=72.00; tồn điều chỉnh (Đã nhập kho nhưng chưa khai báo): delta=-72
2631,1000480568,EN貼標;;;;消銀龍;;;FW529,EA,0.0,500.0,0.0,0.0,27.0,0.0,473.0,
2632,1000480571,五金零件包;;;;FW529-KM;;,EA,0.0,60.0,0.0,0.0,28.0,0.0,32.0,
2633,1000480723,支撐片;止擋塊;;SPHC;111.1x93.5x6.0T;;FW526;,EA,0.0,24.0,0.0,0.0,24.0,0.0,0.0,
2634,1000480729,五金零件包;;;;FW526-KM;;,EA,0.0,83.0,0.0,0.0,59.0,0.0,24.0,
2635,1000480730,EN貼標;;;;消銀龍;;;FW526,EA,0.0,5000.0,0.0,0.0,58.0,0.0,4942.0,
2636,1000480784,外紙箱;;;1850x1285x390;;FW526-KM,EA,0.0,153.0,0.0,0.0,86.0,0.0,67.0,
2637,1000480833,調整片;拉銷;;SPHC;229.1x132.1x6.0T;;FW528;,EA,0.0,364.0,0.0,0.0,211.0,0.0,153.0,
2638,1000480835,固定片;;;SPHC;136x102x84x4.0T;;FW528;,EA,0.0,104.0,0.0,0.0,69.0,0.0,35.0,
2639,1000480840,軸套;拉銷;;20CrMo;;FW528-KM;;,EA,0.0,482.0,0.0,0.0,201.0,0.0,281.0,
2640,1000480842,固定片;止擋塊;;SPHC;98.4x50.8x10.0T;;FW528;,EA,0.0,516.0,0.0,0.0,206.0,0.0,310.0,
2641,1000480849,心軸;;左;45#;鍍鉻;FW528-KM;;,EA,0.0,201.0,0.0,0.0,130.0,0.0,71.0,chênh lệch=78.00
2642,1000480853,軸套;轉軸;;20#;鍍硬鉻;FW528;Ø30x20.7;,EA,0.0,506.0,0.0,0.0,378.0,0.0,128.0,
2643,1000480856,調整片;拉銷;;SPHC;127x34.03x3.0T;鍍鉻;FW528;,EA,0.0,650.0,0.0,0.0,186.0,0.0,464.0,
2644,1000480858,"轉軸;腿墊,胸墊;;45#;鍍鉻;FW528-KM;20X128.22;",EA,0.0,708.0,0.0,0.0,208.0,0.0,500.0,chênh lệch=732.00; tồn điều chỉnh (Đã nhập kho nhưng chưa khai báo): delta=-732
2645,1000480863,連接片;後端蓋;;SPHC;Φ60x3.0t;鍍白鋅;FW528;,EA,0.0,598.0,0.0,0.0,382.0,0.0,216.0,
2646,1000480903,五金零件組;半成品;;;FW528-KM;;FW528-KM;,EA,0.0,107.0,0.0,0.0,71.0,0.0,36.0,
2647,1000480923,套管;調整組-GM;Φ78x4.0tx319.7L;;;Q195;FW527,EA,0.0,787.0,0.0,0.0,214.0,0.0,573.0,
2648,1000480925,連接管;座椅;Φ75.6x3.0tx500L;;;Q195;FW527,EA,0.0,60.0,0.0,0.0,57.0,0.0,3.0,
2649,1000480928,固定片;心軸;;SPHC;76.8x49.7x6.0T;;FW527;,EA,0.0,594.0,0.0,0.0,184.0,0.0,410.0,
2650,1000480943,座椅-加工;調整;;鍍鉻;176x326.8x241.4;FW527-KM;,EA,0.0,520.0,0.0,0.0,429.0,0.0,91.0,
2651,1000480951,五金零件組;半成品;;;FW525-KM;;FW525-KM;,EA,0.0,223.0,0.0,0.0,142.0,0.0,81.0,
2652,1000480964,外紙箱;;;1535X1325X460;;FW525-KM,EA,0.0,277.0,0.0,0.0,208.0,0.0,69.0,
2653,1000480972,支撐管;;Φ75.6x3.0tx1350L;左;;Q195;FW525,EA,0.0,30.0,0.0,0.0,30.0,0.0,0.0,FIFO
2654,1000480974,支撐管;車架-FC;Φ75.6x3.0tx1350L;前右;;Q195;FW52,EA,0.0,30.0,0.0,0.0,30.0,0.0,0.0,FIFO
2655,1000480975,五金零件組;半成品;;;;;FW527-KM;,EA,0.0,260.0,0.0,0.0,162.0,0.0,98.0,
2656,1000480995,外紙箱;;;1740X1140X340;;FW527-KM,EA,0.0,212.0,0.0,0.0,160.0,0.0,52.0,
2657,1000481018,固定片;橡膠擋塊;下;SPHC;79.5x67.5x10.0T;;FW524-K,EA,0.0,317.0,0.0,0.0,212.0,0.0,105.0,
2658,1000481020,五金零件組;半成品;;;;;FW524-KM;,EA,0.0,311.0,0.0,0.0,212.0,0.0,99.0,
2659,1000481031,外紙箱;;;1685X1280X390;;FW524-KM,EA,0.0,229.0,0.0,0.0,212.0,0.0,17.0,122/123=điều chỉnh; chênh lệch=2.00
2660,1000481037,支撐管;車架-FC;Φ75.6x3.0tx1700;前;;Q195;FW524,EA,0.0,95.0,0.0,0.0,86.0,0.0,9.0,chênh lệch=30.00
2661,1000481038,支撐管;車架-FC;Φ75.6x3.0tx1700;前;;Q195;FW524,EA,0.0,95.0,0.0,0.0,86.0,0.0,9.0,chênh lệch=30.00
2662,1000481168,固定套;連接桿;;20CrMo;;FW527-KM;Φ25X22.5;,EA,0.0,1582.0,0.0,0.0,968.0,0.0,614.0,
2663,1000481411,連接管;;Φ50.3x3.0tx620L;中間;;Q195;FW527,EA,0.0,100.0,0.0,0.0,86.0,0.0,14.0,
2664,1000481675,襯套;選擇片;;POM(塑膠鋼);Black 6C;φ23xφ20x15L;GM,EA,0.0,192.0,0.0,0.0,192.0,0.0,0.0,
2665,1000481688,棧板;;;;2510x750x125;MS24B,EA,0.0,7.0,0.0,0.0,7.0,0.0,0.0,
2666,1000481811,螺絲組;半成品;;;;;GM106D;,EA,0.0,78.0,0.0,0.0,0.0,0.0,78.0,thử khuôn/chưa nhập kho→tồn kho; tồn điều chỉnh (bù sản phẩm lỗi): delta=+78
2667,1000481825,保護套 ;鋼索;;POM(塑膠鋼);黑色;D10d6.5-L25;MS24D;市,EA,0.0,1860.0,0.0,0.0,120.0,0.0,1740.0,
2668,1000481828,螺絲組;半成品;;;;;MS24D;,EA,0.0,290.0,0.0,0.0,20.0,0.0,270.0,
2669,1000481835,棧板;;;;1900x760x110;EP719,EA,0.0,10.0,0.0,0.0,0.0,0.0,10.0,
2670,1000481836,軸套;調整;;;;;GM106D,EA,0.0,310.0,0.0,0.0,20.0,0.0,290.0,
2671,1000481937,紙板;;;1000x750;MS10;AB瓦楞紙,EA,0.0,400.0,0.0,0.0,80.0,0.0,320.0,
2672,1000482263,外紙箱;;;;B包;FW505,EA,0.0,1262.0,0.0,0.0,1262.0,0.0,0.0,chênh lệch=112.00
2673,1000482335,掛板;;長;SPHC;1.5t;;MS10;新貼標,EA,0.0,200.0,0.0,0.0,40.0,0.0,160.0,
2674,1000482336,掛板;;短;SPHC;1.5;;MS10;新貼標,EA,0.0,200.0,0.0,0.0,40.0,0.0,160.0,
2675,1000482353,外紙箱;;;;B包;FW508,EA,0.0,162.0,0.0,0.0,157.0,0.0,5.0,122/123=điều chỉnh; chênh lệch=10.00
2676,1000482675,外紙箱;;;;B包;FW525,EA,0.0,204.0,0.0,0.0,136.0,0.0,68.0,
2677,1000482704,外紙箱;;;;480x320x245;B包;FW526,EA,0.0,60.0,0.0,0.0,59.0,0.0,1.0,
2678,1000482725,外紙箱;;;;B包;FW527,EA,0.0,255.0,0.0,0.0,255.0,0.0,0.0,
2679,1000482801,U型片;;下後;SPHC;140x86.6x58.3x5t;;FW508;,EA,0.0,1137.0,0.0,0.0,746.0,0.0,391.0,
2680,1000482829,外紙箱;;;;B包;FW528,EA,0.0,134.0,0.0,0.0,66.0,0.0,68.0,
2681,1000482959,外紙箱;;;;480x320x245;B包;FW529,EA,0.0,49.0,0.0,0.0,27.0,0.0,22.0,
2682,1000483126,管;橢圓型;STK41;Φ30x60x3.0Tx5800;;,EA,0.0,100.0,0.0,0.0,29.774,0.0,70.226,
2683,1000483429,連接管;座管;Φ50xΦ150x3.0tx329L;;;;GM113,EA,0.0,446.0,0.0,0.0,223.0,0.0,223.0,
2684,1000483431,支撐管;基座;φ50xφ150x3.0Tx374L;前;;;GM122,EA,0.0,140.0,0.0,0.0,80.0,0.0,60.0,
2685,1000483433,支撐管;基座;φ50xφ120x3.0Tx393L;上;;;GM124,EA,0.0,90.0,0.0,0.0,90.0,0.0,0.0,
2686,1000483435,支撐管;基座;φ50xφ150x3.0Tx398L;下;;;GM123,EA,0.0,182.0,0.0,0.0,140.0,0.0,42.0,
2687,1000483437,連接管;基座;Φ50xΦ200x2.5tx494L;;;;GM117,EA,0.0,140.0,0.0,0.0,140.0,0.0,0.0,
2688,1000483476,支撐管;基座;Φ50xΦ150x3.0tx343.5L;上;;;GM118,EA,0.0,200.0,0.0,0.0,120.0,0.0,80.0,
2689,1000483477,支撐管;基座;Φ50xΦ150x3.0tx392.5L;下;;;GM118,EA,0.0,220.0,0.0,0.0,120.0,0.0,100.0,
2690,1000483496,連接軸套;握把;;20#;;GM112;;,EA,0.0,714.0,0.0,0.0,326.0,0.0,388.0,
2691,1000483545,連接管;基座;φ50xφ150x3.0tx213L;;;;GM115,EA,0.0,50.0,0.0,0.0,40.0,0.0,10.0,
2692,1000483691,包裝附件組;;;;FW515;MG-A510,EA,0.0,2271.0,0.0,0.0,2247.0,0.0,24.0,122/123=điều chỉnh; chênh lệch=22.00
2693,1000483692,珍珠棉;;;;;FW515,EA,0.0,2593.0,0.0,0.0,2584.0,0.0,9.0,chênh lệch=317.00
2694,1000483693,五合板;;;;;FW515,EA,0.0,2462.0,0.0,0.0,2457.0,0.0,5.0,122/123=điều chỉnh; chênh lệch=415.00
2695,1000484011,連接管;;75.6x1320x3.0t;中段;;Q195;FW526,EA,0.0,29.0,0.0,0.0,29.0,0.0,0.0,
2696,1000484245,泡棉;;;Φ24x5.0tx293L;;GM114,EA,0.0,413.0,0.0,0.0,241.0,0.0,172.0,chênh lệch=40.00
2697,1000484334,連接片;;;SPHC;260.0x154.0x6.0T;;FW522-KM;,EA,0.0,292.0,0.0,0.0,292.0,0.0,0.0,
2698,1000484338,五金零件包;;;;FW522-KM;;,EA,0.0,213.0,0.0,0.0,213.0,0.0,0.0,
2699,1000484349,外紙箱;;;2470x740x205;;FW522-KM,EA,0.0,235.0,0.0,0.0,219.0,0.0,16.0,
2700,1000484984,套管;;;20#;;FW527;Φ31.8X3.0tX12.7;,EA,0.0,1041.0,0.0,0.0,744.0,0.0,297.0,
2701,1000485146,珍珠棉;;;;;FW506,EA,0.0,478.0,0.0,0.0,463.0,0.0,15.0,chênh lệch=439.00
2702,1000485147,包裝附件組;;;;FW506;挂棒,EA,0.0,920.0,0.0,0.0,902.0,0.0,18.0,
2703,1000485148,包裝附件組;;;;FW506;車架,EA,0.0,841.0,0.0,0.0,618.0,0.0,223.0,
2704,1000485149,珍珠棉;;;;;FW506,EA,0.0,507.0,0.0,0.0,507.0,0.0,0.0,chênh lệch=717.00
2705,1000485150,三合板;;;;;FW506,EA,0.0,652.0,0.0,0.0,618.0,0.0,34.0,
2706,1000485184,包裝附件組;;;;FW519;,EA,0.0,116.0,0.0,0.0,105.0,0.0,11.0,
2707,1000485189,支撐管;主;φ76.2x3.0tx2381.5L;左;;;MS24D,EA,0.0,310.0,0.0,0.0,20.0,0.0,290.0,
2708,1000485191,支撐管;主;φ76.2x3.0tx2381.5L;右;;;MS24D,EA,0.0,220.0,0.0,0.0,20.0,0.0,200.0,
2709,1000485193,保麗龍組;;;;;MS24D,EA,0.0,290.0,0.0,0.0,20.0,0.0,270.0,
2710,1000485197,警告貼標;重端;;;PC;;;GM106D,EA,0.0,620.0,0.0,0.0,40.0,0.0,580.0,
2711,1000485199,EN貼標;;;;消銀龍;;;MS24D,EA,0.0,1520.0,0.0,0.0,40.0,0.0,1480.0,
2712,1000485265,支撐管;車架;口25x50x1.8Tx1361.5L;中;;Q195;TM747,EA,0.0,100.0,0.0,0.0,100.0,0.0,0.0,FIFO
2713,1000485267,固定片;馬達;;SPHC;4.0T;;TM747K;,EA,0.0,9636.0,0.0,0.0,7403.0,0.0,2233.0,
2714,1000485268,固定片;下控;;SPHC;1.5T;;TM747K;,EA,0.0,11976.0,0.0,0.0,7403.0,0.0,4573.0,122/123=điều chỉnh; chênh lệch=20.00
2715,1000485270,固定片;腳墊;後;SPHC;3.0T;;TM747K;,EA,0.0,22081.0,0.0,0.0,14406.0,0.0,7675.0,
2716,1000485271,固定片;緩衝墊;;SPHC;3.0T;;TM747K;,EA,0.0,106405.0,0.0,0.0,59224.0,0.0,47181.0,
2717,1000485273,固定片;馬達;;SPHC;5.0T;;TM747K;,EA,0.0,22414.0,0.0,0.0,14806.0,0.0,7608.0,
2718,1000485274,固定片;儀表桿;左;SPHC;4.0T;;TM747K;,EA,0.0,10012.0,0.0,0.0,7403.0,0.0,2609.0,
2719,1000485278,固定片;儀表桿;右;SPHC;4.0T;;TM747K;,EA,0.0,9687.0,0.0,0.0,7403.0,0.0,2284.0,
2720,1000485279,固定片;滾輪;右後;SPHC;5.0T;;TM747K;,EA,0.0,9131.0,0.0,0.0,7403.0,0.0,1728.0,
2721,1000485280,固定片;滾輪;左後;SPHC;5.0T;;TM747K;,EA,0.0,9343.0,0.0,0.0,7403.0,0.0,1940.0,122/123=điều chỉnh; chênh lệch=400.00
2722,1000485283,遮蓋片;;;SPHC;116.8x110.0x1.5T;;TM747K;,EA,0.0,10800.0,0.0,0.0,7403.0,0.0,3397.0,
2723,1000485285,支撐片;滾輪;右前;SPHC;186.0x129.5x3.0T;;TM747K;,EA,0.0,11085.0,0.0,0.0,7203.0,0.0,3882.0,
2724,1000485286,固定片;車架;左;SPHC;5.0T;;TM747K;,EA,0.0,11572.0,0.0,0.0,7403.0,0.0,4169.0,
2725,1000485287,固定片;升降腳架;右;SPHC;5.0T;;TM747K;,EA,0.0,11097.0,0.0,0.0,7253.0,0.0,3844.0,chênh lệch=150.00
2726,1000485288,固定柱;腳墊;後;20#;;TM747K;∅16x∅7X33.5L;,EA,0.0,17247.0,0.0,0.0,13051.0,0.0,4196.0,chênh lệch=1355.00
2727,1000485289,支撐片;護條;後;SPHC;70x45.5x3.0T;;TM747K;,EA,0.0,21600.0,0.0,0.0,14806.0,0.0,6794.0,
2728,1000485293,連接板;儀表桿;;SPHC;43.0x22.0x6.0T;;TM747K;,EA,0.0,18515.0,0.0,0.0,14806.0,0.0,3709.0,
2729,1000485294,封口片;儀表桿;下;SPHC;162.5x54.5x3.0;;TM747K;,EA,0.0,22194.0,0.0,0.0,14806.0,0.0,7388.0,122/123=điều chỉnh; chênh lệch=1690.00
2730,1000485295,固定片;;;SPHC;3.0T;;TM747K;,EA,0.0,41200.0,0.0,0.0,23612.0,0.0,17588.0,
2731,1000485304,心軸;移動輪;;20CrMo;;TM747K;φ21x85L;,EA,0.0,16334.0,0.0,0.0,13096.0,0.0,3238.0,chênh lệch=1710.00
2732,1000485306,固定片;升降;下;SPHC;6.0T;;TM747K;,EA,0.0,19420.0,0.0,0.0,14806.0,0.0,4614.0,
2733,1000485307,固定片;;;SPHC;43x43x1.5T;;TM747K;,EA,0.0,21600.0,0.0,0.0,14806.0,0.0,6794.0,
2734,1000485308,固定片;儀表基座;大;SPHC;3.0T;;TM747K;,EA,0.0,64800.0,0.0,0.0,44418.0,0.0,20382.0,
2735,1000485311,補強片;儀表基座;;SPHC;157.5x37x3.0t;;TM747K;,EA,0.0,43437.0,0.0,0.0,29612.0,0.0,13825.0,
2736,1000485312,固定片;扶手管;左;SPHC;3.0T;;TM747K;,EA,0.0,11094.0,0.0,0.0,7400.0,0.0,3694.0,
2737,1000485313,固定片;扶手管;右;SPHC;3.0T;;TM747K;,EA,0.0,11097.0,0.0,0.0,7403.0,0.0,3694.0,
2738,1000485314,固定片;安全開關;;SPHC;2.0T;;TM747K;,EA,0.0,11097.0,0.0,0.0,7403.0,0.0,3694.0,
2739,1000485317,卡勾;儀表架;;SPHC;64x12x3.0;;TM747K;,EA,0.0,22194.0,0.0,0.0,14806.0,0.0,7388.0,
2740,1000485339,固定片組;握把;;焊接;;TM747K,EA,0.0,6000.0,0.0,0.0,5200.0,0.0,800.0,
2741,1000485342,把手-加工;把手;;包覆;778L;TM747K;黑色,EA,0.0,8997.0,0.0,0.0,7026.0,0.0,1971.0,
2742,1000485355,外紙箱組;含印刷(車架);;2220X910X390;TM747K;,EA,0.0,6937.0,0.0,0.0,6873.0,0.0,64.0,122/123=điều chỉnh; chênh lệch=307.00
2743,1000485357,五金零件組;半成品;;;;;TM747K;,EA,0.0,10941.0,0.0,0.0,7046.0,0.0,3895.0,
2744,1000485369,固定片;腳墊;;SPHC;Φ54xW25xt3.0;;MS24D;,EA,0.0,310.0,0.0,0.0,20.0,0.0,290.0,
2745,1000485374,固定片;連接片;下;SPC;75.0x75.3x6.0t;;MS24D;,EA,0.0,310.0,0.0,0.0,20.0,0.0,290.0,
2746,1000485383,墊圈;;;SPHC;Φ9.0xΦ22.0x5.0T;;MS24D;,EA,0.0,310.0,0.0,0.0,20.0,0.0,290.0,
2747,1000485384,內包材;;;;;MS24D,EA,0.0,290.0,0.0,0.0,20.0,0.0,270.0,
2748,1000485391,止擋片;;;烤漆;黑色;;TM747K;,EA,0.0,12122.0,0.0,0.0,7063.0,0.0,5059.0,
2749,1000485398,支撐片;滾輪;左前;SPHC;134.2x105.6x4.0T;;TM747K;,EA,0.0,10400.0,0.0,0.0,7403.0,0.0,2997.0,
2750,1000485542,包裝附件組;;;;FW513;,EA,0.0,85.0,0.0,0.0,42.0,0.0,43.0,
2751,1000485673,纏繞膜;;500Mx12MICx2718M;PE;15kg/卷,KG,0.0,1500.0,0.0,0.0,1500.0,0.0,0.0,CCDC; chênh lệch=1400.00
2752,1000485674,打包帶;;;12063-33-3000M;PP;9.5kg/卷,KG,0.0,2867.0,0.0,0.0,2867.0,0.0,0.0,chênh lệch=368.50
2753,1000486157,SLEEVE;昇降腳架;;20#;;TM780K;Ø26x58;,EA,0.0,27600.0,0.0,0.0,14806.0,0.0,12794.0,
2754,1000486466,塑膠布;;;4860x1810x0.04t;;,EA,0.0,13578.0,0.0,0.0,13578.0,0.0,0.0,chênh lệch=4628.00
2755,1000486470,五合板;;;;;FW513-KM,EA,0.0,50.0,0.0,0.0,42.0,0.0,8.0,
2756,1000486493,五合板;;;;;FW514-KM,EA,0.0,248.0,0.0,0.0,248.0,0.0,0.0,
2757,1000486494,包裝附件組;;;;FW514-KM;,EA,0.0,337.0,0.0,0.0,249.0,0.0,88.0,chênh lệch=1.00
2758,1000486515,包裝附件組;;;;FW516-KM;,EA,0.0,156.0,0.0,0.0,143.0,0.0,13.0,
2759,1000486516,五合板;;;;;FW516-KM,EA,0.0,150.0,0.0,0.0,143.0,0.0,7.0,
2760,1000486598,包裝附件組;;;;;FW524,EA,0.0,305.0,0.0,0.0,212.0,0.0,93.0,
2761,1000486599,膠合板;;;;;FW524,EA,0.0,221.0,0.0,0.0,174.0,0.0,47.0,chênh lệch=38.00
2762,1000486628,包裝附件組;;;;;FW527,EA,0.0,220.0,0.0,0.0,160.0,0.0,60.0,
2763,1000486632,塑膠布;;;3000x1930x0.04t;;FW517-KM,EA,0.0,218.0,0.0,0.0,196.0,0.0,22.0,
2764,1000486633,包裝附件組;;;;FW517-KM;,EA,0.0,138.0,0.0,0.0,99.0,0.0,39.0,
2765,1000486634,五合板;;;;;FW517-KM,EA,0.0,109.0,0.0,0.0,99.0,0.0,10.0,
2766,1000486646,包裝附件組;零件盒;;;;FW525,EA,0.0,177.0,0.0,0.0,142.0,0.0,35.0,
2767,1000486647,膠合板;;;;;FW527,EA,0.0,160.0,0.0,0.0,160.0,0.0,0.0,
2768,1000486648,膠合板;;;;;FW525,EA,0.0,203.0,0.0,0.0,178.0,0.0,25.0,chênh lệch=30.00
2769,1000486649,包裝附件組;;;;FW518-KM;,EA,0.0,114.0,0.0,0.0,88.0,0.0,26.0,
2770,1000486650,五合板;;;;;FW518-KM,EA,0.0,123.0,0.0,0.0,88.0,0.0,35.0,
2771,1000486651,包裝附件組;;;;FW520-KM;,EA,0.0,96.0,0.0,0.0,56.0,0.0,40.0,
2772,1000486652,五合板;;;;;FW520-KM,EA,0.0,66.0,0.0,0.0,56.0,0.0,10.0,
2773,1000486659,包裝附件組;;;;FW521-KM;,EA,0.0,42.0,0.0,0.0,26.0,0.0,16.0,
2774,1000486660,五合板;;;;;FW521-KM,EA,0.0,26.0,0.0,0.0,26.0,0.0,0.0,
2775,1000486986,螺桿;;;20#;塗防鏽油;TM747K;Φ15x34L;,EA,0.0,43523.0,0.0,0.0,28312.0,0.0,15211.0,chênh lệch=1300.00
2776,1000486987,套管;儀表;;20#;塗防鏽油;TM747K;Φ14.5x34L;,EA,0.0,83936.0,0.0,0.0,57772.0,0.0,26164.0,chênh lệch=1267.00
2777,1000486995,包裝附件組;零件盒;;;;FW528,EA,0.0,80.0,0.0,0.0,66.0,0.0,14.0,
2778,1000486999,膠合板;;;;;FW526,EA,0.0,93.0,0.0,0.0,86.0,0.0,7.0,
2779,1000487000,包裝附件組;;;;;FW526,EA,0.0,48.0,0.0,0.0,48.0,0.0,0.0,
2780,1000487004,包裝附件組;;;;;FW529,EA,0.0,78.0,0.0,0.0,27.0,0.0,51.0,
2781,1000487383,外紙箱;;;1140x805x475;;FW224B,EA,0.0,8.0,0.0,0.0,0.0,0.0,8.0,thử khuôn/chưa nhập kho→tồn kho; tồn điều chỉnh (bù sản phẩm lỗi): delta=+8
2782,1000487536,塑膠布;;;1200x1200x0.03;;GT18,EA,0.0,28583.0,0.0,0.0,20189.0,0.0,8394.0,
2783,1000487589,止擋塊;;;橡膠(SBR);黑色/Black C;;FW202;,EA,0.0,5516.0,0.0,0.0,2395.0,0.0,3121.0,122/123=điều chỉnh; chênh lệch=2727.00
2784,1000487640,套管;吊環;;;鍍鉻;MS53;Φ15.0x9.5L;GCr15,EA,0.0,671.0,0.0,0.0,40.0,0.0,631.0,
2785,1000487641,吊環;;M10x1.5Px30L;;;304不鏽鋼;MS53,EA,0.0,440.0,0.0,0.0,40.0,0.0,400.0,
2786,1000487649,固定組;握把;;焊接;;MS53,EA,0.0,601.0,0.0,0.0,0.0,0.0,601.0,
2787,1000487650,固定組-加工;握把;;電鍍;;MS53;,EA,0.0,40.0,0.0,0.0,40.0,0.0,0.0,
2788,1000488293,貼標;;掛棒;;;;;FW505,EA,0.0,3629.0,0.0,0.0,1778.0,0.0,1851.0,
2789,1000488477,珍珠棉;車架;;150x100x5T;;UV2共用,EA,0.0,4886.0,0.0,0.0,2434.0,0.0,2452.0,
2790,1000488485,氣泡紙;;;;2500x300x0.04;GM116,EA,0.0,12359.0,0.0,0.0,8690.0,0.0,3669.0,
2791,1000488638,貼標;;跑帶LOGO;白色;PET;左;;TM747,EA,0.0,2562.0,0.0,0.0,0.0,0.0,2562.0,chênh lệch=2362.00; tồn điều chỉnh (Chênh lệch số lượng): delta=+2362
2792,1000488639,貼標;;跑帶LOGO;白色;PET;右;;TM747,EA,0.0,2874.0,0.0,0.0,0.0,0.0,2874.0,chênh lệch=2362.00; tồn điều chỉnh (Chênh lệch số lượng): delta=+2362
2793,1000489169,警告貼標組;;;;;多國語言;GT18;,EA,0.0,4287.0,0.0,0.0,2429.0,0.0,1858.0,
2794,1000489556,管;橢圓型;STK400;Φ50x120x3.0tx5000L;;;,EA,0.0,55.0,0.0,0.0,51.824,0.0,3.176,
2795,1000489738,墊板;;左上;SPHC;58.0x42.0x5.0T;;MS20E;,EA,0.0,20.0,0.0,0.0,0.0,0.0,20.0,
2796,1000489739,包裝附件組;;;;FW522;,EA,0.0,253.0,0.0,0.0,219.0,0.0,34.0,
2797,1000489740,五合板;;;;;FW522,EA,0.0,224.0,0.0,0.0,219.0,0.0,5.0,
2798,1000489741,止擋座;;右上;SPHC;80.0x42.0x35.0x5.0T;;MS20E;,EA,0.0,20.0,0.0,0.0,0.0,0.0,20.0,
2799,1000489742,調整管組-加工;升降;右;鍍鉻;80x40x2100L;MS20E;,EA,0.0,20.0,0.0,0.0,0.0,0.0,20.0,
2800,1000490028,五金零件包;;;;FW158K-KM;;,EA,0.0,41.0,0.0,0.0,11.0,0.0,30.0,
2801,1000490086,鋼索組;;;壓鋼索頭;MS51;;,EA,0.0,170.0,0.0,0.0,20.0,0.0,150.0,
2802,1000490087,鋼索組;;;壓鋼索頭;MS52;;,EA,0.0,170.0,0.0,0.0,20.0,0.0,150.0,
2803,1000490088,鋼索組;;;壓鋼索頭;MS53;;,EA,0.0,270.0,0.0,0.0,20.0,0.0,250.0,
2804,1000490096,塑膠袋組;;;;;FW515-KM,EA,0.0,3218.0,0.0,0.0,2884.0,0.0,334.0,122/123=điều chỉnh; chênh lệch=325.00
2805,1000490164,紙箱;橫跨管;;2810x540x240;;MS20E,EA,0.0,30.0,0.0,0.0,0.0,0.0,30.0,
2806,1000490174,保麗龍;橫跨管;;;;MS20E,EA,0.0,30.0,0.0,0.0,0.0,0.0,30.0,
2807,1000490176,固定管;車架;50x100x3.0tx80L;;;;MS20E;包裝用,EA,0.0,20.0,0.0,0.0,20.0,0.0,0.0,
2808,1000490181,內包材;車架;;450x300x200;;B型瓦楞紙箱,EA,0.0,10.0,0.0,0.0,0.0,0.0,10.0,
2809,1000490400,支撐管;;φ75.6x3.0tx491L;;;;FW336K,EA,0.0,1488.0,0.0,0.0,1488.0,0.0,0.0,
2810,1000490401,固定片;腳墊;;SPHC;136.5x96.5x6.0t;;FW336K;,EA,0.0,2116.0,0.0,0.0,2116.0,0.0,0.0,
2811,1000490402,外紙箱;含印刷(儀表);;900X700X320;;TM747K,EA,0.0,7136.0,0.0,0.0,6774.0,0.0,362.0,122/123=điều chỉnh; chênh lệch=419.00
2812,1000490405,掛棒組;半成品;;;;;鍍鉻;FW336K;,EA,0.0,6550.0,0.0,0.0,3878.0,0.0,2672.0,
2813,1000490409,掛棒組;;上;;;;FW336K;焊接組(鍍鉻),EA,0.0,1543.0,0.0,0.0,925.0,0.0,618.0,
2814,1000490420,外紙箱;;;1100x890x580;;FW336K,EA,0.0,962.0,0.0,0.0,925.0,0.0,37.0,
2815,1000490514,調整管組;;;;鍍鉻;內;;FW212K-KM;,EA,0.0,10.0,0.0,0.0,0.0,0.0,10.0,
2816,1000490521,五金零件組;半成品;;;;;FW212K-KM;,EA,0.0,10.0,0.0,0.0,0.0,0.0,10.0,
2817,1000490523,支撐管;車架;φ30xφ60x631.3Lx3.0t;上;;Q195;FW513,EA,0.0,100.0,0.0,0.0,74.0,0.0,26.0,
2818,1000490526,支撐管;車架;φ30.0xφ60.0x116.5Lx3.0t;下;;;FW516,EA,0.0,140.0,0.0,0.0,140.0,0.0,0.0,FIFO
2819,1000490681,支撐板;啞鈴;;;63.0x63.0x2253.0Lx6.0T;;FW522;,EA,0.0,538.0,0.0,0.0,538.0,0.0,0.0,
2820,1000491058,連接管;車架;□50.0x50.0x5.0tx441.8L;上;;Q195;FW,EA,0.0,631.0,0.0,0.0,34.0,0.0,597.0,
2821,1000491060,支撐管;車架;φ30xφ60x249Lx3.0t;下;;Q195;FW515,EA,0.0,1670.0,0.0,0.0,1370.0,0.0,300.0,
2822,1000491073,間隔環;移動輪;;PA66+15%玻纖;;;TM776;,EA,0.0,11126.0,0.0,0.0,5520.0,0.0,5606.0,
2823,1000491074,轉軸;移動輪;;SCM435;鍍鋅;TM776;;,EA,0.0,10512.0,0.0,0.0,5460.0,0.0,5052.0,
2824,1000491076,凸輪;;;;FD-0205;防鏽油;TM776;小,EA,0.0,10212.0,0.0,0.0,5460.0,0.0,4752.0,
2825,1000491077,凸輪;移動輪;;PA66+15%玻纖;;;TM776;小,EA,0.0,20529.0,0.0,0.0,10925.0,0.0,9604.0,
2826,1000491081,規格貼標;CE;120V~/17A;銀底黑字;PET;;;TM747K,EA,0.0,1352.0,0.0,0.0,1352.0,0.0,0.0,FIFO; chênh lệch=7451.00
2827,1000491331,固定軸;止擋;;;φ20x6.5L;;FW524;20CrMo,EA,0.0,1065.0,0.0,0.0,372.0,0.0,693.0,122/123=điều chỉnh; chênh lệch=136.00
2828,1000491554,鋼索-加工;;;壓鋼索頭;Φ6.35x3260L;GM111;,EA,0.0,80.0,0.0,0.0,25.0,0.0,55.0,
2829,1000491555,鋼索-加工;;;壓鋼索頭;Φ6.35x2370L;GM111;,EA,0.0,80.0,0.0,0.0,25.0,0.0,55.0,
2830,1000491556,鋼索-加工;;;壓鋼索頭;Φ6.35x2396L;GM112;,EA,0.0,61.0,0.0,0.0,23.0,0.0,38.0,
2831,1000491557,鋼索-加工;;;壓鋼索頭;Φ6.35x2365L;GM112;,EA,0.0,61.0,0.0,0.0,23.0,0.0,38.0,
2832,1000491558,鋼索-加工;;;壓鋼索頭;Φ6.35x1640L;GM112;,EA,0.0,61.0,0.0,0.0,23.0,0.0,38.0,
2833,1000491560,鋼索-加工;;;壓鋼索頭;Φ6.35x2672L;GM113;,EA,0.0,186.0,0.0,0.0,75.0,0.0,111.0,
2834,1000491561,鋼索-加工;;;壓鋼索頭;Φ6.35x2460L;GM114;,EA,0.0,213.0,0.0,0.0,157.0,0.0,56.0,
2835,1000491564,鋼索-加工;;;壓鋼索頭;Φ6.35x2985L;GM115;,EA,0.0,27.0,0.0,0.0,23.0,0.0,4.0,
2836,1000491565,鋼索-加工;;;壓鋼索頭;Φ6.35x3750L;GM116;,EA,0.0,42.0,0.0,0.0,39.0,0.0,3.0,
2837,1000491566,鋼索-加工;;;壓鋼索頭;Φ6.35x3320L;GM117;,EA,0.0,154.0,0.0,0.0,80.0,0.0,74.0,
2838,1000491567,鋼索-加工;;;壓鋼索頭;Φ6.35x1170L;GM117;,EA,0.0,154.0,0.0,0.0,80.0,0.0,74.0,
2839,1000491568,鋼索-加工;;;壓鋼索頭;Φ6.35x1810L;GM118;,EA,0.0,332.0,0.0,0.0,94.0,0.0,238.0,
2840,1000491569,鋼索-加工;;;壓鋼索頭;Φ6.35x2830L;GM118;,EA,0.0,216.0,0.0,0.0,47.0,0.0,169.0,
2841,1000491573,鋼索-加工;;;壓鋼索頭;Φ6.35x2760L;GM119;,EA,0.0,152.0,0.0,0.0,97.0,0.0,55.0,
2842,1000491576,鋼索-加工;;;壓鋼索頭;Φ6.35x3355L;GM120;,EA,0.0,27.0,0.0,0.0,7.0,0.0,20.0,
2843,1000491577,鋼索-加工;;;壓鋼索頭;Φ6.35x848L;GM120;,EA,0.0,108.0,0.0,0.0,60.0,0.0,48.0,
2844,1000491581,鋼索-加工;;;壓鋼索頭;Φ6.35x3110L;GM122;,EA,0.0,147.0,0.0,0.0,14.0,0.0,133.0,
2845,1000491582,鋼索-加工;;;壓鋼索頭;Φ6.35x3270L;GM122;,EA,0.0,147.0,0.0,0.0,14.0,0.0,133.0,
2846,1000491583,鋼索-加工;;;壓鋼索頭;Φ6.35x3995L;GM123;,EA,0.0,85.0,0.0,0.0,38.0,0.0,47.0,
2847,1000491584,鋼索-加工;;;壓鋼索頭;Φ6.35x2700L;GM124;,EA,0.0,122.0,0.0,0.0,74.0,0.0,48.0,
2848,1000491585,鋼索-加工;;;壓鋼索頭;Φ6.35x4285L;GM125;,EA,0.0,154.0,0.0,0.0,74.0,0.0,80.0,
2849,1000491586,鋼索-加工;;;壓鋼索頭;Φ6.35x2700L;GM125;,EA,0.0,154.0,0.0,0.0,74.0,0.0,80.0,
2850,1000491588,鋼索-加工;;;壓鋼索頭;Φ6.35x2964L;GM126;,EA,0.0,41.0,0.0,0.0,17.0,0.0,24.0,
2851,1000491589,鋼索-加工;;;壓鋼索頭;Φ6.35x2770L;GM127;,EA,0.0,79.0,0.0,0.0,72.0,0.0,7.0,
2852,1000491592,鋼索-加工;;;壓鋼索頭;Φ6.35x1505L;GM128;,EA,0.0,60.0,0.0,0.0,40.0,0.0,20.0,
2853,1000491593,鋼索-加工;;;壓鋼索頭;Φ6.35x1870L;GM129;,EA,0.0,51.0,0.0,0.0,51.0,0.0,0.0,
2854,1000491594,鋼索-加工;;;壓鋼索頭;Φ6.35x3015L;GM129;,EA,0.0,51.0,0.0,0.0,51.0,0.0,0.0,
2855,1000491595,鋼索-加工;;;壓鋼索頭;Φ6.35x2505L;GM230;,EA,0.0,49.0,0.0,0.0,15.0,0.0,34.0,
2856,1000491596,鋼索-加工;;;壓鋼索頭;Φ6.35x2495L;GM231;,EA,0.0,41.0,0.0,0.0,18.0,0.0,23.0,
2857,1000491690,支撐管;基座;□25.0X50.0X3.0TX707L;;;;FW535,EA,0.0,194.0,0.0,0.0,94.0,0.0,100.0,
2858,1000491691,支撐管;;Φ40.0XΦ80.0X3.0TX1573L;右;;;FW535,EA,0.0,3.0,0.0,0.0,3.0,0.0,0.0,FIFO
2859,1000491692,支撐管;;Φ40.0XΦ80.0X3.0TX1367L;左;;;FW535,EA,0.0,5.0,0.0,0.0,5.0,0.0,0.0,FIFO
2860,1000491697,支撐管;;Φ50.0XΦ100.0X3.0TX554L;下;;;FW535,EA,0.0,9.0,0.0,0.0,9.0,0.0,0.0,FIFO
2861,1000491698,連接片;腳踏板;;SPHC;113X55.5X92X5T;;FW535;,EA,0.0,257.0,0.0,0.0,157.0,0.0,100.0,
2862,1000491985,支撐管;車架;Φ50.0XΦ100.0X3.0TX1376L;;;;FW535,EA,0.0,39.0,0.0,0.0,39.0,0.0,0.0,FIFO
2863,1000491990,連接管;車架;Φ50.0XΦ100.0X3.0TX756L;;;;FW535,EA,0.0,10.0,0.0,0.0,10.0,0.0,0.0,FIFO
2864,1000491991,連接片;車架;下;SPHC;103.5X112X5T;;FW535;,EA,0.0,257.0,0.0,0.0,157.0,0.0,100.0,
2865,1000491992,連接片;車架;上;SPHC;168X80.5X4T;;FW535;,EA,0.0,257.0,0.0,0.0,157.0,0.0,100.0,
2866,1000491994,固定片;腳墊;;SPHC;110X89X6T;;FW535;,EA,0.0,34.0,0.0,0.0,34.0,0.0,0.0,FIFO
2867,1000492002,主基管;握把;Φ50.0XΦ100.0X3.0TX1080L;;;;FW535,EA,0.0,147.0,0.0,0.0,97.0,0.0,50.0,
2868,1000492003,握把管;握把;Φ25.4x480L;;;STK400;FW535,EA,0.0,986.0,0.0,0.0,314.0,0.0,672.0,122/123=điều chỉnh; chênh lệch=78.00
2869,1000492005,固定管;握把;Φ26X77L;;;;FW535,EA,0.0,341.0,0.0,0.0,157.0,0.0,184.0,
2870,1000492011,泡棉;;黑色;5.0tx145L;扶手;緊配Φ25.4管,EA,0.0,1328.0,0.0,0.0,592.0,0.0,736.0,
2871,1000492016,固定片;;;SPHC;130X65X5T;;FW535;,EA,0.0,257.0,0.0,0.0,157.0,0.0,100.0,
2872,1000492017,支撐架;面板;;ABS/PA757;;380x25*35.6;FW535;,EA,0.0,1130.0,0.0,0.0,157.0,0.0,973.0,
2873,1000492021,五金零件組;半成品;;;;;FW535;,EA,0.0,205.0,0.0,0.0,157.0,0.0,48.0,
2874,1000492026,外紙箱;;;1450x760x422;;FW535,EA,0.0,182.0,0.0,0.0,157.0,0.0,25.0,
2875,1000492027,包裝附件組;;;;;FW535,EA,0.0,161.0,0.0,0.0,157.0,0.0,4.0,122/123=điều chỉnh; chênh lệch=39.00
2876,1000492028,五合板;;;;;FW535,EA,0.0,160.0,0.0,0.0,157.0,0.0,3.0,
2877,1000492029,塑膠袋組;;;;;FW535,EA,0.0,232.0,0.0,0.0,149.0,0.0,83.0,
2878,1000492030,珍珠棉;;;;;FW535,EA,0.0,151.0,0.0,0.0,106.0,0.0,45.0,chênh lệch=51.00
2879,1000492045,固定片;貼地桿;前;SPHC;133.7x219.3x5.0T;;FW535;,EA,0.0,257.0,0.0,0.0,157.0,0.0,100.0,
2880,1000492072,連接片;;下;SPHC;177.4x125x5.0T;;FW535;,EA,0.0,257.0,0.0,0.0,157.0,0.0,100.0,
2881,1000492504,上層選擇片組;;;;;霧黑(Black Matte);GM111F;,EA,0.0,2618.0,0.0,0.0,1447.0,0.0,1171.0,chênh lệch=40.00
2882,1000492510,襯套;上層選擇片;;;黑色/Black C;;GM111F;IGUS B160,EA,0.0,15816.0,0.0,0.0,8660.0,0.0,7156.0,122/123=điều chỉnh; chênh lệch=1200.00
2883,1000492514,固定架;計數器;;SPHC;285.6x25x2.0t;;GM111F;,EA,0.0,4122.0,0.0,0.0,2723.0,0.0,1399.0,
2884,1000492518,護蓋;輔助選擇片;上;ABS;黑色;;GM111F;,EA,0.0,5240.0,0.0,0.0,2824.0,0.0,2416.0,chênh lệch=42.00
2885,1000492521,轉動輪;輔助選擇片;上;ABS;黑色;;GM111F;,EA,0.0,3954.0,0.0,0.0,2165.0,0.0,1789.0,chênh lệch=40.00
2886,1000492522,塑膠座;輔助選擇片;上;PA66;黑色;;GM111F;,EA,0.0,4810.0,0.0,0.0,2543.0,0.0,2267.0,
2887,1000492523,永久磁鐵;;;;;4500高斯;輔助選擇片;GM111F,EA,0.0,23000.0,0.0,0.0,14810.0,0.0,8190.0,
2888,1000492524,固定架;輔助選擇片;上;PA66;黑色;;GM111F;,EA,0.0,4810.0,0.0,0.0,1982.0,0.0,2828.0,
2889,1000492525,塑膠盤;輔助選擇片;;PA66;黑色;;GM111F;,EA,0.0,4541.0,0.0,0.0,2354.0,0.0,2187.0,chênh lệch=40.00
2890,1000492527,軸承座;輔助選擇片;;PA66;黑色;;GM111F;包膠,EA,0.0,7908.0,0.0,0.0,4330.0,0.0,3578.0,chênh lệch=80.00
2891,1000492530,拉銷組;組裝;;選擇片;GM111F;;,EA,0.0,4513.0,0.0,0.0,2523.0,0.0,1990.0,chênh lệch=40.00
2892,1000492541,上層選擇片組;;;烤漆;;霧黑(Black Matte);GM121F;,EA,0.0,1376.0,0.0,0.0,758.0,0.0,618.0,chênh lệch=40.00
2893,1000492569,支撐管;車架;50x200x1234.4L;左;;Q195;GM121F,EA,0.0,1299.0,0.0,0.0,774.0,0.0,525.0,
2894,1000492570,支撐管;車架;50x200x2.5x1234.4L;右;;Q195;GM121F,EA,0.0,630.0,0.0,0.0,323.0,0.0,307.0,
2895,1000492571,輔助選擇片;;4.5LBS;;;SPHC;GM111F,EA,0.0,745.0,0.0,0.0,372.0,0.0,373.0,
2896,1000492573,支撐管;選擇片;150x75x3tx735L;下;;;GM111F,EA,0.0,2910.0,0.0,0.0,2211.0,0.0,699.0,chênh lệch=40.00
2897,1000492588,輔助選擇片;;9.0LBS;;;SPHC;GM111F,EA,0.0,745.0,0.0,0.0,372.0,0.0,373.0,
2898,1000492608,滑軌;輔助選擇片;;30x15x990L;AL;陽極處理;GM111F;,EA,0.0,7688.0,0.0,0.0,4216.0,0.0,3472.0,chênh lệch=80.00
2899,1000492611,橡膠塊;;;NBR橡膠;黑色;60x35x20;GM111F;,EA,0.0,4568.0,0.0,0.0,2381.0,0.0,2187.0,chênh lệch=40.00
2900,1000492624,固定片;車架;;SPHC;125x85x2T;;GM111F;,EA,0.0,15784.0,0.0,0.0,11120.0,0.0,4664.0,
2901,1000492625,固定片;護蓋;上;SPHC;174x50x4T;;GM111F;,EA,0.0,7988.0,0.0,0.0,5616.0,0.0,2372.0,
2902,1000492626,管;長方型;SPHC;□150x75x3Tx5600L;;,EA,0.0,255.0,0.0,0.0,97.9,0.0,157.1,
2903,1000492628,支撐管;腳墊;60x30x3Tx71.5L;;;;GM111F,EA,0.0,4740.0,0.0,0.0,4422.0,0.0,318.0,
2904,1000492629,支撐片;皮帶輪;上;SPHC;675x150x157.5x3T;;GM111F;,EA,0.0,3993.0,0.0,0.0,2808.0,0.0,1185.0,
2905,1000492630,支撐板;底架;;SPHC;224x100x6.0t;;GM111F;,EA,0.0,9562.0,0.0,0.0,5560.0,0.0,4002.0,
2906,1000492631,固定片;腳墊;;SPHC;270x64x5.0t;;GM111F;,EA,0.0,4281.0,0.0,0.0,2780.0,0.0,1501.0,
2907,1000492632,支撐片;滑輪;下;SPHC;181x170x148x3T;;GM111F;,EA,0.0,3992.0,0.0,0.0,2808.0,0.0,1184.0,
2908,1000492633,固定板;護蓋;下;SPHC;212.7x125x1t;;GM111F;,EA,0.0,10674.0,0.0,0.0,6000.0,0.0,4674.0,
2909,1000492639,連接管;基座;φ50xφ100x3.0tx615.4L;下;;Q195;GM12,EA,0.0,190.0,0.0,0.0,190.0,0.0,0.0,
2910,1000492640,輔助選擇片;;3.125LBS;;;SPHC;GM113F,EA,0.0,2596.0,0.0,0.0,979.0,0.0,1617.0,
2911,1000492641,輔助選擇片;;6.25LBS;;;SPHC;GM113F,EA,0.0,2395.0,0.0,0.0,979.0,0.0,1416.0,
2912,1000492644,護蓋組;半成品;;;;;GM111F;,EA,0.0,60.0,0.0,0.0,0.0,0.0,60.0,thử khuôn/chưa nhập kho→tồn kho; tồn điều chỉnh (vật liệu thử khuôn.): delta=+60
2913,1000492645,螺絲組;半成品;;;;;GM121F;,EA,0.0,131.0,0.0,0.0,98.0,0.0,33.0,
2914,1000492665,使用說明貼標;護蓋;;;PVC;前上;英文;GM121F,EA,0.0,140.0,0.0,0.0,98.0,0.0,42.0,
2915,1000492666,使用說明貼標;護蓋;;;PVC;前下;英文;GM121F,EA,0.0,140.0,0.0,0.0,98.0,0.0,42.0,
2916,1000492667,使用說明貼標;護蓋;;;PVC;後下;英文;GM121F,EA,0.0,140.0,0.0,0.0,98.0,0.0,42.0,
2917,1000492669,輔助選擇片;;2.5LBS;;;SPHC;GM121F,EA,0.0,1529.0,0.0,0.0,823.0,0.0,706.0,
2918,1000492670,使用說明貼標;護蓋;;;PVC;後上;英文;GM121F,EA,0.0,196.0,0.0,0.0,138.0,0.0,58.0,
2919,1000492671,輔助選擇片;;5.0LBS;;;SPHC;GM121F,EA,0.0,1529.0,0.0,0.0,823.0,0.0,706.0,
2920,1000492672,使用說明貼標;護蓋;多國語言;;PVC;前上;;GM121F,EA,0.0,140.0,0.0,0.0,108.0,0.0,32.0,
2921,1000492675,使用說明貼標;護蓋;多國語言;;PVC;後上;;GM121F,EA,0.0,140.0,0.0,0.0,108.0,0.0,32.0,
2922,1000492677,上層選擇片貼標;選擇片;;;PC;;;GM211B,EA,0.0,15.0,0.0,0.0,8.0,0.0,7.0,
2923,1000492860,滑軌;輔助選擇片;;30x15x891L;AL;陽極處理;GM120F;,EA,0.0,500.0,0.0,0.0,114.0,0.0,386.0,
2924,1000492976,支撐管;車架;50x200x2.5Tx1234.4L;左;;;GM111F,EA,0.0,472.0,0.0,0.0,315.0,0.0,157.0,
2925,1000492978,支撐管;車架;50x200x2.5Tx1234.4L;右;;;GM111F,EA,0.0,1248.0,0.0,0.0,876.0,0.0,372.0,
2926,1000493041,珍珠棉;;;;;FW517-KM,EA,0.0,152.0,0.0,0.0,152.0,0.0,0.0,chênh lệch=91.00
2927,1000493042,珍珠棉;;;;;FW519-KM,EA,0.0,93.0,0.0,0.0,93.0,0.0,0.0,FIFO; chênh lệch=158.00
2928,1000493100,塑膠墊;腳墊;下;PP;黑色;;GM111F;,EA,0.0,15470.0,0.0,0.0,8421.0,0.0,7049.0,chênh lệch=120.00
2929,1000493101,支撐管;車架;Φ50xΦ200x2.5Tx1234.4L;左;;Q195;GM1,EA,0.0,274.0,0.0,0.0,158.0,0.0,116.0,
2930,1000493102,支撐管;車架;Φ50xΦ200x2.5Tx1234.4L;右;;Q195;GM1,EA,0.0,274.0,0.0,0.0,158.0,0.0,116.0,
2931,1000493106,連接管;;Φ50x100x3.0Tx504.8L;下;;;GM111F,EA,0.0,280.0,0.0,0.0,234.0,0.0,46.0,
2932,1000493107,螺絲組;半成品;;;;;GM111F;,EA,0.0,237.0,0.0,0.0,137.0,0.0,100.0,
2933,1000493125,支撐管;;Φ50xΦ200x2.5tx1234.4L;左;;;GM113F,EA,0.0,274.0,0.0,0.0,204.0,0.0,70.0,
2934,1000493127,支撐管;;Φ50xΦ200x2.5tx1234.4L;右;;;GM113F,EA,0.0,364.0,0.0,0.0,244.0,0.0,120.0,
2935,1000493131,連接管;基座;Φ50xΦ100x3.0tx579.5L;下;;;GM113F,EA,0.0,240.0,0.0,0.0,240.0,0.0,0.0,chênh lệch=40.00
2936,1000493155,選擇片貼標;選擇片;10LBS;;PC;;;GM111F,EA,0.0,304.0,0.0,0.0,145.0,0.0,159.0,
2937,1000493157,使用說明貼標;護蓋;;;PVC;前下;英文;GM111F,EA,0.0,309.0,0.0,0.0,145.0,0.0,164.0,
2938,1000493158,使用說明貼標;護蓋;;;PVC;後下;英文;GM111F,EA,0.0,316.0,0.0,0.0,145.0,0.0,171.0,
2939,1000493168,使用說明貼標;護蓋;;;PVC;後上;英文;GM111F,EA,0.0,339.0,0.0,0.0,145.0,0.0,194.0,
2940,1000493170,使用說明貼標;護蓋;;;PVC;前上;英文;GM111F,EA,0.0,309.0,0.0,0.0,145.0,0.0,164.0,
2941,1000493174,使用說明貼標;護蓋;多國語言;;PVC;前上;;GM111F,EA,0.0,252.0,0.0,0.0,145.0,0.0,107.0,
2942,1000493176,使用說明貼標;護蓋;多國語言;;PVC;後上;;GM111F,EA,0.0,252.0,0.0,0.0,145.0,0.0,107.0,
2943,1000493396,上層選擇片貼標;選擇片;20LBS;;PC;;;GM214B,EA,0.0,42.0,0.0,0.0,39.0,0.0,3.0,
2944,1000493402,固定片;;下;SPHC;164x53x18x3T;;GM120F;,EA,0.0,250.0,0.0,0.0,57.0,0.0,193.0,
2945,1000493403,支撐片;;下;SPHC;64x50x5.0T;;GM120F;,EA,0.0,500.0,0.0,0.0,110.0,0.0,390.0,
2946,1000493404,支撐管;;□20x40x2.0tx89L;下;;;GM120F,EA,0.0,90.0,0.0,0.0,80.0,0.0,10.0,
2947,1000493406,瓦楞紙板;車架;;420x630;;保護車架包材,EA,0.0,20.0,0.0,0.0,0.0,0.0,20.0,
2948,1000493646,序號貼標;;基座組;;;;;GM114F,EA,0.0,80.0,0.0,0.0,0.0,0.0,80.0,thử khuôn/chưa nhập kho→tồn kho; tồn điều chỉnh (vật liệu thử khuôn.): delta=+80
2949,1000493660,使用說明貼標;護蓋;;;PVC;前下;;GM114F,EA,0.0,355.0,0.0,0.0,234.0,0.0,121.0,chênh lệch=40.00
2950,1000493663,使用說明貼標;護蓋;;;PVC;後下;;GM114F,EA,0.0,355.0,0.0,0.0,234.0,0.0,121.0,chênh lệch=40.00
2951,1000493669,序號貼標;;車架組;;;;;GM114F,EA,0.0,80.0,0.0,0.0,0.0,0.0,80.0,thử khuôn/chưa nhập kho→tồn kho; tồn điều chỉnh (vật liệu thử khuôn.): delta=+80
2952,1000493672,使用說明貼標;護蓋;多國語言;;PVC;前上;;GM114F,EA,0.0,355.0,0.0,0.0,234.0,0.0,121.0,chênh lệch=40.00
2953,1000493673,使用說明貼標;護蓋;多國語言;;PVC;後上;;GM114F,EA,0.0,355.0,0.0,0.0,234.0,0.0,121.0,chênh lệch=40.00
2954,1000493675,阻力旋鈕組;組裝;;輔助選擇片;GM111F;;,EA,0.0,559.0,0.0,0.0,198.0,0.0,361.0,chênh lệch=40.00
2955,1000493682,使用說明貼標;護蓋;;;PVC;前上;英文;GM114F,EA,0.0,355.0,0.0,0.0,234.0,0.0,121.0,chênh lệch=40.00
2956,1000493684,使用說明貼標;護蓋;;;PVC;後上;英文;GM114F,EA,0.0,355.0,0.0,0.0,234.0,0.0,121.0,chênh lệch=40.00
2957,1000493692,感應組;組裝;;輔助選擇片;GM111F;;,EA,0.0,559.0,0.0,0.0,197.0,0.0,362.0,chênh lệch=40.00
2958,1000493707,螺絲組;半成品;;;;;GM113F;,EA,0.0,347.0,0.0,0.0,166.0,0.0,181.0,chênh lệch=40.00
2959,1000493774,支撐管;車架;50x200x2.5Tx1234.4L;左;;;GM120F,EA,0.0,250.0,0.0,0.0,40.0,0.0,210.0,
2960,1000493776,固定片-加工;;;鍍黑鋅;;TM747K;,EA,0.0,12200.0,0.0,0.0,6933.0,0.0,5267.0,
2961,1000493777,支撐管;選擇片;150x75x3tx735L;下;;;GM120F,EA,0.0,120.0,0.0,0.0,40.0,0.0,80.0,
2962,1000493778,防護片;滑輪;下;SPHC;80.2x38x6.9x2.0T;;GM120F;,EA,0.0,370.0,0.0,0.0,71.0,0.0,299.0,
2963,1000493786,連接管;基座;φ50x100x3.0tx671L;右;;;GM120F,EA,0.0,250.0,0.0,0.0,40.0,0.0,210.0,
2964,1000493788,連接管;基座;φ50x100x3.0tx1232L;左;;;GM120F,EA,0.0,250.0,0.0,0.0,40.0,0.0,210.0,
2965,1000493855,螺絲組;半成品;;;;;GM120F;,EA,0.0,90.0,0.0,0.0,22.0,0.0,68.0,
2966,1000493862,使用說明貼標;護蓋;;;PVC;前上;英文;GM120F,EA,0.0,90.0,0.0,0.0,27.0,0.0,63.0,
2967,1000493863,使用說明貼標;護蓋;;;PVC;後上;英文;GM120F,EA,0.0,90.0,0.0,0.0,27.0,0.0,63.0,
2968,1000493866,使用說明貼標;護蓋;多國語言;;PVC;前上;;GM120F,EA,0.0,90.0,0.0,0.0,27.0,0.0,63.0,
2969,1000493867,使用說明貼標;護蓋;多國語言;;PVC;後上;;GM120F,EA,0.0,90.0,0.0,0.0,27.0,0.0,63.0,
2970,1000493868,使用說明貼標;護蓋;;;PVC;前下;;GM120F,EA,0.0,90.0,0.0,0.0,28.0,0.0,62.0,
2971,1000493869,使用說明貼標;護蓋;;;PVC;後下;;GM120F,EA,0.0,90.0,0.0,0.0,28.0,0.0,62.0,
2972,1000493977,使用說明貼標;護蓋;指導圖;;PVC;前下;;GM113F,EA,0.0,318.0,0.0,0.0,137.0,0.0,181.0,
2973,1000493978,使用說明貼標;護蓋;指導圖;;PVC;後下;;GM113F,EA,0.0,318.0,0.0,0.0,137.0,0.0,181.0,
2974,1000494010,使用說明貼標;護蓋;;;PVC;前上;英文;GM113F,EA,0.0,358.0,0.0,0.0,177.0,0.0,181.0,chênh lệch=40.00
2975,1000494012,使用說明貼標;護蓋;;;PVC;後上;英文;GM113F,EA,0.0,358.0,0.0,0.0,177.0,0.0,181.0,chênh lệch=40.00
2976,1000494032,使用說明貼標;護蓋;多國語言;;PVC;前上;;GM113F,EA,0.0,318.0,0.0,0.0,137.0,0.0,181.0,
2977,1000494033,使用說明貼標;護蓋;多國語言;;PVC;後上;;GM113F,EA,0.0,318.0,0.0,0.0,137.0,0.0,181.0,
2978,1000494049,連接管;;Φ50.0x100.0x3.0Tx446.8;下;;Q195;GM11,EA,0.0,200.0,0.0,0.0,158.0,0.0,42.0,
2979,1000494051,選擇片貼標;選擇片;20LBS;;PC;;;GM114F,EA,0.0,487.0,0.0,0.0,293.0,0.0,194.0,chênh lệch=40.00
2980,1000494210,支撐管;車架;φ50xφ100x1183.81Lx3.0T;;;Q195;FW5,EA,0.0,1245.0,0.0,0.0,1245.0,0.0,0.0,
2981,1000494270,棧板;;;;1140x1070x125;B包使用,EA,0.0,151.0,0.0,0.0,142.0,0.0,9.0,
2982,1000494273,螺絲組;半成品;;;;;GM114F;,EA,0.0,344.0,0.0,0.0,172.0,0.0,172.0,
2983,1000494282,外紙箱;;;2380x760x475;;GM239,EA,0.0,5.0,0.0,0.0,0.0,0.0,5.0,thử khuôn/chưa nhập kho→tồn kho; tồn điều chỉnh (bù sản phẩm lỗi): delta=+5
2984,1000494587,螺絲組;半成品;;;;;MS20E;,EA,0.0,10.0,0.0,0.0,0.0,0.0,10.0,
2985,1000495297,支撐管;;Φ50xΦ200x2.5tx1234.4L;左;;;GM127F-KM,EA,0.0,188.0,0.0,0.0,188.0,0.0,0.0,
2986,1000495320,葫蘆鉤子;;φ9(46mmx90mm-Pin11L);不鏽鋼;;,EA,0.0,2090.0,0.0,0.0,240.0,0.0,1850.0,
2987,1000495386,端塞;橢圓管;;EPDM;深灰色;Φ50.0x120.0x3.0t;PL212;,EA,0.0,10608.0,0.0,0.0,4907.0,0.0,5701.0,chênh lệch=40.00
2988,1000495391,端塞;橢圓管;;EPDM;;Φ50x150x3T;GM106;,EA,0.0,3842.0,0.0,0.0,1969.0,0.0,1873.0,chênh lệch=60.00
2989,1000495457,固定銷;升降;上;42CrMo;鍍白鋅;TM747K;Φ15x48L;,EA,0.0,12403.0,0.0,0.0,6933.0,0.0,5470.0,
2990,1000495462,"固定片;電源線;;SPHC;2.0T;烤漆;黑平光,TM747K;",EA,0.0,11300.0,0.0,0.0,6933.0,0.0,4367.0,
2991,1000495463,"限位片;電源線;;;;烤漆;黑平光,TM747K;",EA,0.0,12200.0,0.0,0.0,7263.0,0.0,4937.0,
2992,1000495479,基管;;φ50xφ120x3.0tx790L;下;;;GM127F,EA,0.0,188.0,0.0,0.0,188.0,0.0,0.0,
2993,1000495480,基管;;φ50xφ120x3.0tx472L;下;;;GM127F,EA,0.0,188.0,0.0,0.0,188.0,0.0,0.0,
2994,1000495481,基管;;φ50xφ120x3.0tx1127.3L;上;;;GM127F,EA,0.0,188.0,0.0,0.0,188.0,0.0,0.0,
2995,1000495482,握把;;φ25.4xx3.0tx486.9L;右;;;GM127F,EA,0.0,188.0,0.0,0.0,188.0,0.0,0.0,
2996,1000495483,握把;;φ25.4xx3.0tx648L;左;;;GM127F,EA,0.0,188.0,0.0,0.0,188.0,0.0,0.0,
2997,1000495488,基管;;φ50xφ100x3.0tx1129.2L;左;;;GM127F,EA,0.0,188.0,0.0,0.0,188.0,0.0,0.0,
2998,1000495489,固定片;滑輪;上;SPHC;44x35x3.0T;;GM120F;,EA,0.0,250.0,0.0,0.0,69.0,0.0,181.0,
2999,1000495495,連接管;拆卸;φ50x100x3.0tx556.8L;;;;GM127F,EA,0.0,188.0,0.0,0.0,188.0,0.0,0.0,
3000,1000495497,固定片;連接管;下;SPHC;6.0T;;GM127F;,EA,0.0,2038.0,0.0,0.0,1368.0,0.0,670.0,
3001,1000495502,螺絲組;半成品;;;;;GM127F-KM;,EA,0.0,244.0,0.0,0.0,244.0,0.0,0.0,
3002,1000495506,使用說明貼標;護蓋;;;PVC;前下;英文;GM127F,EA,0.0,267.0,0.0,0.0,260.0,0.0,7.0,
3003,1000495507,使用說明貼標;護蓋;;;PVC;後下;英文;GM127F,EA,0.0,267.0,0.0,0.0,260.0,0.0,7.0,
3004,1000495523,固定銷;升降;下;42CrMo;鍍白鋅;TM747K;φ15x65L;,EA,0.0,12403.0,0.0,0.0,6933.0,0.0,5470.0,
3005,1000495526,固定銷;升降;下;42CrMo;;TM747K;φ15x65L;,EA,0.0,2900.0,0.0,0.0,0.0,0.0,2900.0,chênh lệch=30.00; tồn điều chỉnh (Chênh lệch số lượng): delta=+30
3006,1000495547,"固定片;滾輪;前;SPHC;3.0T;烤漆;TM747K,黑平光;",EA,0.0,22154.0,0.0,0.0,14126.0,0.0,8028.0,
3007,1000495704,連接板;連接管;;SPHC;185x83.0x6.0t;;GT17;,EA,0.0,1010.0,0.0,0.0,338.0,0.0,672.0,
3008,1000495725,固定座;輔助選擇片;;POM(塑膠鋼);黑色;;GM111F;,EA,0.0,9959.0,0.0,0.0,5585.0,0.0,4374.0,chênh lệch=80.00
3009,1000495726,滑塊;輔助選擇片;;;黑色;;GM111F;IGUS B160,EA,0.0,31312.0,0.0,0.0,17000.0,0.0,14312.0,
3010,1000495754,上層選擇片組;;;焊接;;GM111F-KM,EA,0.0,60.0,0.0,0.0,0.0,0.0,60.0,thử khuôn/chưa nhập kho→tồn kho; tồn điều chỉnh (vật liệu thử khuôn.): delta=+60
3011,1000495760,規格貼標;輔助選擇片;7.5LBS;;PC;;;GM111F,EA,0.0,3427.0,0.0,0.0,1920.0,0.0,1507.0,chênh lệch=40.00
3012,1000495761,規格貼標;輔助選擇片;15LBS;;PC;;;GM114F,EA,0.0,683.0,0.0,0.0,291.0,0.0,392.0,chênh lệch=40.00
3013,1000495844,使用說明貼標;護蓋;;;PVC;前上;英文;GM127F,EA,0.0,267.0,0.0,0.0,260.0,0.0,7.0,
3014,1000495845,使用說明貼標;護蓋;;;PVC;後上;英文;GM127F,EA,0.0,267.0,0.0,0.0,260.0,0.0,7.0,
3015,1000495855,外紙箱;基座;;1270x760x710;;GM127F-KM,EA,0.0,288.0,0.0,0.0,210.0,0.0,78.0,
3016,1000495858,保麗龍組;基座;;;;GM127F-KM,EA,0.0,288.0,0.0,0.0,16.0,0.0,272.0,
3017,1000495860,膠合板;;;1220x720x5.0T;;GM127F-KM,EA,0.0,18.0,0.0,0.0,16.0,0.0,2.0,
3018,1000495983,滾輪組;後;Φ89;;JR02,EA,0.0,9970.0,0.0,0.0,6503.0,0.0,3467.0,
3019,1000496497,軸心;轉動;;42CrMo;;PL210K;Φ20x227.4;,EA,0.0,118.0,0.0,0.0,0.0,0.0,118.0,
3020,1000496678,連接片;車架基管;左;SPHC;200x98.7x53.4x4.0T;;PL22,EA,0.0,401.0,0.0,0.0,362.0,0.0,39.0,
3021,1000496785,選擇片貼標;選擇片;10LBS;;PC;;;GM125F,EA,0.0,518.0,0.0,0.0,237.0,0.0,281.0,chênh lệch=40.00
3022,1000496787,選擇片貼標;選擇片;10LBS;;PC;;;GM231F,EA,0.0,170.0,0.0,0.0,38.0,0.0,132.0,
3023,1000496788,選擇片貼標;選擇片;10LBS;;PC;;;GM123F,EA,0.0,225.0,0.0,0.0,148.0,0.0,77.0,
3024,1000497042,套筒;轉動;;20#;;PL211K;Φ26xΦ12x49.5;,EA,0.0,928.0,0.0,0.0,208.0,0.0,720.0,
3025,1000497063,選擇片貼標;選擇片;10LBS;;PC;;;GM113F,EA,0.0,2906.0,0.0,0.0,1723.0,0.0,1183.0,chênh lệch=60.00
3026,1000497238,軸心套(鑽孔);;;20CrMo;;PL04K-KM;镀锌;焊接用,EA,0.0,4452.0,0.0,0.0,2172.0,0.0,2280.0,
3027,1000497268,握把-加工;;上;;Φ25.4;PPL09K-KM;,EA,0.0,218.0,0.0,0.0,0.0,0.0,218.0,
3028,1000497272,握把-加工;;下;;Φ25.4;PPL09K-KM;,EA,0.0,218.0,0.0,0.0,0.0,0.0,218.0,
3029,1000497548,泡棉;止擋;上;EVA 泡棉;;;GM111F;,EA,0.0,7908.0,0.0,0.0,4330.0,0.0,3578.0,chênh lệch=80.00
3030,1000497564,掛勾組-加工;輔助選擇片;;鉚接;;GM111F;,EA,0.0,8106.0,0.0,0.0,5476.0,0.0,2630.0,
3031,1000497568,彈簧;壓縮;Φ20×Φ15×15L;65Mn;染黑;波形;LM20-L5,EA,0.0,3954.0,0.0,0.0,2165.0,0.0,1789.0,chênh lệch=40.00
3032,1000497574,掛棒桿;;;20CrMo;;PL08K-KM;;,EA,0.0,236.0,0.0,0.0,0.0,0.0,236.0,
3033,1000497626,螺絲組;半成品;;;;;MS20F;,EA,0.0,20.0,0.0,0.0,0.0,0.0,20.0,
3034,1000497693,套筒;;前;20CrMo;;PL700-KM;φ26x110L;支撐組,EA,0.0,24.0,0.0,0.0,0.0,0.0,24.0,
3035,1000497702,連接軸套;;;20#;;PL700-KM;Φ70xΦ50x130L;升降組,EA,0.0,1.0,0.0,0.0,0.0,0.0,1.0,
3036,1000497729,把手;;長;20CrMo;;PL700-KM;Φ25.4x360L;升降組,EA,0.0,12.0,0.0,0.0,0.0,0.0,12.0,
3037,1000497731,把手;;;20CrMo;;PL700-KM;φ25.4x207L;升降,EA,0.0,22.0,0.0,0.0,0.0,0.0,22.0,
3038,1000497748,固定片;;;SPHC;100x50.8x10.0t;;PL700-KM;緩衝墊,EA,0.0,1.0,0.0,0.0,0.0,0.0,1.0,
3039,1000497758,泡棉;調整握把;;;;Φ24x5.0Tx225;PL700-KM;,EA,0.0,100.0,0.0,0.0,0.0,0.0,100.0,
3040,1000497759,泡棉;調整握把;;;;Φ24x5.0Tx100;PL700-KM;,EA,0.0,100.0,0.0,0.0,0.0,0.0,100.0,
3041,1000497769,連接片;;;;;;PL700-KM;鍍鉻;190x159.3x35.5x5.0t,EA,0.0,1.0,0.0,0.0,0.0,0.0,1.0,
3042,1000497842,管;圓型;STK400;25.4x3.0Tx5800;;內刮,EA,0.0,110.0,0.0,0.0,31.105000000000004,0.0,78.895,
3043,1000497877,連接板;拆卸;;SPHC;150.0x111.6x26.2x6.0T;;PL50,EA,0.0,409.0,0.0,0.0,104.0,0.0,305.0,
3044,1000497878,套筒;;;20CrMo;;PL50K;Φ15.7x50L;,EA,0.0,888.0,0.0,0.0,416.0,0.0,472.0,122/123=điều chỉnh; chênh lệch=1000.00; tồn điều chỉnh (Đã nhập kho nhưng chưa khai báo): delta=-800
3045,1000497880,連接片;拆卸;;SPHC;150x111.6x26.2x6.0t;;PL50K;,EA,0.0,409.0,0.0,0.0,104.0,0.0,305.0,
3046,1000497885,轉軸;;;42CrMo;鍍白鋅;PL50K;φ20.0x133.7L;,EA,0.0,1088.0,0.0,0.0,418.0,0.0,670.0,122/123=điều chỉnh; chênh lệch=778.00; tồn điều chỉnh (Đã nhập kho nhưng chưa khai báo): delta=-578
3047,1000497888,間隔環;;;42CrMo;;PL50K;Φ15xΦ10.2x2.0L;,EA,0.0,2200.0,0.0,0.0,106.0,0.0,2094.0,
3048,1000497898,固定片;背墊管;;SPHC;132x90x57x5.0t;;PL50K;,EA,0.0,409.0,0.0,0.0,84.0,0.0,325.0,
3049,1000497899,襯套;;;20#;;PL50K;Φ20x29L;,EA,0.0,392.0,0.0,0.0,104.0,0.0,288.0,
3050,1000497904,固定架;;;SPHC;114x63.5x51x6.0t;;PL50K;,EA,0.0,1636.0,0.0,0.0,416.0,0.0,1220.0,
3051,1000497909,固定軸;;;20CrMo;;;Φ15x56.5L;PL50K,EA,0.0,164.0,0.0,0.0,104.0,0.0,60.0,chênh lệch=213.00; tồn điều chỉnh (Đã nhập kho nhưng chưa khai báo): delta=-213
3052,1000497915,止擋板;;;SPHC;50x43x11.4x3.0t;;PL50K;,EA,0.0,97.0,0.0,0.0,47.0,0.0,50.0,
3053,1000497921,膠合板;;;;;PL700-KM,EA,0.0,1.0,0.0,0.0,0.0,0.0,1.0,
3054,1000498029,五合板;;;;1000x595x8;GM212,EA,0.0,281.0,0.0,0.0,164.0,0.0,117.0,
3055,1000498066,外紙箱;基座紙箱;;;1660x570x1160;GM120F,EA,0.0,70.0,0.0,0.0,8.0,0.0,62.0,
3056,1000498076,軸套;;;20#;鍍硬鉻;;Φ30x19.2;PL50K,EA,0.0,1276.0,0.0,0.0,832.0,0.0,444.0,122/123=điều chỉnh; chênh lệch=400.00
3057,1000498229,心軸-加工;擺臂;;鍍白鋅;φ20x200;PL08K-KM;,EA,0.0,1612.0,0.0,0.0,566.0,0.0,1046.0,
3058,1000498233,五金零件組;半成品;;;;;PL50K;,EA,0.0,257.0,0.0,0.0,106.0,0.0,151.0,
3059,1000498469,連接片;車架;;SPHC;193.11x182.0x6.0T;;PL220K;,EA,0.0,584.0,0.0,0.0,334.0,0.0,250.0,
3060,1000498470,固定管;車架;φ76.2x3.0tx584L;;;Q195;PL220K,EA,0.0,167.0,0.0,0.0,167.0,0.0,0.0,
3061,1000498476,軸心套(鑽孔);;;20CrMo;;PL220K;Φ26x57;,EA,0.0,1930.0,0.0,0.0,1448.0,0.0,482.0,
3062,1000498490,連接片;FRAME;;SPHC;100.0x163.0x4.0T;;PL220K,EA,0.0,2404.0,0.0,0.0,1448.0,0.0,956.0,
3063,1000498508,五金零件組;半成品;;;;;PL220K-KM;,EA,0.0,339.0,0.0,0.0,262.0,0.0,77.0,
3064,1000498617,踏板;腳墊;;SPHC;635.32x612x55.17x6.0T;;PL218,EA,0.0,2.0,0.0,0.0,0.0,0.0,2.0,
3065,1000498647,心軸;調整;;42CrMo;熱處理;PL218K-KM;Φ25x96.5L;,EA,0.0,2.0,0.0,0.0,0.0,0.0,2.0,
3066,1000498667,掛棒組-加工;;;鍍鉻;;PL218K-KM;,EA,0.0,2.0,0.0,0.0,0.0,0.0,2.0,
3067,1000498792,瓦楞紙板;護蓋;;2000x1300;;,EA,0.0,20.0,0.0,0.0,0.0,0.0,20.0,
3068,1000499125,使用說明貼標;護蓋;多國語言;;PVC;前上;;GM127F,EA,0.0,267.0,0.0,0.0,260.0,0.0,7.0,
3069,1000499126,使用說明貼標;護蓋;多國語言;;PVC;後上;;GM127F,EA,0.0,267.0,0.0,0.0,260.0,0.0,7.0,
3070,1000499143,規格貼標;輔助選擇片;3.4KG;;PC;;;GM111F,EA,0.0,4439.0,0.0,0.0,2544.0,0.0,1895.0,chênh lệch=40.00
3071,1000499144,規格貼標;輔助選擇片;6.8KG;;PC;;;GM114F,EA,0.0,713.0,0.0,0.0,321.0,0.0,392.0,chênh lệch=40.00
3072,1000499299,軸心套(鑽孔);;;20#;;φ22x46.5L;FW535;焊接用,EA,0.0,766.0,0.0,0.0,314.0,0.0,452.0,
3073,1000499751,支撐管;車架;50x200x1234.4L;右;;Q195;GM119F,EA,0.0,192.0,0.0,0.0,73.0,0.0,119.0,
3074,1000499768,使用說明貼標;護蓋;;;PVC;前下;英文;GM119F,EA,0.0,285.0,0.0,0.0,135.0,0.0,150.0,
3075,1000499769,使用說明貼標;護蓋;;;PVC;後下;英文;GM119F,EA,0.0,285.0,0.0,0.0,135.0,0.0,150.0,
3076,1000499771,使用說明貼標;護蓋;;;PVC;前上;英文;GM119F,EA,0.0,345.0,0.0,0.0,145.0,0.0,200.0,
3077,1000499772,使用說明貼標;護蓋;;;PVC;後上;英文;GM119F,EA,0.0,285.0,0.0,0.0,135.0,0.0,150.0,
3078,1000499784,使用說明貼標;護蓋;多國語言;;PVC;前上;;GM119F,EA,0.0,346.0,0.0,0.0,146.0,0.0,200.0,
3079,1000499785,使用說明貼標;護蓋;多國語言;;PVC;後上;;GM119F,EA,0.0,346.0,0.0,0.0,146.0,0.0,200.0,
3080,1000499822,管;擺臂;φ60x3.0tx1014L;右;;Q195;GM117F,EA,0.0,160.0,0.0,0.0,140.0,0.0,20.0,
3081,1000499827,管;擺臂;φ60x3.0tx1014L;左;;Q195;GM117F,EA,0.0,160.0,0.0,0.0,140.0,0.0,20.0,
3082,1000499829,螺絲組;半成品;;;;;GM117F;,EA,0.0,181.0,0.0,0.0,107.0,0.0,74.0,
3083,1000499836,上層選擇片貼標;選擇片;10LBS;;PC;;;GM213B,EA,0.0,354.0,0.0,0.0,253.0,0.0,101.0,
3084,1000499837,上層選擇片貼標;選擇片;;;PC;;;GM111F,EA,0.0,375.0,0.0,0.0,137.0,0.0,238.0,
3085,1000499838,上層選擇片貼標;選擇片;20LBS;;PC;;;GM114F,EA,0.0,534.0,0.0,0.0,283.0,0.0,251.0,chênh lệch=40.00
3086,1000499839,使用說明貼標;護蓋;;;PVC;前下;英文;GM117F,EA,0.0,199.0,0.0,0.0,124.0,0.0,75.0,
3087,1000499840,使用說明貼標;護蓋;;;PVC;後下;英文;GM117F,EA,0.0,199.0,0.0,0.0,124.0,0.0,75.0,
3088,1000499842,使用說明貼標;護蓋;;;PVC;前上;英文;GM117F,EA,0.0,199.0,0.0,0.0,124.0,0.0,75.0,
3089,1000499843,使用說明貼標;護蓋;;;PVC;後上;英文;GM117F,EA,0.0,199.0,0.0,0.0,124.0,0.0,75.0,
3090,1000499848,使用說明貼標;護蓋;多國語言;;PVC;前上;;GM117F,EA,0.0,199.0,0.0,0.0,124.0,0.0,75.0,
3091,1000499849,使用說明貼標;護蓋;多國語言;;PVC;後上;;GM117F,EA,0.0,199.0,0.0,0.0,124.0,0.0,75.0,
3092,1000499861,固定套;;;20#;;FW336K;Ø48x95;,EA,0.0,4153.0,0.0,0.0,3700.0,0.0,453.0,
3093,1000499875,滑套組;座椅;下;;GM114;;SKF,EA,0.0,726.0,0.0,0.0,402.0,0.0,324.0,
3094,1000499989,螺絲組;半成品;;;;;GM119F;,EA,0.0,322.0,0.0,0.0,102.0,0.0,220.0,
3095,1000499997,螺絲組;半成品;;;;;GM123F;,EA,0.0,211.0,0.0,0.0,130.0,0.0,81.0,
3096,1000499998,使用說明貼標;護蓋;;;PVC;前下;英文;GM123F,EA,0.0,225.0,0.0,0.0,104.0,0.0,121.0,
3097,1000499999,使用說明貼標;護蓋;;;PVC;後下;英文;GM123F,EA,0.0,225.0,0.0,0.0,104.0,0.0,121.0,
3098,1000500001,使用說明貼標;護蓋;;;PVC;前上;英文;GM123F,EA,0.0,225.0,0.0,0.0,104.0,0.0,121.0,
3099,1000500002,使用說明貼標;護蓋;;;PVC;後上;英文;GM123F,EA,0.0,225.0,0.0,0.0,104.0,0.0,121.0,
3100,1000500007,使用說明貼標;護蓋;多國語言;;PVC;前上;;GM123F,EA,0.0,225.0,0.0,0.0,104.0,0.0,121.0,
3101,1000500008,使用說明貼標;護蓋;多國語言;;PVC;後上;;GM123F,EA,0.0,225.0,0.0,0.0,104.0,0.0,121.0,
3102,1000500023,連接管;;φ50x100x3.0tx520.4L;下;;Q195;GM123F,EA,0.0,182.0,0.0,0.0,140.0,0.0,42.0,
3103,1000500033,五金零件包;;;;FW209K-KM;;,EA,0.0,1002.0,0.0,0.0,760.0,0.0,242.0,
3104,1000500035,主座管;;Φ75.6x3.0Tx1555L;;;;FW209K-KM,EA,0.0,274.0,0.0,0.0,273.0,0.0,1.0,
3105,1000500085,支撐管;;Φ50xΦ200x2.5tx1234.4L;左;;;GM118F,EA,0.0,220.0,0.0,0.0,120.0,0.0,100.0,
3106,1000500092,穩定管;連接組-GM;φ50x100x3.0x585.3L;下;;;GM118F,EA,0.0,200.0,0.0,0.0,194.0,0.0,6.0,
3107,1000500094,商品條碼貼標;;;;;;;GM118F,EA,0.0,60.0,0.0,0.0,0.0,0.0,60.0,thử khuôn/chưa nhập kho→tồn kho; tồn điều chỉnh (vật liệu thử khuôn.): delta=+60
3108,1000500095,序號貼標;;GM118F;;;;;,EA,0.0,60.0,0.0,0.0,0.0,0.0,60.0,thử khuôn/chưa nhập kho→tồn kho; tồn điều chỉnh (vật liệu thử khuôn.): delta=+60
3109,1000500096,序號貼標;車架;;;;;;GM118F,EA,0.0,120.0,0.0,0.0,0.0,0.0,120.0,thử khuôn/chưa nhập kho→tồn kho; tồn điều chỉnh (vật liệu thử khuôn.): delta=+120
3110,1000500097,序號貼標;紙箱;;;;;;GM118F,EA,0.0,120.0,0.0,0.0,0.0,0.0,120.0,thử khuôn/chưa nhập kho→tồn kho; tồn điều chỉnh (vật liệu thử khuôn.): delta=+120
3111,1000500098,檢查表;零件盒;B;;;GM118F,EA,0.0,120.0,0.0,0.0,0.0,0.0,120.0,thử khuôn/chưa nhập kho→tồn kho; tồn điều chỉnh (vật liệu thử khuôn.): delta=+120
3112,1000500099,檢查表;紙箱;A;;;GM118F,EA,0.0,120.0,0.0,0.0,0.0,0.0,120.0,thử khuôn/chưa nhập kho→tồn kho; tồn điều chỉnh (vật liệu thử khuôn.): delta=+120
3113,1000500100,使用說明貼標;護蓋;;;PVC;前下;英文;GM118F,EA,0.0,317.0,0.0,0.0,151.0,0.0,166.0,chênh lệch=60.00
3114,1000500101,使用說明貼標;護蓋;;;PVC;後下;英文;GM118F,EA,0.0,350.0,0.0,0.0,184.0,0.0,166.0,chênh lệch=60.00
3115,1000500102,螺絲組;半成品;;;;;GM118F;,EA,0.0,325.0,0.0,0.0,156.0,0.0,169.0,chênh lệch=60.00
3116,1000500104,使用說明貼標;護蓋;;;PVC;前上;英文;GM118F,EA,0.0,350.0,0.0,0.0,184.0,0.0,166.0,chênh lệch=60.00
3117,1000500105,使用說明貼標;護蓋;;;PVC;後上;英文;GM118F,EA,0.0,350.0,0.0,0.0,184.0,0.0,166.0,chênh lệch=60.00
3118,1000500111,使用說明貼標;護蓋;多國語言;;PVC;前上;;GM118F,EA,0.0,290.0,0.0,0.0,124.0,0.0,166.0,
3119,1000500112,使用說明貼標;護蓋;多國語言;;PVC;後上;;GM118F,EA,0.0,290.0,0.0,0.0,124.0,0.0,166.0,
3120,1000500119,固定片;背墊;;;193x50x5.0T;;FW209K-KM;,EA,0.0,3399.0,0.0,0.0,2238.0,0.0,1161.0,
3121,1000500126,螺絲組;半成品;;;;;GM112F;,EA,0.0,263.0,0.0,0.0,145.0,0.0,118.0,
3122,1000500148,支撐管;車架;Φ50x200x1234.4Lx2.5T;右;;Q195;GM11,EA,0.0,252.0,0.0,0.0,140.0,0.0,112.0,
3123,1000500151,連接管;;φ50x100x3.0tx680L;下;;Q195;GM112F,EA,0.0,252.0,0.0,0.0,140.0,0.0,112.0,
3124,1000500161,使用說明貼標;護蓋;指導圖;;PVC;前下;;GM112F,EA,0.0,281.0,0.0,0.0,163.0,0.0,118.0,
3125,1000500164,使用說明貼標;護蓋;指導圖;;PVC;後下;;GM112F,EA,0.0,281.0,0.0,0.0,163.0,0.0,118.0,
3126,1000500167,使用說明貼標;護蓋;;;PVC;前上;英文;GM112F,EA,0.0,281.0,0.0,0.0,163.0,0.0,118.0,
3127,1000500168,使用說明貼標;護蓋;;;PVC;後上;英文;GM112F,EA,0.0,315.0,0.0,0.0,197.0,0.0,118.0,chênh lệch=34.00
3128,1000500174,使用說明貼標;護蓋;多國語言;;PVC;前上;;GM112F,EA,0.0,281.0,0.0,0.0,163.0,0.0,118.0,
3129,1000500178,使用說明貼標;護蓋;多國語言;;PVC;後上;;GM112F,EA,0.0,281.0,0.0,0.0,163.0,0.0,118.0,
3130,1000500233,螺絲組;半成品;;;;;GM129F-KM;,EA,0.0,140.0,0.0,0.0,87.0,0.0,53.0,
3131,1000500257,使用說明貼標;護蓋;;;PVC;前下;英文;GM129F,EA,0.0,140.0,0.0,0.0,71.0,0.0,69.0,
3132,1000500258,使用說明貼標;護蓋;;;PVC;後下;英文;GM129F,EA,0.0,140.0,0.0,0.0,71.0,0.0,69.0,
3133,1000500298,使用說明貼標;護蓋;;;PVC;前上;英文;GM129F,EA,0.0,140.0,0.0,0.0,71.0,0.0,69.0,
3134,1000500299,使用說明貼標;護蓋;;;PVC;後上;英文;GM129F,EA,0.0,140.0,0.0,0.0,71.0,0.0,69.0,
3135,1000500304,使用說明貼標;護蓋;多國語言;;PVC;前上;;GM129F,EA,0.0,140.0,0.0,0.0,71.0,0.0,69.0,
3136,1000500305,使用說明貼標;護蓋;多國語言;;PVC;後上;;GM129F,EA,0.0,140.0,0.0,0.0,71.0,0.0,69.0,
3137,1000500355,包裝附件組;;;;;GM117F,EA,0.0,230.0,0.0,0.0,124.0,0.0,106.0,
3138,1000500356,保麗龍組;;;;;GM117F,EA,0.0,230.0,0.0,0.0,40.0,0.0,190.0,
3139,1000500405,支撐管;;Φ50xΦ200x2.5tx1234.4L;左;;;GM126F,EA,0.0,128.0,0.0,0.0,104.0,0.0,24.0,
3140,1000500428,連接管;;φ50.0x100.0x3.0tx463.7L;下;;;GM126F-,EA,0.0,50.0,0.0,0.0,50.0,0.0,0.0,
3141,1000500443,使用說明貼標;護蓋;;;PVC;前下;英文;GM126F,EA,0.0,193.0,0.0,0.0,119.0,0.0,74.0,
3142,1000500445,使用說明貼標;護蓋;;;PVC;後下;英文;GM126F,EA,0.0,191.0,0.0,0.0,117.0,0.0,74.0,
3143,1000500455,外紙箱;;;1430x460x260;;FW209K,EA,0.0,721.0,0.0,0.0,685.0,0.0,36.0,
3144,1000500458,螺絲組;半成品;;;;;GM126F-KM;,EA,0.0,133.0,0.0,0.0,95.0,0.0,38.0,
3145,1000500463,使用說明貼標;護蓋;;;PVC;前上;英文;GM126F,EA,0.0,193.0,0.0,0.0,119.0,0.0,74.0,
3146,1000500464,使用說明貼標;護蓋;;;PVC;後上;英文;GM126F,EA,0.0,193.0,0.0,0.0,119.0,0.0,74.0,
3147,1000500471,使用說明貼標;護蓋;多國語言;;PVC;前上;;GM126F,EA,0.0,144.0,0.0,0.0,95.0,0.0,49.0,
3148,1000500472,使用說明貼標;護蓋;多國語言;;PVC;後上;;GM126F,EA,0.0,144.0,0.0,0.0,95.0,0.0,49.0,
3149,1000500507,支撐管;車架;Φ50xΦ200x2.5tx1234.4L;右;;;GM125F,EA,0.0,220.0,0.0,0.0,170.0,0.0,50.0,
3150,1000500512,連接管;;Φ50xΦ100x3.0tx570.4L;下;;;GM119F,EA,0.0,192.0,0.0,0.0,73.0,0.0,119.0,
3151,1000500514,螺絲組;半成品;;;;;GM125F-KM;,EA,0.0,308.0,0.0,0.0,196.0,0.0,112.0,chênh lệch=40.00
3152,1000500516,商品條碼貼標;;;;;;;GM125F,EA,0.0,80.0,0.0,0.0,0.0,0.0,80.0,thử khuôn/chưa nhập kho→tồn kho; tồn điều chỉnh (vật liệu thử khuôn.): delta=+80
3153,1000500517,序號貼標;;;;;;;GM125F,EA,0.0,80.0,0.0,0.0,0.0,0.0,80.0,thử khuôn/chưa nhập kho→tồn kho; tồn điều chỉnh (vật liệu thử khuôn.): delta=+80
3154,1000500518,序號貼標;車架;;;;;;GM125F,EA,0.0,80.0,0.0,0.0,0.0,0.0,80.0,thử khuôn/chưa nhập kho→tồn kho; tồn điều chỉnh (vật liệu thử khuôn.): delta=+80
3155,1000500519,檢查表;零件盒;B;;;GM125F,EA,0.0,40.0,0.0,0.0,0.0,0.0,40.0,thử khuôn/chưa nhập kho→tồn kho; tồn điều chỉnh (vật liệu thử khuôn.): delta=+40
3156,1000500520,使用說明貼標;護蓋;;;PVC;前下;;GM125F,EA,0.0,408.0,0.0,0.0,202.0,0.0,206.0,chênh lệch=40.00
3157,1000500521,使用說明貼標;護蓋;;;PVC;後下;;GM125F,EA,0.0,408.0,0.0,0.0,202.0,0.0,206.0,chênh lệch=40.00
3158,1000500523,使用說明貼標;護蓋;;;PVC;前上;英文;GM125F,EA,0.0,408.0,0.0,0.0,202.0,0.0,206.0,chênh lệch=40.00
3159,1000500524,使用說明貼標;護蓋;;;PVC;後上;英文;GM125F,EA,0.0,408.0,0.0,0.0,202.0,0.0,206.0,chênh lệch=40.00
3160,1000500536,使用說明貼標;護蓋;多國語言;;PVC;前上;;GM125F,EA,0.0,368.0,0.0,0.0,162.0,0.0,206.0,
3161,1000500537,使用說明貼標;護蓋;多國語言;;PVC;後上;;GM125F,EA,0.0,368.0,0.0,0.0,162.0,0.0,206.0,
3162,1000500613,支撐管;;Φ50xΦ200x2.5tx1234.4L;左;;;GM128F-KM,EA,0.0,170.0,0.0,0.0,80.0,0.0,90.0,
3163,1000500614,支撐管;;Φ50xΦ200x2.5Tx1234.4L;右;;;GM128F-KM,EA,0.0,170.0,0.0,0.0,80.0,0.0,90.0,
3164,1000500633,貼地桿;;Φ50.0xΦ100.0x3.0Tx570L;中;;;GM128F,EA,0.0,340.0,0.0,0.0,160.0,0.0,180.0,
3165,1000500641,螺絲組;半成品;;;;;GM128F-KM;,EA,0.0,170.0,0.0,0.0,89.0,0.0,81.0,
3166,1000500665,使用說明貼標;護蓋;多國語言;;PVC;前上;;GM128F-KM,EA,0.0,170.0,0.0,0.0,96.0,0.0,74.0,
3167,1000500666,使用說明貼標;護蓋;多國語言;;PVC;後上;;GM128F-KM,EA,0.0,170.0,0.0,0.0,96.0,0.0,74.0,
3168,1000500674,使用說明貼標;護蓋;;;PVC;前上;英文;GM128F-KM,EA,0.0,170.0,0.0,0.0,96.0,0.0,74.0,
3169,1000500675,使用說明貼標;護蓋;;;PVC;後上;英文;GM128F-KM,EA,0.0,170.0,0.0,0.0,96.0,0.0,74.0,
3170,1000500676,使用說明貼標;護蓋;;;PVC;前下;;GM128F-KM,EA,0.0,170.0,0.0,0.0,96.0,0.0,74.0,
3171,1000500677,使用說明貼標;護蓋;;;PVC;後下;;GM128F-KM,EA,0.0,170.0,0.0,0.0,96.0,0.0,74.0,
3172,1000500712,支撐管;車架;50x200x2.5Tx1234.4L;左;;;GM230F,EA,0.0,340.0,0.0,0.0,125.0,0.0,215.0,
3173,1000500729,支撐管;車架;Φ50xΦ200x2.5tx1234.4L;左;;Q195;GM1,EA,0.0,140.0,0.0,0.0,59.0,0.0,81.0,
3174,1000500735,連接管;基座;Φ50xΦ100x3.0tx465.3L;下;;;GM230F,EA,0.0,340.0,0.0,0.0,125.0,0.0,215.0,
3175,1000500744,螺絲組;半成品;;;;;GM116F-KM;,EA,0.0,140.0,0.0,0.0,59.0,0.0,81.0,
3176,1000500752,使用說明貼標;護蓋;;;PVC;前下;;GM116F-KM,EA,0.0,140.0,0.0,0.0,59.0,0.0,81.0,
3177,1000500755,使用說明貼標;護蓋;;;PVC;後下;;GM116F-KM,EA,0.0,140.0,0.0,0.0,59.0,0.0,81.0,
3178,1000500756,螺絲組;半成品;;;;;GM230F-KM;,EA,0.0,170.0,0.0,0.0,70.0,0.0,100.0,
3179,1000500757,使用說明貼標;護蓋;;;PVC;前下;;GM230F,EA,0.0,170.0,0.0,0.0,70.0,0.0,100.0,
3180,1000500758,使用說明貼標;護蓋;;;PVC;後下;;GM230F,EA,0.0,170.0,0.0,0.0,70.0,0.0,100.0,
3181,1000500760,使用說明貼標;護蓋;;;PVC;前上;英文;GM230F,EA,0.0,170.0,0.0,0.0,70.0,0.0,100.0,
3182,1000500761,使用說明貼標;護蓋;;;PVC;後上;英文;GM230F,EA,0.0,170.0,0.0,0.0,70.0,0.0,100.0,
3183,1000500772,使用說明貼標;護蓋;多國語言;;PVC;前上;;GM230F,EA,0.0,170.0,0.0,0.0,70.0,0.0,100.0,
3184,1000500773,使用說明貼標;護蓋;多國語言;;PVC;後上;;GM230F,EA,0.0,170.0,0.0,0.0,70.0,0.0,100.0,
3185,1000500804,螺絲組;半成品;;;;;GM115F;,EA,0.0,160.0,0.0,0.0,46.0,0.0,114.0,
3186,1000500810,上層選擇片貼標;選擇片;10LBS;;PC;;;GM113F,EA,0.0,4275.0,0.0,0.0,2400.0,0.0,1875.0,chênh lệch=40.00
3187,1000500811,使用說明貼標;護蓋;;;PVC;前下;英文;GM115F,EA,0.0,160.0,0.0,0.0,75.0,0.0,85.0,
3188,1000500812,使用說明貼標;護蓋;;;PVC;後下;英文;GM115F,EA,0.0,160.0,0.0,0.0,42.0,0.0,118.0,
3189,1000500814,使用說明貼標;護蓋;;;PVC;前上;英文;GM115F,EA,0.0,160.0,0.0,0.0,42.0,0.0,118.0,
3190,1000500815,使用說明貼標;護蓋;;;PVC;後上;英文;GM115F,EA,0.0,160.0,0.0,0.0,69.0,0.0,91.0,
3191,1000500821,使用說明貼標;護蓋;多國語言;;PVC;前上;;GM115F,EA,0.0,160.0,0.0,0.0,42.0,0.0,118.0,
3192,1000500822,使用說明貼標;護蓋;多國語言;;PVC;後上;;GM115F,EA,0.0,160.0,0.0,0.0,42.0,0.0,118.0,
3193,1000500830,外紙箱;基座紙箱;;;1659X615X1160;GM115F,EA,0.0,70.0,0.0,0.0,23.0,0.0,47.0,
3194,1000500831,保麗龍組;;;;;GM115F,EA,0.0,70.0,0.0,0.0,8.0,0.0,62.0,
3195,1000500861,使用說明貼標;護蓋;;;PVC;前下;;GM231F,EA,0.0,170.0,0.0,0.0,38.0,0.0,132.0,
3196,1000500862,使用說明貼標;護蓋;;;PVC;後下;;GM231F,EA,0.0,170.0,0.0,0.0,38.0,0.0,132.0,
3197,1000500863,螺絲組;半成品;;;;;GM231F-KM;,EA,0.0,170.0,0.0,0.0,38.0,0.0,132.0,
3198,1000500865,使用說明貼標;護蓋;;;PVC;前上;英文;GM231F,EA,0.0,170.0,0.0,0.0,38.0,0.0,132.0,
3199,1000500866,使用說明貼標;護蓋;;;PVC;後上;英文;GM231F,EA,0.0,170.0,0.0,0.0,38.0,0.0,132.0,
3200,1000500873,使用說明貼標;護蓋;多國語言;;PVC;前上;;GM231F,EA,0.0,170.0,0.0,0.0,38.0,0.0,132.0,
3201,1000500874,使用說明貼標;護蓋;多國語言;;PVC;後上;;GM231F,EA,0.0,170.0,0.0,0.0,38.0,0.0,132.0,
3202,1000500885,螺絲組;半成品;;;;;GM122F;,EA,0.0,219.0,0.0,0.0,86.0,0.0,133.0,
3203,1000500903,連接管;車架;Φ50x100x3Tx734.5L;下;;Q195;GM122F,EA,0.0,100.0,0.0,0.0,80.0,0.0,20.0,
3204,1000500907,使用說明貼標;護蓋;;;PVC;前下;;GM122F,EA,0.0,227.0,0.0,0.0,94.0,0.0,133.0,
3205,1000500909,使用說明貼標;護蓋;;;PVC;後下;;GM122F,EA,0.0,227.0,0.0,0.0,94.0,0.0,133.0,
3206,1000500910,使用說明貼標;護蓋;;;PVC;前上;英文;GM122F,EA,0.0,227.0,0.0,0.0,94.0,0.0,133.0,
3207,1000500911,使用說明貼標;護蓋;;;PVC;後上;英文;GM122F,EA,0.0,227.0,0.0,0.0,94.0,0.0,133.0,
3208,1000500914,使用說明貼標;護蓋;多國語言;;PVC;前上;;GM122F,EA,0.0,227.0,0.0,0.0,94.0,0.0,133.0,
3209,1000500916,使用說明貼標;護蓋;多國語言;;PVC;後上;;GM122F,EA,0.0,227.0,0.0,0.0,94.0,0.0,133.0,
3210,1000501108,使用說明貼標;護蓋;;;PVC;前上;英文;GM116F,EA,0.0,140.0,0.0,0.0,59.0,0.0,81.0,
3211,1000501109,使用說明貼標;護蓋;;;PVC;後上;英文;GM116F,EA,0.0,140.0,0.0,0.0,59.0,0.0,81.0,
3212,1000501118,使用說明貼標;護蓋;多國語言;;PVC;前上;;GM116F,EA,0.0,140.0,0.0,0.0,59.0,0.0,81.0,
3213,1000501123,使用說明貼標;護蓋;多國語言;;PVC;後上;;GM116F,EA,0.0,140.0,0.0,0.0,59.0,0.0,81.0,
3214,1000501190,螺絲組;半成品;;;;;GM124F;,EA,0.0,193.0,0.0,0.0,110.0,0.0,83.0,
3215,1000501210,支撐管;車架;Φ50x200x2.5x1234.4L;右;;Q195;GM124,EA,0.0,191.0,0.0,0.0,127.0,0.0,64.0,
3216,1000501211,連接管;腳踏板;Φ50xΦ100x3.0Tx760L;;;Q195;GM124F,EA,0.0,90.0,0.0,0.0,90.0,0.0,0.0,
3217,1000501215,使用說明貼標;護蓋;指導圖;;PVC;前下;;GM124F,EA,0.0,210.0,0.0,0.0,127.0,0.0,83.0,
3218,1000501216,使用說明貼標;護蓋;指導圖;;PVC;後下;;GM124F,EA,0.0,210.0,0.0,0.0,127.0,0.0,83.0,
3219,1000501217,使用說明貼標;護蓋;;;PVC;前上;英文;GM124F,EA,0.0,210.0,0.0,0.0,127.0,0.0,83.0,
3220,1000501218,使用說明貼標;護蓋;;;PVC;後上;英文;GM124F,EA,0.0,210.0,0.0,0.0,127.0,0.0,83.0,
3221,1000501228,使用說明貼標;護蓋;多國語言;;PVC;前上;;GM124F,EA,0.0,221.0,0.0,0.0,127.0,0.0,94.0,
3222,1000501231,使用說明貼標;護蓋;多國語言;;PVC;後上;;GM124F,EA,0.0,221.0,0.0,0.0,127.0,0.0,94.0,
3223,1000501264,基管;基座;50x100x3.0x1505.6L;;;Q195;GM263,EA,0.0,170.0,0.0,0.0,20.0,0.0,150.0,
3224,1000501267,連接管;基座;φ76.2x3.0x250.0L;;;Q195;GM263,EA,0.0,20.0,0.0,0.0,20.0,0.0,0.0,
3225,1000501268,支架管;基座;50x100x3.0x108.6L;;;Q195;GM263,EA,0.0,170.0,0.0,0.0,20.0,0.0,150.0,
3226,1000501269,止擋管;基座;50.8x3.0x211.0L;;;Q195;GM263,EA,0.0,170.0,0.0,0.0,20.0,0.0,150.0,
3227,1000501270,固定塊;止擋;;20#;;GM263;φ42X32L;,EA,0.0,380.0,0.0,0.0,70.0,0.0,310.0,
3228,1000501272,軸套;滑輪調整套;;20#;;GM263;φ60Xφ40X104L;,EA,0.0,190.0,0.0,0.0,35.0,0.0,155.0,
3229,1000501273,鎖緊套管;;;20#;;GM263;φ26.7Xφ20.3x75L;,EA,0.0,170.0,0.0,0.0,35.0,0.0,135.0,
3230,1000501274,轉軸;滑輪;下;20#;塗防鏽油;GM263;;,EA,0.0,170.0,0.0,0.0,35.0,0.0,135.0,
3231,1000501275,連接管;調整;;20#;;GM263;φ50.8x684.0L;,EA,0.0,170.0,0.0,0.0,35.0,0.0,135.0,
3232,1000501276,固定軸;調整墊;;20#;;GM263;φ22.0x146.0L;,EA,0.0,170.0,0.0,0.0,35.0,0.0,135.0,
3233,1000501277,軸套;;;20#;;GM263;φ76.2xφ50x117L;,EA,0.0,360.0,0.0,0.0,70.0,0.0,290.0,
3234,1000501278,軸套;擺臂;;20#;;GM263;φ70xφ50x125L;,EA,0.0,170.0,0.0,0.0,35.0,0.0,135.0,
3235,1000501279,軸套;腿墊;;20#;;GM263;φ38xφ25x131L;,EA,0.0,170.0,0.0,0.0,35.0,0.0,135.0,
3236,1000501280,套管;把手;;20#;;GM263;25x18x163L;,EA,0.0,170.0,0.0,0.0,35.0,0.0,135.0,
3237,1000501281,調節桿;把手;;20#;鍍鉻;GM263;;,EA,0.0,170.0,0.0,0.0,37.0,0.0,133.0,
3238,1000501282,固定軸;;;20#;;GM263;φ40x73.3L;,EA,0.0,190.0,0.0,0.0,35.0,0.0,155.0,
3239,1000501283,支撐管;;φ50xφ100x3.0x196.4L;;;Q195;GM263,EA,0.0,20.0,0.0,0.0,20.0,0.0,0.0,
3240,1000501284,座椅管;;φ50xφ150x3.0x2249.8L;;;Q195;GM263,EA,0.0,170.0,0.0,0.0,20.0,0.0,150.0,
3241,1000501285,支撐管;座墊;φ50xφ100x3.0x145.0L;;;Q195;GM263,EA,0.0,20.0,0.0,0.0,20.0,0.0,0.0,
3242,1000501286,座椅管;;φ50xφ100x3.0x661.5L;二;;Q195;GM263,EA,0.0,170.0,0.0,0.0,20.0,0.0,150.0,
3243,1000501287,支撐管;;φ50xφ100x3.0x197.0L;二;;Q195;GM263,EA,0.0,170.0,0.0,0.0,20.0,0.0,150.0,
3244,1000501288,支撐管;腳踏板;□40x80x3.0x450.0L;一;;Q195;GM263,EA,0.0,20.0,0.0,0.0,20.0,0.0,0.0,
3245,1000501289,支撐管;腳踏板;□30x60x2.0Tx218.0L;;;Q195;GM263,EA,0.0,20.0,0.0,0.0,20.0,0.0,0.0,
3246,1000501292,連接管;;φ50xφ100x3.0x818.0L;前;;Q195;GM263,EA,0.0,20.0,0.0,0.0,20.0,0.0,0.0,
3247,1000501293,連接管;;φ50xφ100x3.0x699.5L;左;;Q195;GM263,EA,0.0,170.0,0.0,0.0,20.0,0.0,150.0,
3248,1000501294,連接管;;φ50xφ100x3.0x446.5L;右;;Q195;GM263,EA,0.0,20.0,0.0,0.0,20.0,0.0,0.0,
3249,1000501295,連接管;把手;φ50xφ100x3.0Tx229.1L;;;Q195;GM263,EA,0.0,170.0,0.0,0.0,20.0,0.0,150.0,
3250,1000501296,搖臂管;;φ76.2x3.0Tx604.3L;;;Q195;GM263,EA,0.0,20.0,0.0,0.0,20.0,0.0,0.0,
3251,1000501297,擺臂管;;φ50xφ100x3.0x775L;;;Q195;GM263,EA,0.0,170.0,0.0,0.0,20.0,0.0,150.0,
3252,1000501299,支撐片;坐墊;;SPHC;200.0x74.6x33.8x6T;;GM263;,EA,0.0,170.0,0.0,0.0,35.0,0.0,135.0,
3253,1000501300,握把片;;左;SPHC;276x85x8T;;GM263;,EA,0.0,170.0,0.0,0.0,34.0,0.0,136.0,
3254,1000501301,止檔片;;;SPHC;114.2x74.5x6T;;GM263;,EA,0.0,170.0,0.0,0.0,34.0,0.0,136.0,
3255,1000501302,固定片;插銷;;SPHC;115x101x65x6T;;GM263;,EA,0.0,170.0,0.0,0.0,35.0,0.0,135.0,
3256,1000501303,固定片;橡膠擋塊;;SPHC;70x33x33x5T;;GM263;,EA,0.0,170.0,0.0,0.0,35.0,0.0,135.0,
3257,1000501304,固定板;調整片;;SPHC;402.3x133.5x8T;;GM263;,EA,0.0,190.0,0.0,0.0,35.0,0.0,155.0,
3258,1000501319,螺絲組;半成品;;;;;GM263-KM;,EA,0.0,170.0,0.0,0.0,35.0,0.0,135.0,
3259,1000501347,紙箱;基座;;1470x1120x690;;GM263,EA,0.0,80.0,0.0,0.0,35.0,0.0,45.0,
3260,1000501348,包裝附件組;;;;;GM263,EA,0.0,80.0,0.0,0.0,15.0,0.0,65.0,
3261,1000501349,保麗龍;基座;;;;GM263,EA,0.0,80.0,0.0,0.0,31.0,0.0,49.0,
3262,1000501364,使用說明貼標;護蓋;;;PVC;前上;英文;GM263,EA,0.0,170.0,0.0,0.0,34.0,0.0,136.0,
3263,1000501366,使用說明貼標;護蓋;多國語言;;PVC;前上;;GM263,EA,0.0,170.0,0.0,0.0,34.0,0.0,136.0,
3264,1000501367,使用說明貼標;護蓋;;;PVC;後上;英文;GM263,EA,0.0,170.0,0.0,0.0,34.0,0.0,136.0,
3265,1000501369,使用說明貼標;護蓋;多國語言;;PVC;後上;;GM263,EA,0.0,170.0,0.0,0.0,34.0,0.0,136.0,
3266,1000501370,使用說明貼標;護蓋;;;PVC;前下;英文;GM263,EA,0.0,170.0,0.0,0.0,34.0,0.0,136.0,
3267,1000501371,使用說明貼標;護蓋;;;PVC;後下;英文;GM263,EA,0.0,170.0,0.0,0.0,34.0,0.0,136.0,
3268,1000501372,EN貼標;車架;GM263;;消銀龍;;英文;,EA,0.0,340.0,0.0,0.0,70.0,0.0,270.0,
3269,1000501373,EN貼標;;GM263;;PET;;;GB,EA,0.0,170.0,0.0,0.0,24.0,0.0,146.0,
3270,1000501389,五金零件包;組裝;;;GM263;;,EA,0.0,170.0,0.0,0.0,35.0,0.0,135.0,
3271,1000501392,軸心;轉動;;42CrMo;鍍鉻;GM263;;,EA,0.0,170.0,0.0,0.0,35.0,0.0,135.0,
3272,1000501398,鋼索-加工;車架;;壓鋼索頭;Φ6.35x2575L;GM263;,EA,0.0,170.0,0.0,0.0,20.0,0.0,150.0,
3273,1000501400,調整片;;;SUS304;380.4x122.5x3T;;GM263;,EA,0.0,170.0,0.0,0.0,35.0,0.0,135.0,
3274,1000501443,固定板;腳墊;;SPHC;240x40x40x6T;;GM263;,EA,0.0,340.0,0.0,0.0,70.0,0.0,270.0,
3275,1000501448,把手管;;φ25.4x3.0x346.4L;;;Q195;GM263,EA,0.0,20.0,0.0,0.0,20.0,0.0,0.0,
3276,1000501691,掛棒-加工;;;鍍鉻;Φ48.0x3.0tx220.7;FW529-KM;,EA,0.0,214.0,0.0,0.0,20.0,0.0,194.0,
3277,1000501727,掛棒-加工;;左;鍍鉻;Φ48.0x3.0tx170;FW529-KM;,EA,0.0,271.0,0.0,0.0,30.0,0.0,241.0,
3278,1000502768,使用說明貼標;護蓋;;;PVC;前下;英文;GM218B,EA,0.0,33.0,0.0,0.0,33.0,0.0,0.0,
3279,1000502770,螺絲組;半成品;;;;;GM218B;,EA,0.0,33.0,0.0,0.0,33.0,0.0,0.0,
3280,1000502796,螺絲組;半成品;;;;;GM226B;,EA,0.0,2.0,0.0,0.0,2.0,0.0,0.0,
3281,1000502841,螺絲組;半成品;;;;;GM227B-KM;,EA,0.0,18.0,0.0,0.0,16.0,0.0,2.0,
3282,1000502863,螺絲組;半成品;;;;;GM229B-KM;,EA,0.0,7.0,0.0,0.0,7.0,0.0,0.0,
3283,1000502879,固定環;;;20#;;φ22x15L;FW535;焊接用,EA,0.0,758.0,0.0,0.0,621.0,0.0,137.0,
3284,1000502883,螺絲組;半成品;;;;;GM221B;,EA,0.0,9.0,0.0,0.0,0.0,0.0,9.0,
3285,1000502884,螺絲組;半成品;;;;;GM217B;,EA,0.0,18.0,0.0,0.0,18.0,0.0,0.0,
3286,1000502885,螺絲組;半成品;;;;;GM215B;,EA,0.0,8.0,0.0,0.0,8.0,0.0,0.0,
3287,1000502889,固定板;背墊;;SPHC;510x77x4T;;FW535;,EA,0.0,36.0,0.0,0.0,36.0,0.0,0.0,
3288,1000502890,背蓋;背墊;前上;矽橡膠;7547;518x85x18;FW535;,EA,0.0,600.0,0.0,0.0,157.0,0.0,443.0,
3289,1000502990,馬達組;半成品;;;;;TM747K;,EA,0.0,3426.0,0.0,0.0,3426.0,0.0,0.0,122/123=điều chỉnh; chênh lệch=200.00
3290,1000503016,包裝附件組;;;;FW209K;;,EA,0.0,1012.0,0.0,0.0,676.0,0.0,336.0,
3291,1000503293,握把調節組-加工;;;浸塑;;MS20E;黑色,EA,0.0,20.0,0.0,0.0,0.0,0.0,20.0,
3292,1000503377,支撐片;擺臂連接座;;SPHC;173.3x100.6x10T;;GM263;,EA,0.0,190.0,0.0,0.0,35.0,0.0,155.0,
3293,1000503380,固定片;靠墊;;SPHC;600x200x90.1x5.0T;;GM263;,EA,0.0,170.0,0.0,0.0,35.0,0.0,135.0,
3294,1000503382,"軸承;凸緣滾珠;6305-2RS;φ62xφ25x17T,宽21;;PLB",EA,0.0,340.0,0.0,0.0,70.0,0.0,270.0,
3295,1000503383,調整拉銷;腿墊;;;;GM263;φ24.8x104L;,EA,0.0,107.0,0.0,0.0,36.0,0.0,71.0,
3296,1000503384,補強片;擺臂;;SPHC;117x36.8x5T;;GM263;,EA,0.0,340.0,0.0,0.0,68.0,0.0,272.0,
3297,1000503385,固定片;桿端軸承;;SPHC;123x50x11.5x5T;;GM263;,EA,0.0,340.0,0.0,0.0,70.0,0.0,270.0,
3298,1000503386,調整指示貼標;;;;PVC;1;;GM263-KM,EA,0.0,170.0,0.0,0.0,34.0,0.0,136.0,
3299,1000503423,螺絲組;半成品;;;;;GM213B;,EA,0.0,22.0,0.0,0.0,17.0,0.0,5.0,
3300,1000503442,螺絲組;半成品;;;;;GM225B-KM;,EA,0.0,25.0,0.0,0.0,25.0,0.0,0.0,
3301,1000503516,包裝附件組;;;;;GM127F-KM,EA,0.0,288.0,0.0,0.0,260.0,0.0,28.0,
3302,1000503529,連接片;底座;;SPHC;157.3x44x3.0T;;FW535;,EA,0.0,257.0,0.0,0.0,157.0,0.0,100.0,
3303,1000503531,固定片;腳墊;;SPHC;φ45.0x8.0T;;FW535;,EA,0.0,40.0,0.0,0.0,40.0,0.0,0.0,FIFO
3304,1000503532,軸心套(鑽孔);;;20#;;φ22x66.5L;FW535;焊接用,EA,0.0,514.0,0.0,0.0,314.0,0.0,200.0,
3305,1000503535,軸心套(鑽孔);;;20#;;φ18x46.5L;FW535;焊接用,EA,0.0,511.0,0.0,0.0,314.0,0.0,197.0,
3306,1000503551,固定銷;;;20#;;FW535;φ22x36.5L;,EA,0.0,514.0,0.0,0.0,314.0,0.0,200.0,
3307,1000503577,檢查表;基座紙箱;A;;;GM114F,EA,0.0,40.0,0.0,0.0,0.0,0.0,40.0,thử khuôn/chưa nhập kho→tồn kho; tồn điều chỉnh (vật liệu thử khuôn.): delta=+40
3308,1000503578,檢查表;零件盒;C;;;GM114F,EA,0.0,40.0,0.0,0.0,0.0,0.0,40.0,thử khuôn/chưa nhập kho→tồn kho; tồn điều chỉnh (vật liệu thử khuôn.): delta=+40
3309,1000503978,軸套組-加工;升降;;鍍白鋅;∅28.5x∅18x11.5L;TM747K;,EA,0.0,42412.0,0.0,0.0,14022.0,0.0,28390.0,
3310,1000504107,調整片;腿墊;;45#;74.1x18x5T;鍍白鋅;GM263;,EA,0.0,170.0,0.0,0.0,35.0,0.0,135.0,
3311,1000504221,螺絲;傘頭;M5x0.8Px12L;;十字;不鏽鋼;;;;耐落,EA,0.0,1280.0,0.0,0.0,0.0,0.0,1280.0,
3312,1000504241,螺絲組;半成品;;;;;GM214B;,EA,0.0,39.0,0.0,0.0,29.0,0.0,10.0,
3313,1000504359,螺絲組;半成品;;;;;GM220B;,EA,0.0,6.0,0.0,0.0,6.0,0.0,0.0,
3314,1000504406,螺絲組;半成品;;;;;GM216B;,EA,0.0,3.0,0.0,0.0,0.0,0.0,3.0,
3315,1000504442,螺絲組;半成品;;;;;GM212B;,EA,0.0,18.0,0.0,0.0,18.0,0.0,0.0,
3316,1000504457,螺絲組;半成品;;;;;GM228B-KM;,EA,0.0,4.0,0.0,0.0,4.0,0.0,0.0,
3317,1000504513,支撐管;儀表;□30X30X2.0TX430L;;;STKR400;TM747K,EA,0.0,15467.0,0.0,0.0,14806.0,0.0,661.0,
3318,1000504699,螺絲;圓柱;M6x1.0Px25L-10L;特製;六角承窩;;鍍黑鋅;半牙;;,EA,0.0,2950.0,0.0,0.0,0.0,0.0,2950.0,
3319,1000505172,螺絲組;半成品;;;;;GM222B;,EA,0.0,8.0,0.0,0.0,8.0,0.0,0.0,
3320,1000505420,支撐座-加工;滑輪;;攻牙;;GM111F;熱擠壓攻牙,EA,0.0,3711.0,0.0,0.0,2971.0,0.0,740.0,
3321,1000505548,螺絲組;半成品;;;;;GM211B;,EA,0.0,13.0,0.0,0.0,8.0,0.0,5.0,
3322,1000505628,螺絲組;半成品;;;;;GM219B;,EA,0.0,38.0,0.0,0.0,38.0,0.0,0.0,
3323,1000505639,鎖緊塊;轉軸;;20#;;GM263;141.3X106.6X16T;,EA,0.0,190.0,0.0,0.0,35.0,0.0,155.0,
3324,1000505644,止檔片;軸承;;SPHC;∅35.0x5.0T;鍍鉻;PL218K-KM;,EA,0.0,120.0,0.0,0.0,0.0,0.0,120.0,thử khuôn/chưa nhập kho→tồn kho; tồn điều chỉnh (vật liệu thử khuôn.): delta=+120
3325,1000505673,螺絲組;半成品;;;;;GM223B;,EA,0.0,14.0,0.0,0.0,14.0,0.0,0.0,
3326,1000505739,支架管;基座;φ30xφ60x3.0Tx80L;;;Q195;GM263,EA,0.0,40.0,0.0,0.0,40.0,0.0,0.0,
3327,1000505841,螺絲組;半成品;;;;;GM224B;,EA,0.0,54.0,0.0,0.0,19.0,0.0,35.0,
3328,1000505973,連接管;;φ50x100x3.0tx680L;;;STK41;FW336K,EA,0.0,719.0,0.0,0.0,719.0,0.0,0.0,
3329,1000506084,拉銷把柄;;;包膠;黑色/Black C;;GM112F;,EA,0.0,560.0,0.0,0.0,291.0,0.0,269.0,
3330,1000506086,軸套;支撐管;;20#;;GM112F;Φ12.7xΦ10.2x4L;鍍白鋅,EA,0.0,560.0,0.0,0.0,291.0,0.0,269.0,
3331,1000506689,套筒;主軸;;;;PL08K;φ60x142.5;,EA,0.0,705.0,0.0,0.0,577.0,0.0,128.0,chênh lệch=147.00
3332,1000506731,端蓋;支撐管;;PA66+15%玻纖;深灰 Pantone 446C;;FW50,EA,0.0,2156.0,0.0,0.0,1428.0,0.0,728.0,
3333,1000506734,腳墊;移動輪;左;PA66+15%玻纖;深灰 Pantone 446C;;FW5,EA,0.0,996.0,0.0,0.0,651.0,0.0,345.0,
3334,1000506737,腳墊;移動輪;右;PA66+15%玻纖;深灰 Pantone 446C;;FW5,EA,0.0,1151.0,0.0,0.0,806.0,0.0,345.0,
3335,1000506738,端蓋;;;PA66+15%玻纖;深灰 Pantone 446C;;FW508;,EA,0.0,2320.0,0.0,0.0,1628.0,0.0,692.0,
3336,1000506758,固定環;轉臂軸;;20#;鍍鉻;PL210K;φ26xφ20x28;,EA,0.0,922.0,0.0,0.0,524.0,0.0,398.0,
3337,1000506762,掛棒組;固定;上;;;;FW336K;焊接組(鍍鉻),EA,0.0,1749.0,0.0,0.0,925.0,0.0,824.0,
3338,1000507053,氣壓棒;;50KG;Φ22xΦ10x405;;;GM263,EA,0.0,170.0,0.0,0.0,35.0,0.0,135.0,
3339,1000507057,彈簧;壓縮;Φ1.5xΦ24x60L;SWPB;染黑;GM263,EA,0.0,170.0,0.0,0.0,35.0,0.0,135.0,
3340,1000507078,心軸;調整;;20CrMo;;GM263;Φ39x254L;,EA,0.0,170.0,0.0,0.0,35.0,0.0,135.0,
3341,1000507351,連接軸套;;;20#;;GM263;φ16x48L;,EA,0.0,360.0,0.0,0.0,70.0,0.0,290.0,
3342,1000507525,固定塊;轉軸;內;20#;150x86x17.0T;;PL06K-KM;,EA,0.0,1324.0,0.0,0.0,724.0,0.0,600.0,
3343,1000507527,固定塊;轉軸;內;20#;92x74x17.0T;;PL06K-KM;,EA,0.0,1324.0,0.0,0.0,724.0,0.0,600.0,
3344,1000507695,軸套;擺臂;;20#;;PL210K;φ76.2xφ47x174.2;,EA,0.0,36.0,0.0,0.0,0.0,0.0,36.0,
3345,1000507697,掛棒桿;;;20CrMo;;PL06K-KM;Φ30X370L;,EA,0.0,1428.0,0.0,0.0,724.0,0.0,704.0,
3346,1000507705,SLEEVE;轉動;;20#;;FW525-KM;;,EA,0.0,500.0,0.0,0.0,172.0,0.0,328.0,122/123=điều chỉnh; chênh lệch=117.00
3347,1000507706,貼標;重量;;;;;;FW336K,EA,0.0,1720.0,0.0,0.0,963.0,0.0,757.0,
3348,1000507707,貼標;重量;Φ29圓形;黑底白字;合成紙;;;FW336K,EA,0.0,3296.0,0.0,0.0,1850.0,0.0,1446.0,
3349,1000508464,固定塊;轉軸;內;20#;170.1x99x17T;;PL210K;,EA,0.0,4.0,0.0,0.0,0.0,0.0,4.0,
3350,1000508545,腳踏管;;φ31.8x3.0tx390L;;;Q195;PL50K,EA,0.0,194.0,0.0,0.0,14.0,0.0,180.0,
3351,1000508581,連接片;固定;外;SPHC;190x95x34.8x6.0T;;PL50K;,EA,0.0,409.0,0.0,0.0,104.0,0.0,305.0,
3352,1000508625,套筒;桿端軸承;;20#;鍍白鋅;PL50K;Φ18.0x55L;,EA,0.0,399.0,0.0,0.0,104.0,0.0,295.0,122/123=điều chỉnh; chênh lệch=50.00
3353,1000508668,心軸;凸輪;;20#;;PL50K;φ50.8X98L;,EA,0.0,775.0,0.0,0.0,416.0,0.0,359.0,
3354,1000508772,連接管;;Φ31.8x3.0tx585L;;;Q195;PL50K,EA,0.0,818.0,0.0,0.0,208.0,0.0,610.0,
3355,1000508776,固定管;;Φ50.3x3.0tx984L;;;Q195;PL50K,EA,0.0,409.0,0.0,0.0,104.0,0.0,305.0,
3356,1000508960,止擋桿;;;20CrMo;;PL211K;;,EA,0.0,36.0,0.0,0.0,0.0,0.0,36.0,
3357,1000508972,外紙箱;含印刷;;;;PL50K,EA,0.0,126.0,0.0,0.0,103.0,0.0,23.0,
3358,1000509050,外紙箱;含印刷;;1770x1150x400;PL220K;,EA,0.0,274.0,0.0,0.0,257.0,0.0,17.0,
3359,1000509263,支撐管;轉臂;φ50x100x3.0tx1197L;;;STK41;PL09K,EA,0.0,18.0,0.0,0.0,0.0,0.0,18.0,
3360,1000509270,貼地桿;;φ50x120x3.0tx1300L;左;;STK41;PL09K,EA,0.0,9.0,0.0,0.0,0.0,0.0,9.0,
3361,1000509272,貼地桿;;φ50x120x3.0tx1300L;右;;STK41;PL09K,EA,0.0,9.0,0.0,0.0,0.0,0.0,9.0,
3362,1000509745,外紙箱;含印刷;;650x360x335;PL50K;B包,EA,0.0,129.0,0.0,0.0,104.0,0.0,25.0,
3363,1000509831,五金零件組;半成品;;;;;PL09K;,EA,0.0,9.0,0.0,0.0,0.0,0.0,9.0,
3364,1000509832,外紙箱;含印刷;;1260x1040x660;;PL09K,EA,0.0,9.0,0.0,0.0,0.0,0.0,9.0,
3365,1000509866,固定塊;轉軸;;20#;車架組;159.5x86x17;;PL211K;,EA,0.0,476.0,0.0,0.0,0.0,0.0,476.0,
3366,1000510187,管;橢圓型;STK400;Φ50.0xΦ150.0x3.0Tx5800;;,EA,0.0,50.0,0.0,0.0,32.239999999999995,0.0,17.76,
3367,1000510258,包裝附件組;;;;;FW336K,EA,0.0,958.0,0.0,0.0,925.0,0.0,33.0,
3368,1000510259,珍珠棉;;;;;FW336K,EA,0.0,789.0,0.0,0.0,742.0,0.0,47.0,chênh lệch=183.00
3369,1000510480,支撐管;;Φ50.0x120.0x3.0Tx1200;下;;Q195;,EA,0.0,562.0,0.0,0.0,362.0,0.0,200.0,
3370,1000510481,貼地桿;;φ50.0x120.0x3.0Tx673L;下;;Q195;,EA,0.0,562.0,0.0,0.0,362.0,0.0,200.0,
3371,1000510683,固定座;;;;;;PL700-KM;鍍鉻;100x50x5.0t,EA,0.0,1.0,0.0,0.0,0.0,0.0,1.0,
3372,1000515238,警告貼標;車架;;;PC;;英文;FW336K,EA,0.0,723.0,0.0,0.0,150.0,0.0,573.0,
3373,1000515596,調整座;升降調整;;SPHC;29.5x25x10.0t;;PL218;,EA,0.0,2.0,0.0,0.0,0.0,0.0,2.0,
3374,1000515660,旋轉軸;輔助選擇片;;SUS304;;GM111F;Φ15X191.5L;,EA,0.0,3954.0,0.0,0.0,2165.0,0.0,1789.0,chênh lệch=40.00
3375,1000516077,警告貼標組;;;;;多國語言;FW336K;,EA,0.0,1068.0,0.0,0.0,769.0,0.0,299.0,chênh lệch=1000.00; tồn điều chỉnh (Đã nhập kho nhưng chưa khai báo): delta=-1000
3376,1000516082,警告貼標;車架;;;PC;;西班牙文;FW336K,EA,0.0,506.0,0.0,0.0,9.0,0.0,497.0,
3377,1000516101,警告貼標組;;;;;多國語言;PL08K;,EA,0.0,686.0,0.0,0.0,349.0,0.0,337.0,chênh lệch=17.00
3378,1000516654,套管;調整組-GM;Φ78x4.0tx319.7L;;;Q195;FW527；打,EA,0.0,139.0,0.0,0.0,131.0,0.0,8.0,
3379,1000516722,包裝附件組;;;;;PL220K-KM,EA,0.0,258.0,0.0,0.0,257.0,0.0,1.0,
3380,1000516723,三合板;;;;;PL220K-KM,EA,0.0,258.0,0.0,0.0,240.0,0.0,18.0,chênh lệch=17.00
3381,1000516730,包裝附件組;;;;;PL50K,EA,0.0,128.0,0.0,0.0,103.0,0.0,25.0,
3382,1000516731,膠合板;;;;;PL218K-KM,EA,0.0,2.0,0.0,0.0,0.0,0.0,2.0,
3383,1000516733,珍珠棉;;;;;PL218K-KM,EA,0.0,1.0,0.0,0.0,0.0,0.0,1.0,
3384,1000516734,膠合板;;;;;PL50K,EA,0.0,108.0,0.0,0.0,103.0,0.0,5.0,
3385,1000516736,珍珠棉;;;;PL50K;,EA,0.0,116.0,0.0,0.0,103.0,0.0,13.0,
3386,1000516757,塑膠袋組;;;;;PL50K,EA,0.0,116.0,0.0,0.0,103.0,0.0,13.0,
3387,1000516771,珍珠棉;;;;300x300x5T;PL08K-KM,EA,0.0,2801.0,0.0,0.0,2728.0,0.0,73.0,chênh lệch=5496.00
3388,1000516945,塑膠袋組;;;;;PL09K-KM,EA,0.0,9.0,0.0,0.0,0.0,0.0,9.0,
3389,1000516949,包裝附件組;;;;;PL09K-KM,EA,0.0,9.0,0.0,0.0,0.0,0.0,9.0,
3390,1000516950,膠合板;外紙箱;;650x600x8.0;側面;PL09K,EA,0.0,18.0,0.0,0.0,0.0,0.0,18.0,
3391,1000516957,間隔環;;;20#;鍍鋅;MS24D;φ15x5;,EA,0.0,600.0,0.0,0.0,20.0,0.0,580.0,
3392,1000517096,拉銷組;組裝;;選擇片;GM111H;;,EA,0.0,32.0,0.0,0.0,30.0,0.0,2.0,
3393,1000517102,塑膠蓋;頭墊;下;ABS 746;黑色/Black C;;GM121H;,EA,0.0,66.0,0.0,0.0,13.0,0.0,53.0,
3394,1000517105,滑輪護蓋;基座;大;ABS/PA757;黑色/Black C;Φ140x15L;,EA,0.0,503.0,0.0,0.0,37.0,0.0,466.0,
3395,1000517106,端塞;;;EPDM;黑色/Black C;Φ50x150x3T;GM121H;,EA,0.0,26.0,0.0,0.0,19.0,0.0,7.0,
3396,1000517107,滑輪護蓋;基座;小;ABS/PA757;黑色/Black C;;GM121H;,EA,0.0,546.0,0.0,0.0,111.0,0.0,435.0,
3397,1000517108,掛勾;主基管;;TPU1;黑色/Black C;毛巾勾;GM113H;,EA,0.0,139.0,0.0,0.0,31.0,0.0,108.0,
3398,1000517136,護蓋;座椅;上;ABS/PA757;黑色/Black C;;GM121H;,EA,0.0,62.0,0.0,0.0,10.0,0.0,52.0,
3399,1000517138,護蓋;滑輪;中;ABS/PA757;黑色/Black C;;GM111H;,EA,0.0,16.0,0.0,0.0,12.0,0.0,4.0,
3400,1000517140,塑膠蓋;背墊;;ABS/PA757;黑色/Black C;;GM121H;,EA,0.0,136.0,0.0,0.0,26.0,0.0,110.0,
3401,1000517212,使用說明貼標;護蓋;;;PVC;前下;英文;GM115H,EA,0.0,1.0,0.0,0.0,1.0,0.0,0.0,
3402,1000517213,使用說明貼標;護蓋;;;PVC;後下;英文;GM115H,EA,0.0,1.0,0.0,0.0,1.0,0.0,0.0,
3403,1000517272,軸承套;;;ABS/PA757;黑色/Black C;φ55x8;GM117H;,EA,0.0,50.0,0.0,0.0,27.0,0.0,23.0,
3404,1000517273,端塞;;;EPDM;黑色/Black C;Φ50x120x3T;GM117H;,EA,0.0,185.0,0.0,0.0,60.0,0.0,125.0,
3405,1000517274,位置指示器;;;ABS;黑色/Black C;;GM113H;,EA,0.0,13.0,0.0,0.0,6.0,0.0,7.0,
3406,1000517275,調整板;座椅;GM117H;;電鍍後烤漆;ZG20;雾黑/MATTE BLACK,EA,0.0,114.0,0.0,0.0,12.0,0.0,102.0,
3407,1000517292,護蓋板;背蓋;;ABS/PA746;黑色/Black C;;GM231H;,EA,0.0,104.0,0.0,0.0,4.0,0.0,100.0,
3408,1000517293,接頭;插銷;;LDPE;板岩灰;;GM115H;,EA,0.0,2.0,0.0,0.0,2.0,0.0,0.0,
3409,1000517294,護蓋;;上;ABS/PA757;黑色/Black C;;GM125H;,EA,0.0,52.0,0.0,0.0,2.0,0.0,50.0,
3410,1000517295,護蓋;;下;ABS/PA757;黑色/Black C;;GM125H;,EA,0.0,52.0,0.0,0.0,2.0,0.0,50.0,
3411,1000517299,握把;調整把手;下;ABS;;;GM113H;銀色啞光,EA,0.0,84.0,0.0,0.0,23.0,0.0,61.0,
3412,1000517303,握把;調整把手;上;ABS;;;GM113H;銀色啞光,EA,0.0,84.0,0.0,0.0,23.0,0.0,61.0,
3413,1000517311,管端塞;;;EPDM;黑色/Black C;φ50.5x100;GM118H;,EA,0.0,702.0,0.0,0.0,395.0,0.0,307.0,
3414,1000517314,止擋膠套;連接軸;;ABS/PA757;黑色/Black C;;GM117H;,EA,0.0,20.0,0.0,0.0,20.0,0.0,0.0,
3415,1000517320,配重塊;;10.4KG;;黑色沙紋漆;HT200;GM129H,EA,0.0,7.0,0.0,0.0,2.0,0.0,5.0,
3416,1000517326,配重塊;;14.5KG;;;HT200;黑色/Black C；GM126H,EA,0.0,5.0,0.0,0.0,5.0,0.0,0.0,
3417,1000517341,端蓋;基座;左右;TPU1;黑色/Black C;;GM114H;,EA,0.0,233.0,0.0,0.0,29.0,0.0,204.0,
3418,1000517342,端塞;基座;後;PP;黑色/Black C;;GM114H;,EA,0.0,216.0,0.0,0.0,14.0,0.0,202.0,
3419,1000517349,墊子組;半成品;;午夜黑;Onyx;;GM117H;B包,EA,0.0,14.0,0.0,0.0,6.0,0.0,8.0,
3420,1000517355,墊子組;半成品;;午夜黑;Onyx;;GM115H;B包,EA,0.0,2.0,0.0,0.0,2.0,0.0,0.0,
3421,1000517362,塑膠蓋;;;ABS;黑色/Black C;;GM122H;,EA,0.0,14.0,0.0,0.0,4.0,0.0,10.0,
3422,1000517383,選擇片貼標;選擇片;20LBS;;PC;;;GM263,EA,0.0,170.0,0.0,0.0,34.0,0.0,136.0,
3423,1000517385,上層選擇片貼標;選擇片;40LBS;;PC;;;GM263,EA,0.0,170.0,0.0,0.0,23.0,0.0,147.0,
3424,1000517386,上層選擇片貼標;選擇片;40LBS;;PC;;;GM264,EA,0.0,11.0,0.0,0.0,11.0,0.0,0.0,
3425,1000517393,塑膠環;;;ABS/PA757;黑色/Black C;Ф146;GM114H;,EA,0.0,150.0,0.0,0.0,37.0,0.0,113.0,
3426,1000517400,墊子組;半成品;;午夜黑;Onyx;;GM126H;B包,EA,0.0,2.0,0.0,0.0,2.0,0.0,0.0,
3427,1000517458,使用說明貼標;護蓋;;;PVC;前下;英文;GM118H,EA,0.0,8.0,0.0,0.0,5.0,0.0,3.0,
3428,1000517459,使用說明貼標;護蓋;;;PVC;後下;英文;GM118H,EA,0.0,8.0,0.0,0.0,5.0,0.0,3.0,
3429,1000517463,使用說明貼標;護蓋;;;PVC;前下;英文;GM126H,EA,0.0,2.0,0.0,0.0,2.0,0.0,0.0,
3430,1000517464,使用說明貼標;護蓋;;;PVC;後下;英文;GM126H,EA,0.0,2.0,0.0,0.0,2.0,0.0,0.0,
3431,1000517544,彈簧銷;;Φ8x70L;;;,EA,0.0,10.0,0.0,0.0,0.0,0.0,10.0,
3432,1000517574,使用說明貼標;護蓋;指導圖;;PVC;前下;;GM113H,EA,0.0,2.0,0.0,0.0,2.0,0.0,0.0,
3433,1000517575,使用說明貼標;護蓋;指導圖;;PVC;後下;;GM113H,EA,0.0,2.0,0.0,0.0,2.0,0.0,0.0,
3434,1000517583,跑步帶;554x3330x2.4T;FORBO CN 909089;;;;;;N,EA,0.0,3300.0,0.0,0.0,3003.0,0.0,297.0,
3435,1000517588,墊子組;半成品;;午夜黑;Onyx;;GM113H;B包,EA,0.0,2.0,0.0,0.0,0.0,0.0,2.0,
3436,1000517618,快速按鍵;;左內;;;PA66(137C)+硅膠(黑);TM538;,EA,0.0,10003.0,0.0,0.0,6944.0,0.0,3059.0,
3437,1000517620,快速按鍵;;右內;;;PA66(137C)+硅膠(黑);TM538;,EA,0.0,10003.0,0.0,0.0,6933.0,0.0,3070.0,
3438,1000517629,支撐管;升降腳架;口30x30x1.5Tx135.4L;;;STK400;TM7,EA,0.0,1000.0,0.0,0.0,1000.0,0.0,0.0,FIFO
3439,1000517647,背墊管;;Φ50xΦ100x3.0tx1800L;;;Q195;PL50K,EA,0.0,97.0,0.0,0.0,47.0,0.0,50.0,
3440,1000517727,固定片;滑輪;下;SPHC;176x171x3.0T;;GM263;,EA,0.0,270.0,0.0,0.0,35.0,0.0,235.0,
3441,1000517728,補強片;滑輪;;SPHC;84.1x49.9x4.0t;;GM263;,EA,0.0,170.0,0.0,0.0,34.0,0.0,136.0,
3442,1000518375,套管;座椅;φ65.0x124;內;;Q195;PL210K,EA,0.0,546.0,0.0,0.0,345.0,0.0,201.0,
3443,1000518519,握把組-加工;;;浸塑;;FW535;,EA,0.0,508.0,0.0,0.0,312.0,0.0,196.0,
3444,1000518543,塑膠袋組;;;;;PL220K-KM,EA,0.0,239.0,0.0,0.0,239.0,0.0,0.0,FIFO; chênh lệch=300.00
3445,1000519174,指示貼標;座椅調整管;55X20mm;;PC;左;;GM111H,EA,0.0,64.0,0.0,0.0,10.0,0.0,54.0,
3446,1000519175,規格貼標;座椅調整管;55X20mm;;PC;右;;GM111H,EA,0.0,62.0,0.0,0.0,10.0,0.0,52.0,
3447,1000519312,貼標;背墊調節;;;PC;;;GM119H,EA,0.0,7.0,0.0,0.0,2.0,0.0,5.0,
3448,1000519313,貼標;擺臂調整;;;PC;;;GM119H,EA,0.0,7.0,0.0,0.0,2.0,0.0,5.0,
3449,1000519314,貼標;腿墊調整;;;PC;;;GM119H,EA,0.0,7.0,0.0,0.0,2.0,0.0,5.0,
3450,1000519315,貼標;壓腿墊;調整;;PC;;;GM119H,EA,0.0,7.0,0.0,0.0,2.0,0.0,5.0,
3451,1000519316,指示貼標;把手;;;PC;;;GM119H,EA,0.0,7.0,0.0,0.0,2.0,0.0,5.0,
3452,1000519320,使用說明貼標;護蓋;;;PVC;前下;英文;GM119H,EA,0.0,7.0,0.0,0.0,2.0,0.0,5.0,
3453,1000519321,使用說明貼標;護蓋;;;PVC;後下;英文;GM119H,EA,0.0,7.0,0.0,0.0,2.0,0.0,5.0,
3454,1000519324,護蓋;輔助選擇片;上;ABS;黑色/Black C;;GM111H;,EA,0.0,27.0,0.0,0.0,27.0,0.0,0.0,
3455,1000519330,墊子組;半成品;;午夜黑;Onyx;;GM119H;B包,EA,0.0,2.0,0.0,0.0,2.0,0.0,0.0,
3456,1000519410,貼標;背墊調節;;;PC;;;GM113H,EA,0.0,6.0,0.0,0.0,2.0,0.0,4.0,
3457,1000519589,指示貼標;背墊調節;15x165L;;PC;;;GM118H,EA,0.0,8.0,0.0,0.0,5.0,0.0,3.0,
3458,1000519613,使用說明貼標;護蓋;;;PVC;前上;英文;GM118H,EA,0.0,8.0,0.0,0.0,5.0,0.0,3.0,
3459,1000519614,使用說明貼標;護蓋;;;PVC;後上;英文;GM118H,EA,0.0,8.0,0.0,0.0,5.0,0.0,3.0,
3460,1000519619,使用說明貼標;護蓋;多國語言;;PVC;前上;;GM118H,EA,0.0,8.0,0.0,0.0,5.0,0.0,3.0,
3461,1000519620,使用說明貼標;護蓋;多國語言;;PVC;後上;;GM118H,EA,0.0,8.0,0.0,0.0,5.0,0.0,3.0,
3462,1000519741,使用說明貼標;護蓋;;;PVC;後上;英文;GM126H,EA,0.0,2.0,0.0,0.0,2.0,0.0,0.0,
3463,1000519746,使用說明貼標;護蓋;多國語言;;PVC;前上;;GM126H,EA,0.0,2.0,0.0,0.0,2.0,0.0,0.0,
3464,1000519747,使用說明貼標;護蓋;多國語言;;PVC;後上;;GM126H,EA,0.0,2.0,0.0,0.0,2.0,0.0,0.0,
3465,1000519999,使用說明貼標;護蓋;多國語言;;PVC;前上;;GM119H,EA,0.0,2.0,0.0,0.0,2.0,0.0,0.0,
3466,1000520000,使用說明貼標;護蓋;多國語言;;PVC;後上;;GM119H,EA,0.0,7.0,0.0,0.0,2.0,0.0,5.0,
3467,1000520002,使用說明貼標;護蓋;;;PVC;前上;英文;GM119H,EA,0.0,7.0,0.0,0.0,2.0,0.0,5.0,
3468,1000520003,使用說明貼標;護蓋;;;PVC;後上;英文;GM119H,EA,0.0,7.0,0.0,0.0,2.0,0.0,5.0,
3469,1000520204,選擇片貼標;選擇片;10LBS;;PC;;;GM113H,EA,0.0,27.0,0.0,0.0,20.0,0.0,7.0,
3470,1000520205,上層選擇片貼標;選擇片;10LBS;;PC;;;GM113H,EA,0.0,179.0,0.0,0.0,28.0,0.0,151.0,
3471,1000520207,選擇片貼標;選擇片;10LBS;;PC;;;GM125H,EA,0.0,52.0,0.0,0.0,2.0,0.0,50.0,
3472,1000520213,使用說明貼標;護蓋;;;PVC;前上;英文;GM113H,EA,0.0,6.0,0.0,0.0,2.0,0.0,4.0,
3473,1000520214,使用說明貼標;護蓋;;;PVC;後上;英文;GM113H,EA,0.0,6.0,0.0,0.0,2.0,0.0,4.0,
3474,1000520279,貼標;轉臂;;;PC;;;GM113H,EA,0.0,6.0,0.0,0.0,2.0,0.0,4.0,
3475,1000520289,使用說明貼標;護蓋;多國語言;;PVC;前上;;GM113H,EA,0.0,6.0,0.0,0.0,2.0,0.0,4.0,
3476,1000520290,使用說明貼標;護蓋;多國語言;;PVC;後上;;GM113H,EA,0.0,2.0,0.0,0.0,2.0,0.0,0.0,
3477,1000520293,選擇片貼標;選擇片;20LBS;;PC;;;GM114H,EA,0.0,58.0,0.0,0.0,7.0,0.0,51.0,
3478,1000520294,上層選擇片貼標;選擇片;20LBS;;PC;;;GM114H,EA,0.0,58.0,0.0,0.0,7.0,0.0,51.0,
3479,1000520306,使用說明貼標;護蓋;;;PVC;前下;;GM125H,EA,0.0,52.0,0.0,0.0,2.0,0.0,50.0,
3480,1000520307,使用說明貼標;護蓋;;;PVC;後下;;GM125H,EA,0.0,52.0,0.0,0.0,2.0,0.0,50.0,
3481,1000520313,使用說明貼標;護蓋;;;PVC;前上;英文;GM125H,EA,0.0,52.0,0.0,0.0,2.0,0.0,50.0,
3482,1000520314,護蓋;;後;ABS PA-758;黑色;;GM111H;,EA,0.0,119.0,0.0,0.0,31.0,0.0,88.0,
3483,1000520315,使用說明貼標;護蓋;;;PVC;後上;英文;GM125H,EA,0.0,52.0,0.0,0.0,2.0,0.0,50.0,
3484,1000520320,護蓋;;左前;ABS PA-758;黑色;;GM111H;,EA,0.0,143.0,0.0,0.0,31.0,0.0,112.0,
3485,1000520321,護蓋;;右前;ABS PA-758;黑色;;GM111H;,EA,0.0,143.0,0.0,0.0,31.0,0.0,112.0,
3486,1000520325,使用說明貼標;護蓋;多國語言;;PVC;前上;;GM125H,EA,0.0,52.0,0.0,0.0,2.0,0.0,50.0,
3487,1000520326,使用說明貼標;護蓋;多國語言;;PVC;後上;;GM125H,EA,0.0,52.0,0.0,0.0,2.0,0.0,50.0,
3488,1000520332,墊子組;半成品;;午夜黑;Onyx;;GM125H;B包,EA,0.0,52.0,0.0,0.0,2.0,0.0,50.0,
3489,1000520363,貼標;凸輪調整;;;PC;;;GM115H,EA,0.0,1.0,0.0,0.0,1.0,0.0,0.0,
3490,1000520365,使用說明貼標;護蓋;;;PVC;前上;英文;GM115H,EA,0.0,1.0,0.0,0.0,1.0,0.0,0.0,
3491,1000520366,使用說明貼標;護蓋;;;PVC;後上;英文;GM115H,EA,0.0,1.0,0.0,0.0,1.0,0.0,0.0,
3492,1000520371,使用說明貼標;護蓋;多國語言;;PVC;前上;;GM115H,EA,0.0,1.0,0.0,0.0,1.0,0.0,0.0,
3493,1000520372,使用說明貼標;護蓋;多國語言;;PVC;後上;;GM115H,EA,0.0,1.0,0.0,0.0,1.0,0.0,0.0,
3494,1000520406,使用說明貼標;護蓋;;;PVC;前下;;GM120H,EA,0.0,1.0,0.0,0.0,1.0,0.0,0.0,
3495,1000520407,使用說明貼標;護蓋;;;PVC;後下;;GM120H,EA,0.0,1.0,0.0,0.0,1.0,0.0,0.0,
3496,1000520410,使用說明貼標;護蓋;;;PVC;前上;英文;GM120H,EA,0.0,1.0,0.0,0.0,1.0,0.0,0.0,
3497,1000520411,使用說明貼標;護蓋;;;PVC;後上;英文;GM120H,EA,0.0,1.0,0.0,0.0,1.0,0.0,0.0,
3498,1000520419,使用說明貼標;護蓋;多國語言;;PVC;前上;;GM120H,EA,0.0,1.0,0.0,0.0,1.0,0.0,0.0,
3499,1000520420,使用說明貼標;護蓋;多國語言;;PVC;後上;;GM120H,EA,0.0,1.0,0.0,0.0,1.0,0.0,0.0,
3500,1000520673,貼標;凸輪調整;;;PC;;;GM120H,EA,0.0,1.0,0.0,0.0,1.0,0.0,0.0,
3501,1000520690,指示貼標;ROM 調節;SEAT ADJ;;PC;;;GM114H,EA,0.0,58.0,0.0,0.0,7.0,0.0,51.0,
3502,1000520691,指示貼標;座椅調整管;25x25;;PC;;;GM114H,EA,0.0,58.0,0.0,0.0,7.0,0.0,51.0,
3503,1000520703,使用說明貼標;護蓋;;;PVC;前下;;GM114H,EA,0.0,58.0,0.0,0.0,7.0,0.0,51.0,
3504,1000520705,使用說明貼標;護蓋;;;PVC;後下;;GM114H,EA,0.0,58.0,0.0,0.0,7.0,0.0,51.0,
3505,1000520709,使用說明貼標;護蓋;;;PVC;前上;英文;GM114H,EA,0.0,58.0,0.0,0.0,7.0,0.0,51.0,
3506,1000520710,使用說明貼標;護蓋;;;PVC;後上;英文;GM114H,EA,0.0,58.0,0.0,0.0,7.0,0.0,51.0,
3507,1000520714,使用說明貼標;護蓋;多國語言;;PVC;前上;;GM114H,EA,0.0,53.0,0.0,0.0,7.0,0.0,46.0,
3508,1000520715,使用說明貼標;護蓋;多國語言;;PVC;後上;;GM114H,EA,0.0,53.0,0.0,0.0,7.0,0.0,46.0,
3509,1000520720,墊子組;半成品;;午夜黑;Onyx;;GM114H;B包,EA,0.0,53.0,0.0,0.0,7.0,0.0,46.0,
3510,1000520752,使用說明貼標;護蓋;指導圖;;PVC;前下;;GM124H,EA,0.0,2.0,0.0,0.0,2.0,0.0,0.0,
3511,1000520753,使用說明貼標;護蓋;指導圖;;PVC;後下;;GM124H,EA,0.0,1.0,0.0,0.0,1.0,0.0,0.0,
3512,1000520755,使用說明貼標;護蓋;;;PVC;前上;英文;GM124H,EA,0.0,2.0,0.0,0.0,2.0,0.0,0.0,
3513,1000520756,使用說明貼標;護蓋;;;PVC;後上;英文;GM124H,EA,0.0,2.0,0.0,0.0,2.0,0.0,0.0,
3514,1000520761,使用說明貼標;護蓋;多國語言;;PVC;前上;;GM124H,EA,0.0,2.0,0.0,0.0,2.0,0.0,0.0,
3515,1000520780,墊子組;半成品;;午夜黑;Onyx;;GM124H;B包,EA,0.0,2.0,0.0,0.0,2.0,0.0,0.0,
3516,1000520906,五金零件組;半成品;;;;;PL700-KM;,EA,0.0,1.0,0.0,0.0,0.0,0.0,1.0,
3517,1000520938,腳墊;調整;;;;M12x57H;GM127D;出星球機種用,EA,0.0,2427.0,0.0,0.0,1105.0,0.0,1322.0,
3518,1000521029,膠合板;;;1200x920x5;;PL09K,EA,0.0,9.0,0.0,0.0,0.0,0.0,9.0,
3519,1000521111,包裝附件組;;;;;TM747K,EA,0.0,6667.0,0.0,0.0,6667.0,0.0,0.0,
3520,1000521170,使用說明貼標;護蓋;;;PVC;前上;英文;GM126H,EA,0.0,2.0,0.0,0.0,2.0,0.0,0.0,
3521,1000521211,端蓋;;;20#;鍍鉻;GM117H;;,EA,0.0,2.0,0.0,0.0,2.0,0.0,0.0,
3522,1000521284,端蓋;基座;小;20#;鍍鉻;GM113H;;,EA,0.0,6.0,0.0,0.0,2.0,0.0,4.0,
3523,1000521290,調整拉銷;;;20#;鍍鉻;GM125H;;把柄,EA,0.0,52.0,0.0,0.0,2.0,0.0,50.0,
3524,1000521387,軸承;乾式;升降馬達;下;Ф10xФ12x13L;;TM780K,EA,0.0,23806.0,0.0,0.0,14366.0,0.0,9440.0,
3525,1000521409,指示貼標;凸輪調整;221.0x79.0mm;;PC;左;;GM125H,EA,0.0,52.0,0.0,0.0,2.0,0.0,50.0,
3526,1000521410,指示貼標;凸輪調整;221.0X79.0;;PC;右;;GM125H,EA,0.0,52.0,0.0,0.0,2.0,0.0,50.0,
3527,1000521411,指示貼標;ROM 調節;55x6mm;;PC;;;GM125H,EA,0.0,52.0,0.0,0.0,2.0,0.0,50.0,
3528,1000521527,管;長方型;STKR400;□40.0X120.0X2.0TX5800;;,EA,0.0,7136.0,0.0,0.0,6986.0,0.0,150.0,
3529,1000521528,孔塞;螺帽;;;黑色;Φ16xΦ9.8x22L;GM111;,EA,0.0,16502.0,0.0,0.0,9838.0,0.0,6664.0,chênh lệch=320.00
3530,1000521940,掛棒桿;;;;鍍鉻;PL700;Φ50xΦ40x495L;,EA,0.0,1.0,0.0,0.0,0.0,0.0,1.0,
3531,1000522061,主基管;車架;□40x120x2.0Tx1921;左;;STK400;TM747,EA,0.0,10.0,0.0,0.0,10.0,0.0,0.0,FIFO
3532,1000522062,主基管;車架;□40x120x2.0Tx1921;右;;STK400;TM747,EA,0.0,7.0,0.0,0.0,7.0,0.0,0.0,FIFO
3533,1000522088,三合板;;;;;TM747K,EA,0.0,4563.0,0.0,0.0,4230.0,0.0,333.0,
3534,1000523069,警告貼標組;;;;;多國語言;FW535-US;,EA,0.0,629.0,0.0,0.0,150.0,0.0,479.0,
3535,1000523484,鐵粉蕊;夾式;S030016;;SCUF-100方;;,EA,0.0,38000.0,0.0,0.0,25218.0,0.0,12782.0,
3536,1000523485,鐵粉蕊;;S030021;;SCUF-130方;ShengCiTong;;;,EA,0.0,25106.0,0.0,0.0,6933.0,0.0,18173.0,
3537,1000523505,鐵粉蕊;鋅錳;T31*19*15C S2;;S050074;ShengCiTon,EA,0.0,23000.0,0.0,0.0,7188.0,0.0,15812.0,
3538,1000523552,掛勾組;輔助選擇片;;烤漆;;霧黑(Black Matte);GM111K;,EA,0.0,80.0,0.0,0.0,0.0,0.0,80.0,thử khuôn/chưa nhập kho→tồn kho; tồn điều chỉnh (vật liệu thử khuôn.): delta=+80
3539,1000523554,固定片;滑輪;;烤漆;;;GM118K;PU噴塗,EA,0.0,60.0,0.0,0.0,0.0,0.0,60.0,thử khuôn/chưa nhập kho→tồn kho; tồn điều chỉnh (vật liệu thử khuôn.): delta=+60
3540,1000523557,固定片;車架;;SPHC;25x85x2T;;GM111K;,EA,0.0,160.0,0.0,0.0,0.0,0.0,160.0,thử khuôn/chưa nhập kho→tồn kho; tồn điều chỉnh (vật liệu thử khuôn.): delta=+160
3541,1000523558,固定片;護蓋;上;SPHC;174x50x4T;;GM111K;,EA,0.0,80.0,0.0,0.0,0.0,0.0,80.0,thử khuôn/chưa nhập kho→tồn kho; tồn điều chỉnh (vật liệu thử khuôn.): delta=+80
3542,1000523559,支撐片;皮帶輪;上;SPHC;675x150x157.5x3T;;GM111K;,EA,0.0,40.0,0.0,0.0,0.0,0.0,40.0,thử khuôn/chưa nhập kho→tồn kho; tồn điều chỉnh (vật liệu thử khuôn.): delta=+40
3543,1000523560,支撐板;底架;;SPHC;SPHC;224x100x6.0t;;GM111K;,EA,0.0,80.0,0.0,0.0,0.0,0.0,80.0,thử khuôn/chưa nhập kho→tồn kho; tồn điều chỉnh (vật liệu thử khuôn.): delta=+80
3544,1000523561,固定片;腳墊;;SPHC;270x64x5.0t;;GM111K;,EA,0.0,40.0,0.0,0.0,0.0,0.0,40.0,thử khuôn/chưa nhập kho→tồn kho; tồn điều chỉnh (vật liệu thử khuôn.): delta=+40
3545,1000523562,支撐片;滑輪;下;SPHC;181x170x148x3T;;GM111K;,EA,0.0,40.0,0.0,0.0,0.0,0.0,40.0,thử khuôn/chưa nhập kho→tồn kho; tồn điều chỉnh (vật liệu thử khuôn.): delta=+40
3546,1000523563,固定板;護蓋;下;SPHC;212.7x125x1t;;GM111K;,EA,0.0,80.0,0.0,0.0,0.0,0.0,80.0,thử khuôn/chưa nhập kho→tồn kho; tồn điều chỉnh (vật liệu thử khuôn.): delta=+80
3547,1000523565,固定架;護蓋;上;SPHC;128.8x35x11.5x1.0t;;GM113K,EA,0.0,80.0,0.0,0.0,0.0,0.0,80.0,thử khuôn/chưa nhập kho→tồn kho; tồn điều chỉnh (vật liệu thử khuôn.): delta=+80
3548,1000523566,支撐板;車架護蓋;上;SPHC;254x23.0x34.0x3.0t;;GM11,EA,0.0,40.0,0.0,0.0,0.0,0.0,40.0,thử khuôn/chưa nhập kho→tồn kho; tồn điều chỉnh (vật liệu thử khuôn.): delta=+40
3549,1000523567,限位片;基座;;SPHC;96.3x56.5x8.0t;;GM118K;,EA,0.0,60.0,0.0,0.0,0.0,0.0,60.0,thử khuôn/chưa nhập kho→tồn kho; tồn điều chỉnh (vật liệu thử khuôn.): delta=+60
3550,1000523568,固定架;基座;;SPHC;480x293.5x5.0t;;GM118K;,EA,0.0,60.0,0.0,0.0,0.0,0.0,60.0,thử khuôn/chưa nhập kho→tồn kho; tồn điều chỉnh (vật liệu thử khuôn.): delta=+60
3551,1000523570,固定座;彈簧;;SPHC;176x10x6.0t;;GM118K;,EA,0.0,40.0,0.0,0.0,0.0,0.0,40.0,thử khuôn/chưa nhập kho→tồn kho; tồn điều chỉnh (vật liệu thử khuôn.): delta=+40
3552,1000523571,固定片;基座;;SPHC;236x100x6.0t;;GM118K;,EA,0.0,60.0,0.0,0.0,0.0,0.0,60.0,thử khuôn/chưa nhập kho→tồn kho; tồn điều chỉnh (vật liệu thử khuôn.): delta=+60
3553,1000523572,支撐管;腳墊;Φ30.0XΦ60.0X3.0T;;;;GM111K,EA,0.0,80.0,0.0,0.0,0.0,0.0,80.0,thử khuôn/chưa nhập kho→tồn kho; tồn điều chỉnh (vật liệu thử khuôn.): delta=+80
3554,1000523573,基座管;基座;φ50xφ150x3.0tx1963L;;;;GM118K,EA,0.0,40.0,0.0,0.0,0.0,0.0,40.0,thử khuôn/chưa nhập kho→tồn kho; tồn điều chỉnh (vật liệu thử khuôn.): delta=+40
3555,1000523574,座椅管;基座;φ50Xφ120X3.0tX251L;;;;GM118K,EA,0.0,40.0,0.0,0.0,0.0,0.0,40.0,thử khuôn/chưa nhập kho→tồn kho; tồn điều chỉnh (vật liệu thử khuôn.): delta=+40
3556,1000523575,支撐管;基座;Φ50xΦ150x3.0tx343.5L;上;;;GM118K,EA,0.0,40.0,0.0,0.0,0.0,0.0,40.0,thử khuôn/chưa nhập kho→tồn kho; tồn điều chỉnh (vật liệu thử khuôn.): delta=+40
3557,1000523576,支撐管;基座;Φ50xΦ150x3.0tx392.5L;下;;;GM118K,EA,0.0,40.0,0.0,0.0,0.0,0.0,40.0,thử khuôn/chưa nhập kho→tồn kho; tồn điều chỉnh (vật liệu thử khuôn.): delta=+40
3558,1000523577,橫梁管;;□25.0X50.0X3.0TX598.2L;;;;GM118K,EA,0.0,40.0,0.0,0.0,0.0,0.0,40.0,thử khuôn/chưa nhập kho→tồn kho; tồn điều chỉnh (vật liệu thử khuôn.): delta=+40
3559,1000523578,連接片;調整握把;;SPHC;40x66.5x8.0t;;GM118K;,EA,0.0,40.0,0.0,0.0,0.0,0.0,40.0,thử khuôn/chưa nhập kho→tồn kho; tồn điều chỉnh (vật liệu thử khuôn.): delta=+40
3560,1000523579,背墊管;背墊;φ50Xφ120X3.0tX861L;;;;GM118K,EA,0.0,40.0,0.0,0.0,0.0,0.0,40.0,thử khuôn/chưa nhập kho→tồn kho; tồn điều chỉnh (vật liệu thử khuôn.): delta=+40
3561,1000523580,套管;擺臂;Φ62.0xΦ40.0x130L;;;;GM118K,EA,0.0,40.0,0.0,0.0,0.0,0.0,40.0,thử khuôn/chưa nhập kho→tồn kho; tồn điều chỉnh (vật liệu thử khuôn.): delta=+40
3562,1000523581,固定片;滑輪;下;SPHC;343.5x160x3.0T;;GM118K;,EA,0.0,160.0,0.0,0.0,0.0,0.0,160.0,thử khuôn/chưa nhập kho→tồn kho; tồn điều chỉnh (vật liệu thử khuôn.): delta=+160
3563,1000523582,穩定管;連接組-GM;φ50x100x3.0x585.3L;下;;;GM118K,EA,0.0,40.0,0.0,0.0,0.0,0.0,40.0,thử khuôn/chưa nhập kho→tồn kho; tồn điều chỉnh (vật liệu thử khuôn.): delta=+40
3564,1000523583,管;橫跨管;φ50xφ100x3.0x1101.2L;上;;;GM118K,EA,0.0,40.0,0.0,0.0,0.0,0.0,40.0,thử khuôn/chưa nhập kho→tồn kho; tồn điều chỉnh (vật liệu thử khuôn.): delta=+40
3565,1000523584,固定片;擺臂連接座;;SPHC;44x166x6.0t;;GM118K;,EA,0.0,80.0,0.0,0.0,0.0,0.0,80.0,thử khuôn/chưa nhập kho→tồn kho; tồn điều chỉnh (vật liệu thử khuôn.): delta=+80
3566,1000523585,固定片;背墊組;;SPHC;40.5x32x3.0T;;GM118K;,EA,0.0,40.0,0.0,0.0,0.0,0.0,40.0,thử khuôn/chưa nhập kho→tồn kho; tồn điều chỉnh (vật liệu thử khuôn.): delta=+40
3567,1000523586,固定片;擺臂;;SPHC;43.9x51.5x6.0T;;GM118K;,EA,0.0,80.0,0.0,0.0,0.0,0.0,80.0,thử khuôn/chưa nhập kho→tồn kho; tồn điều chỉnh (vật liệu thử khuôn.): delta=+80
3568,1000523587,固定片;凸輪;左;SPHC;Φ160x4.0T;;GM118K;,EA,0.0,40.0,0.0,0.0,0.0,0.0,40.0,thử khuôn/chưa nhập kho→tồn kho; tồn điều chỉnh (vật liệu thử khuôn.): delta=+40
3569,1000523588,固定片;凸輪;;SPHC;Φ160x6.0T;;GM118K;,EA,0.0,40.0,0.0,0.0,0.0,0.0,40.0,thử khuôn/chưa nhập kho→tồn kho; tồn điều chỉnh (vật liệu thử khuôn.): delta=+40
3570,1000523589,軸套;;;20#;;GM114K;φ22X56L;,EA,0.0,360.0,0.0,0.0,0.0,0.0,360.0,thử khuôn/chưa nhập kho→tồn kho; tồn điều chỉnh (vật liệu thử khuôn.): delta=+360
3571,1000523590,固定片;凸輪;;SPHC;Φ155x4.0t;;GM114K;,EA,0.0,40.0,0.0,0.0,0.0,0.0,40.0,thử khuôn/chưa nhập kho→tồn kho; tồn điều chỉnh (vật liệu thử khuôn.): delta=+40
3572,1000523591,固定片;凸輪;;SPHC;45.8x39.5x4.0T;;GM118K;,EA,0.0,40.0,0.0,0.0,0.0,0.0,40.0,thử khuôn/chưa nhập kho→tồn kho; tồn điều chỉnh (vật liệu thử khuôn.): delta=+40
3573,1000523592,固定片;;中下;SPHC;90x54.3x4.0T;;GM114K;,EA,0.0,40.0,0.0,0.0,0.0,0.0,40.0,thử khuôn/chưa nhập kho→tồn kho; tồn điều chỉnh (vật liệu thử khuôn.): delta=+40
3574,1000523593,固定片;凸輪;左;SPHC;Φ155x2.0t;;GM114K;,EA,0.0,80.0,0.0,0.0,0.0,0.0,80.0,thử khuôn/chưa nhập kho→tồn kho; tồn điều chỉnh (vật liệu thử khuôn.): delta=+80
3575,1000523594,套筒;導桿;;20#;;GM118K;Φ14.5xΦ25x85;,EA,0.0,40.0,0.0,0.0,0.0,0.0,40.0,thử khuôn/chưa nhập kho→tồn kho; tồn điều chỉnh (vật liệu thử khuôn.): delta=+40
3576,1000523595,固定片;;外;SPHC;90x54.3x4.0T;;GM114K;,EA,0.0,80.0,0.0,0.0,0.0,0.0,80.0,thử khuôn/chưa nhập kho→tồn kho; tồn điều chỉnh (vật liệu thử khuôn.): delta=+80
3577,1000523596,固定軸;連接桿;;20#;;GM118K;Φ25.4xΦ19x132;,EA,0.0,80.0,0.0,0.0,0.0,0.0,80.0,thử khuôn/chưa nhập kho→tồn kho; tồn điều chỉnh (vật liệu thử khuôn.): delta=+80
3578,1000523597,固定片;滑輪;外;SPHC;174x60x3.0t;;GM111K;,EA,0.0,160.0,0.0,0.0,0.0,0.0,160.0,thử khuôn/chưa nhập kho→tồn kho; tồn điều chỉnh (vật liệu thử khuôn.): delta=+160
3579,1000523598,轉軸;調整握把;;42CrMo;塗防鏽油;GM118K;Φ15.88xΦ10.2,EA,0.0,40.0,0.0,0.0,0.0,0.0,40.0,thử khuôn/chưa nhập kho→tồn kho; tồn điều chỉnh (vật liệu thử khuôn.): delta=+40
3580,1000523600,固定片;連接管;下;SPHC;6.0T;75x190;;GM127K;,EA,0.0,40.0,0.0,0.0,0.0,0.0,40.0,thử khuôn/chưa nhập kho→tồn kho; tồn điều chỉnh (vật liệu thử khuôn.): delta=+40
3581,1000523601,限位軸;調整片;;42CrMo;鍍白鋅;GM118K;Φ16.1xΦ10.2x1,EA,0.0,40.0,0.0,0.0,0.0,0.0,40.0,thử khuôn/chưa nhập kho→tồn kho; tồn điều chỉnh (vật liệu thử khuôn.): delta=+40
3582,1000523602,固定片;連接管;上;SPHC;293.9x205.5x6t;;GM118K;,EA,0.0,40.0,0.0,0.0,0.0,0.0,40.0,thử khuôn/chưa nhập kho→tồn kho; tồn điều chỉnh (vật liệu thử khuôn.): delta=+40
3583,1000523604,固定片;座墊;;SPHC;244.5x170x3.0t;;GM118K;,EA,0.0,40.0,0.0,0.0,0.0,0.0,40.0,thử khuôn/chưa nhập kho→tồn kho; tồn điều chỉnh (vật liệu thử khuôn.): delta=+40
3584,1000523605,軸套;滑輪調整套;;20#;;GM118K;Φ62xΦ40.0x65L;,EA,0.0,80.0,0.0,0.0,0.0,0.0,80.0,thử khuôn/chưa nhập kho→tồn kho; tồn điều chỉnh (vật liệu thử khuôn.): delta=+80
3585,1000523606,鎖緊套管;;;20#;鍍白鋅;GM118K;Φ26.7xΦ20.3x36.5;,EA,0.0,80.0,0.0,0.0,0.0,0.0,80.0,thử khuôn/chưa nhập kho→tồn kho; tồn điều chỉnh (vật liệu thử khuôn.): delta=+80
3586,1000523607,固定片;插銷;;SPHC;126.9x109.9x76x3.0t;;GM118K,EA,0.0,40.0,0.0,0.0,0.0,0.0,40.0,thử khuôn/chưa nhập kho→tồn kho; tồn điều chỉnh (vật liệu thử khuôn.): delta=+40
3587,1000523608,固定片;;中;SPHC;100.6x76x3.0t;;GM118K;,EA,0.0,40.0,0.0,0.0,0.0,0.0,40.0,thử khuôn/chưa nhập kho→tồn kho; tồn điều chỉnh (vật liệu thử khuôn.): delta=+40
3588,1000523611,軸套;鋼索;;20#;;GM118K;Φ22.0x17.3L;,EA,0.0,80.0,0.0,0.0,0.0,0.0,80.0,thử khuôn/chưa nhập kho→tồn kho; tồn điều chỉnh (vật liệu thử khuôn.): delta=+80
3589,1000523615,固定片;固定;;SPHC;5.0T;;GM114K;,EA,0.0,40.0,0.0,0.0,0.0,0.0,40.0,thử khuôn/chưa nhập kho→tồn kho; tồn điều chỉnh (vật liệu thử khuôn.): delta=+40
3590,1000523616,固定軸;連接桿;;20#;;GM118K;;,EA,0.0,80.0,0.0,0.0,0.0,0.0,80.0,thử khuôn/chưa nhập kho→tồn kho; tồn điều chỉnh (vật liệu thử khuôn.): delta=+80
3591,1000523617,固定銷;連接桿;;20#;;GM118K;Φ18xΦ24.2;,EA,0.0,40.0,0.0,0.0,0.0,0.0,40.0,thử khuôn/chưa nhập kho→tồn kho; tồn điều chỉnh (vật liệu thử khuôn.): delta=+40
3592,1000523618,連接片;連接把手;;SPHC;88x76x8.0T;;GM118K;,EA,0.0,40.0,0.0,0.0,0.0,0.0,40.0,thử khuôn/chưa nhập kho→tồn kho; tồn điều chỉnh (vật liệu thử khuôn.): delta=+40
3593,1000523630,支撐板;滑輪支撐片;;SPHC;247x164x6.0t;;GM118K;,EA,0.0,40.0,0.0,0.0,0.0,0.0,40.0,thử khuôn/chưa nhập kho→tồn kho; tồn điều chỉnh (vật liệu thử khuôn.): delta=+40
3594,1000523631,補強片;滑輪;;SPHC;95.0x40.0x4.0T;;GM118K;,EA,0.0,160.0,0.0,0.0,0.0,0.0,160.0,thử khuôn/chưa nhập kho→tồn kho; tồn điều chỉnh (vật liệu thử khuôn.): delta=+160
3595,1000523633,止擋片;背墊調整;;SPHC;40x51x4.0t;;GM118K;,EA,0.0,40.0,0.0,0.0,0.0,0.0,40.0,thử khuôn/chưa nhập kho→tồn kho; tồn điều chỉnh (vật liệu thử khuôn.): delta=+40
3596,1000523634,支撐板;擺臂連接座;;SPHC;224x45x8.0T;;GM118K;,EA,0.0,80.0,0.0,0.0,0.0,0.0,80.0,thử khuôn/chưa nhập kho→tồn kho; tồn điều chỉnh (vật liệu thử khuôn.): delta=+80
3597,1000523635,支撐片;擺臂連接座;;SPHC;255.2x80x6.0t;;GM118K;,EA,0.0,80.0,0.0,0.0,0.0,0.0,80.0,thử khuôn/chưa nhập kho→tồn kho; tồn điều chỉnh (vật liệu thử khuôn.): delta=+80
3598,1000523636,連接板;擺臂連接座;;SPHC;210x240x6.0t;;GM118K;,EA,0.0,40.0,0.0,0.0,0.0,0.0,40.0,thử khuôn/chưa nhập kho→tồn kho; tồn điều chỉnh (vật liệu thử khuôn.): delta=+40
3599,1000523637,連接片;背墊管;;SPHC;271x77.7x6.0T;;GM118K;,EA,0.0,40.0,0.0,0.0,0.0,0.0,40.0,thử khuôn/chưa nhập kho→tồn kho; tồn điều chỉnh (vật liệu thử khuôn.): delta=+40
3600,1000523638,固定板;連接管;右下;SPHC;185x83.0x6.0t;;GM113K;,EA,0.0,40.0,0.0,0.0,0.0,0.0,40.0,thử khuôn/chưa nhập kho→tồn kho; tồn điều chỉnh (vật liệu thử khuôn.): delta=+40
3601,1000523639,連接板;連接管;上;SPHC;460x140x6.0t;;GM118K;,EA,0.0,40.0,0.0,0.0,0.0,0.0,40.0,thử khuôn/chưa nhập kho→tồn kho; tồn điều chỉnh (vật liệu thử khuôn.): delta=+40
3602,1000523640,遮板;凸輪;;SPHC;190x115x3.0T;;GM118K;,EA,0.0,40.0,0.0,0.0,0.0,0.0,40.0,thử khuôn/chưa nhập kho→tồn kho; tồn điều chỉnh (vật liệu thử khuôn.): delta=+40
3603,1000523641,支撐板;座墊;;SPHC;243.6x209.9x2.0t;;GM118K;,EA,0.0,80.0,0.0,0.0,0.0,0.0,80.0,thử khuôn/chưa nhập kho→tồn kho; tồn điều chỉnh (vật liệu thử khuôn.): delta=+80
3604,1000523642,固定架;計數器;;SPHC;285.6x25x2.0t;;GM111K;,EA,0.0,40.0,0.0,0.0,0.0,0.0,40.0,thử khuôn/chưa nhập kho→tồn kho; tồn điều chỉnh (vật liệu thử khuôn.): delta=+40
3605,1000523643,止擋片;感應線;;鍍鋅鋼板;29x9x1T;;GM111K;,EA,0.0,120.0,0.0,0.0,0.0,0.0,120.0,thử khuôn/chưa nhập kho→tồn kho; tồn điều chỉnh (vật liệu thử khuôn.): delta=+120
3606,1000523644,腳踏板;;下;SPHC;629x331x5.0T;;GM118K;,EA,0.0,40.0,0.0,0.0,0.0,0.0,40.0,thử khuôn/chưa nhập kho→tồn kho; tồn điều chỉnh (vật liệu thử khuôn.): delta=+40
3607,1000523661,支撐座-加工;滑輪;;攻牙;;GM111K;熱擠壓攻牙,EA,0.0,40.0,0.0,0.0,0.0,0.0,40.0,thử khuôn/chưa nhập kho→tồn kho; tồn điều chỉnh (vật liệu thử khuôn.): delta=+40
3608,1000523667,掛勾組-加工;輔助選擇片;;鉚接;;GM111K;,EA,0.0,80.0,0.0,0.0,0.0,0.0,80.0,thử khuôn/chưa nhập kho→tồn kho; tồn điều chỉnh (vật liệu thử khuôn.): delta=+80
3609,1000523672,軸套;背墊;;20#;;GM118K;Φ22x53;,EA,0.0,160.0,0.0,0.0,0.0,0.0,160.0,thử khuôn/chưa nhập kho→tồn kho; tồn điều chỉnh (vật liệu thử khuôn.): delta=+160
3610,1000523673,固定軸;凸輪;內;20#;;GM118K;28x24.5L;,EA,0.0,40.0,0.0,0.0,0.0,0.0,40.0,thử khuôn/chưa nhập kho→tồn kho; tồn điều chỉnh (vật liệu thử khuôn.): delta=+40
3611,1000523674,包裝附件組;基座;;;;GM118K-KM,EA,0.0,20.0,0.0,0.0,20.0,0.0,0.0,
3612,1000523677,包裝附件組;車架;;;;GM118K-KM,EA,0.0,280.0,0.0,0.0,280.0,0.0,0.0,chênh lệch=200.00
3613,1000523678,固定片;車架;下;烤漆;;;GM118K;,EA,0.0,80.0,0.0,0.0,80.0,0.0,0.0,FIFO
3614,1000523679,固定片;外框;下;SPHC;79x54x50x4.0T;;GM118K;,EA,0.0,80.0,0.0,0.0,80.0,0.0,0.0,
3615,1000523772,軸套組-加工;擺臂;;鍍白鋅;;GM113K;,EA,0.0,40.0,0.0,0.0,0.0,0.0,40.0,thử khuôn/chưa nhập kho→tồn kho; tồn điều chỉnh (vật liệu thử khuôn.): delta=+40
3616,1000523773,整組-加工;轉軸;;鍍鉻;;GM113K;,EA,0.0,40.0,0.0,0.0,0.0,0.0,40.0,thử khuôn/chưa nhập kho→tồn kho; tồn điều chỉnh (vật liệu thử khuôn.): delta=+40
3617,1000523776,調整座-加工;背墊;;鍍鉻;410.2x311x6.0t;GM113K;,EA,0.0,40.0,0.0,0.0,0.0,0.0,40.0,thử khuôn/chưa nhập kho→tồn kho; tồn điều chỉnh (vật liệu thử khuôn.): delta=+40
3618,1000523803,間隔環-加工;;;鍍鉻;Φ14.48xΦ8.5x6.55T;GM113K-KM;,EA,0.0,80.0,0.0,0.0,0.0,0.0,80.0,thử khuôn/chưa nhập kho→tồn kho; tồn điều chỉnh (vật liệu thử khuôn.): delta=+80
3619,1000523811,止擋片;滑輪;;SPHC;173x31.5x30x3.0t;鍍鉻;GM113K;,EA,0.0,40.0,0.0,0.0,0.0,0.0,40.0,thử khuôn/chưa nhập kho→tồn kho; tồn điều chỉnh (vật liệu thử khuôn.): delta=+40
3620,1000523835,止檔片;凸輪;;SPHC;406.1x254.7x3.0t;;GM113K;,EA,0.0,40.0,0.0,0.0,0.0,0.0,40.0,thử khuôn/chưa nhập kho→tồn kho; tồn điều chỉnh (vật liệu thử khuôn.): delta=+40
3621,1000523838,止檔片;凸輪;;SPHC;Φ160x4.0;;GM113K;,EA,0.0,40.0,0.0,0.0,0.0,0.0,40.0,thử khuôn/chưa nhập kho→tồn kho; tồn điều chỉnh (vật liệu thử khuôn.): delta=+40
3622,1000523839,滑輪片;滑輪;;SPHC;240.0x117.0x32.4x3.0t;;GM11,EA,0.0,40.0,0.0,0.0,0.0,0.0,40.0,thử khuôn/chưa nhập kho→tồn kho; tồn điều chỉnh (vật liệu thử khuôn.): delta=+40
3623,1000523840,鎖固片;滑輪;;SPHC;260.0x140.0x6.0t;;GM113K;,EA,0.0,40.0,0.0,0.0,0.0,0.0,40.0,thử khuôn/chưa nhập kho→tồn kho; tồn điều chỉnh (vật liệu thử khuôn.): delta=+40
3624,1000523843,鎖緊片;凸輪;;SPHC;Φ160x3.0T;;GM113K;,EA,0.0,40.0,0.0,0.0,0.0,0.0,40.0,thử khuôn/chưa nhập kho→tồn kho; tồn điều chỉnh (vật liệu thử khuôn.): delta=+40
3625,1000523844,連接板;腿墊管;二;SPHC;160x65x8.0t;;GM113K;,EA,0.0,40.0,0.0,0.0,0.0,0.0,40.0,thử khuôn/chưa nhập kho→tồn kho; tồn điều chỉnh (vật liệu thử khuôn.): delta=+40
3626,1000523846,止擋片;軸承;;SPHC;∅35.0x5.0T;鍍鉻;GM124K;,EA,0.0,80.0,0.0,0.0,0.0,0.0,80.0,thử khuôn/chưa nhập kho→tồn kho; tồn điều chỉnh (vật liệu thử khuôn.): delta=+80
3627,1000523847,固定片;握管;;SPHC;55x31x58.2x6.0t;;GM113K;,EA,0.0,80.0,0.0,0.0,0.0,0.0,80.0,thử khuôn/chưa nhập kho→tồn kho; tồn điều chỉnh (vật liệu thử khuôn.): delta=+80
3628,1000523849,固定片;座椅;;SPHC;254x50x8.0t;;GM113K;,EA,0.0,40.0,0.0,0.0,0.0,0.0,40.0,thử khuôn/chưa nhập kho→tồn kho; tồn điều chỉnh (vật liệu thử khuôn.): delta=+40
3629,1000523850,止擋塊;;;SPHC;148x10x6.0t;;GM113K;,EA,0.0,40.0,0.0,0.0,0.0,0.0,40.0,thử khuôn/chưa nhập kho→tồn kho; tồn điều chỉnh (vật liệu thử khuôn.): delta=+40
3630,1000523851,固定片;握管;;SPHC;300x55x8.0t;;GM113K;,EA,0.0,40.0,0.0,0.0,0.0,0.0,40.0,thử khuôn/chưa nhập kho→tồn kho; tồn điều chỉnh (vật liệu thử khuôn.): delta=+40
3631,1000523852,固定片;坐墊;前;SPHC;355x50x8.0t;;GM113K;,EA,0.0,40.0,0.0,0.0,0.0,0.0,40.0,thử khuôn/chưa nhập kho→tồn kho; tồn điều chỉnh (vật liệu thử khuôn.): delta=+40
3632,1000523853,固定片;座椅;後;SPHC;254x50x8T;;GM113K;,EA,0.0,40.0,0.0,0.0,0.0,0.0,40.0,thử khuôn/chưa nhập kho→tồn kho; tồn điều chỉnh (vật liệu thử khuôn.): delta=+40
3633,1000523855,調整片;背墊;;SPHC;403.9x247.4x90x3.0t;;GM113K,EA,0.0,40.0,0.0,0.0,0.0,0.0,40.0,thử khuôn/chưa nhập kho→tồn kho; tồn điều chỉnh (vật liệu thử khuôn.): delta=+40
3634,1000523856,固定片;拉銷;;SPHC;80x100x106x5.0t;;GM113K;,EA,0.0,40.0,0.0,0.0,0.0,0.0,40.0,thử khuôn/chưa nhập kho→tồn kho; tồn điều chỉnh (vật liệu thử khuôn.): delta=+40
3635,1000523857,止檔片;凸輪;;SPHC;80x50x33x6.0t;;GM113K;,EA,0.0,40.0,0.0,0.0,0.0,0.0,40.0,thử khuôn/chưa nhập kho→tồn kho; tồn điều chỉnh (vật liệu thử khuôn.): delta=+40
3636,1000523888,連接片;基座;;SPHC;6.0t;;GM113K;,EA,0.0,40.0,0.0,0.0,0.0,0.0,40.0,thử khuôn/chưa nhập kho→tồn kho; tồn điều chỉnh (vật liệu thử khuôn.): delta=+40
3637,1000523889,固定片;護蓋;;SPHC;182x64x6.0t;;GM113K;,EA,0.0,40.0,0.0,0.0,0.0,0.0,40.0,thử khuôn/chưa nhập kho→tồn kho; tồn điều chỉnh (vật liệu thử khuôn.): delta=+40
3638,1000523891,V型片;;;SPHC;98x46x37.7x3.0t;;GM113K;,EA,0.0,40.0,0.0,0.0,0.0,0.0,40.0,thử khuôn/chưa nhập kho→tồn kho; tồn điều chỉnh (vật liệu thử khuôn.): delta=+40
3639,1000523894,支撐管;座管;Φ50xΦ150x3.0tx1050L;下;;;GM113K,EA,0.0,40.0,0.0,0.0,0.0,0.0,40.0,thử khuôn/chưa nhập kho→tồn kho; tồn điều chỉnh (vật liệu thử khuôn.): delta=+40
3640,1000523895,座椅管;座椅;Φ50xΦ120x3.0tx1215L;;;;GM113K,EA,0.0,40.0,0.0,0.0,0.0,0.0,40.0,thử khuôn/chưa nhập kho→tồn kho; tồn điều chỉnh (vật liệu thử khuôn.): delta=+40
3641,1000523897,連接管;座管;Φ50xΦ150x3.0tx329L;;;;GM113K,EA,0.0,40.0,0.0,0.0,0.0,0.0,40.0,thử khuôn/chưa nhập kho→tồn kho; tồn điều chỉnh (vật liệu thử khuôn.): delta=+40
3642,1000523900,支撐管;基座;Φ40.0X80.0X3.0tx115.8L;;;;GM113K,EA,0.0,40.0,0.0,0.0,0.0,0.0,40.0,thử khuôn/chưa nhập kho→tồn kho; tồn điều chỉnh (vật liệu thử khuôn.): delta=+40
3643,1000523901,固定管;背墊;Φ50XΦ120X3.0tX624.5L;;;;GM113K,EA,0.0,40.0,0.0,0.0,0.0,0.0,40.0,thử khuôn/chưa nhập kho→tồn kho; tồn điều chỉnh (vật liệu thử khuôn.): delta=+40
3644,1000523902,支撐管;護蓋;φ50.8x3.0tx222L;;;STK41;GM113K,EA,0.0,40.0,0.0,0.0,0.0,0.0,40.0,thử khuôn/chưa nhập kho→tồn kho; tồn điều chỉnh (vật liệu thử khuôn.): delta=+40
3645,1000523905,支撐管;轉臂;Φ40.0X80.0X3.0X93.5L;;;STK400;GM1,EA,0.0,40.0,0.0,0.0,0.0,0.0,40.0,thử khuôn/chưa nhập kho→tồn kho; tồn điều chỉnh (vật liệu thử khuôn.): delta=+40
3646,1000523906,固定管;;Φ25.4x3.0tx196L;;;STK400;GM113K,EA,0.0,40.0,0.0,0.0,0.0,0.0,40.0,thử khuôn/chưa nhập kho→tồn kho; tồn điều chỉnh (vật liệu thử khuôn.): delta=+40
3647,1000523909,固定管;腿墊;Φ50.8x3.0tx676.5L;;;STK41;GM113K,EA,0.0,40.0,0.0,0.0,0.0,0.0,40.0,thử khuôn/chưa nhập kho→tồn kho; tồn điều chỉnh (vật liệu thử khuôn.): delta=+40
3648,1000523913,握把;;φ25.4x3.0tx1030L;;;;GM113K,EA,0.0,40.0,0.0,0.0,0.0,0.0,40.0,thử khuôn/chưa nhập kho→tồn kho; tồn điều chỉnh (vật liệu thử khuôn.): delta=+40
3649,1000523966,螺絲組;半成品;;;;;GM114K;,EA,0.0,40.0,0.0,0.0,0.0,0.0,40.0,thử khuôn/chưa nhập kho→tồn kho; tồn điều chỉnh (vật liệu thử khuôn.): delta=+40
3650,1000523985,軸承套;轉臂軸;;20#;;GM113K;Φ70x275L;,EA,0.0,40.0,0.0,0.0,0.0,0.0,40.0,thử khuôn/chưa nhập kho→tồn kho; tồn điều chỉnh (vật liệu thử khuôn.): delta=+40
3651,1000523988,軸承套;調整臂;;20#;;GM113K;Φ50.8x105L;,EA,0.0,40.0,0.0,0.0,0.0,0.0,40.0,thử khuôn/chưa nhập kho→tồn kho; tồn điều chỉnh (vật liệu thử khuôn.): delta=+40
3652,1000523990,軸套;擺臂連接桿;;42CrMo;;GM113K;;,EA,0.0,40.0,0.0,0.0,0.0,0.0,40.0,thử khuôn/chưa nhập kho→tồn kho; tồn điều chỉnh (vật liệu thử khuôn.): delta=+40
3653,1000523991,包裝附件組;;;;;GM113K,EA,0.0,20.0,0.0,0.0,20.0,0.0,0.0,
3654,1000524001,止檔片;;;SPHC;50.3x48x27x4.0T;;GM114K;,EA,0.0,40.0,0.0,0.0,0.0,0.0,40.0,thử khuôn/chưa nhập kho→tồn kho; tồn điều chỉnh (vật liệu thử khuôn.): delta=+40
3655,1000524007,管;傳動軸;Φ48xΦ39x794.5L;;;;,EA,0.0,40.0,0.0,0.0,0.0,0.0,40.0,thử khuôn/chưa nhập kho→tồn kho; tồn điều chỉnh (vật liệu thử khuôn.): delta=+40
3656,1000524009,固定片;鋼索頭;;;19.5x19x8T;鍍黑鋅;GM118K;,EA,0.0,80.0,0.0,0.0,0.0,0.0,80.0,thử khuôn/chưa nhập kho→tồn kho; tồn điều chỉnh (vật liệu thử khuôn.): delta=+80
3657,1000524010,連接片;基座;;SPHC;438x132x8T;;GM114K;,EA,0.0,40.0,0.0,0.0,0.0,0.0,40.0,thử khuôn/chưa nhập kho→tồn kho; tồn điều chỉnh (vật liệu thử khuôn.): delta=+40
3658,1000524011,支撐片;基座;;SPHC;494.9x207x84x3T;;GM114K;,EA,0.0,40.0,0.0,0.0,0.0,0.0,40.0,thử khuôn/chưa nhập kho→tồn kho; tồn điều chỉnh (vật liệu thử khuôn.): delta=+40
3659,1000524012,固定片;轉軸;;SPHC;350x227x72x5.0T;;GM114K;,EA,0.0,40.0,0.0,0.0,0.0,0.0,40.0,thử khuôn/chưa nhập kho→tồn kho; tồn điều chỉnh (vật liệu thử khuôn.): delta=+40
3660,1000524013,支架;滑輪;;SPHC;180x31.5x30x3.0T;;GM114K;,EA,0.0,40.0,0.0,0.0,0.0,0.0,40.0,thử khuôn/chưa nhập kho→tồn kho; tồn điều chỉnh (vật liệu thử khuôn.): delta=+40
3661,1000524015,軸套;擺臂;;20#;鍍白鋅;GM118K;Φ13.6xΦ8.3x53.2L;,EA,0.0,40.0,0.0,0.0,0.0,0.0,40.0,thử khuôn/chưa nhập kho→tồn kho; tồn điều chỉnh (vật liệu thử khuôn.): delta=+40
3662,1000524016,腳踏板;;;SPHC;351x342x3.0T;;GM114K;,EA,0.0,40.0,0.0,0.0,0.0,0.0,40.0,thử khuôn/chưa nhập kho→tồn kho; tồn điều chỉnh (vật liệu thử khuôn.): delta=+40
3663,1000524017,止檔片;;;SPHC;Φ46.5x3.0T;;GM114K;鍍鋅,EA,0.0,160.0,0.0,0.0,0.0,0.0,160.0,thử khuôn/chưa nhập kho→tồn kho; tồn điều chỉnh (vật liệu thử khuôn.): delta=+160
3664,1000524021,固定片;連接管;上;SPHC;390x140x6.0T;;GM114K;,EA,0.0,40.0,0.0,0.0,0.0,0.0,40.0,thử khuôn/chưa nhập kho→tồn kho; tồn điều chỉnh (vật liệu thử khuôn.): delta=+40
3665,1000524022,固定片;轉軸;;SPHC;339.2x388.98x6.0T;;GM114K;,EA,0.0,40.0,0.0,0.0,0.0,0.0,40.0,thử khuôn/chưa nhập kho→tồn kho; tồn điều chỉnh (vật liệu thử khuôn.): delta=+40
3666,1000524023,鎖緊片;滑輪;;SPHC;200.5x108.1x3.0T;;GM114K;,EA,0.0,40.0,0.0,0.0,0.0,0.0,40.0,thử khuôn/chưa nhập kho→tồn kho; tồn điều chỉnh (vật liệu thử khuôn.): delta=+40
3667,1000524024,固定片;連接管;下;SPHC;6.0T;;GM121K;,EA,0.0,40.0,0.0,0.0,0.0,0.0,40.0,thử khuôn/chưa nhập kho→tồn kho; tồn điều chỉnh (vật liệu thử khuôn.): delta=+40
3668,1000524025,連接板;;下;SPHC;551.3x181x6.0T;;GM114K;,EA,0.0,40.0,0.0,0.0,0.0,0.0,40.0,thử khuôn/chưa nhập kho→tồn kho; tồn điều chỉnh (vật liệu thử khuôn.): delta=+40
3669,1000524026,連接板;;上;SPHC;500x69x6.0T;;GM114K;,EA,0.0,40.0,0.0,0.0,0.0,0.0,40.0,thử khuôn/chưa nhập kho→tồn kho; tồn điều chỉnh (vật liệu thử khuôn.): delta=+40
3670,1000524028,擋板;;後;SPHC;492.5x188x4.0T;;GM114K;,EA,0.0,40.0,0.0,0.0,0.0,0.0,40.0,thử khuôn/chưa nhập kho→tồn kho; tồn điều chỉnh (vật liệu thử khuôn.): delta=+40
3671,1000524029,固定片;連接;前;SPHC;140x140x6.0T;;GM114K;,EA,0.0,40.0,0.0,0.0,0.0,0.0,40.0,thử khuôn/chưa nhập kho→tồn kho; tồn điều chỉnh (vật liệu thử khuôn.): delta=+40
3672,1000524030,支撐板;;;SPHC;492.5x188x4.0T;;GM114K;,EA,0.0,120.0,0.0,0.0,0.0,0.0,120.0,thử khuôn/chưa nhập kho→tồn kho; tồn điều chỉnh (vật liệu thử khuôn.): delta=+120
3673,1000524031,踏板;腳墊;;SPHC;635.32x612x55.17x6.0T;;GM114,EA,0.0,40.0,0.0,0.0,0.0,0.0,40.0,thử khuôn/chưa nhập kho→tồn kho; tồn điều chỉnh (vật liệu thử khuôn.): delta=+40
3674,1000524032,固定片;護蓋;;SPHC;40x16x24x5.0T;;GM114K;,EA,0.0,160.0,0.0,0.0,0.0,0.0,160.0,thử khuôn/chưa nhập kho→tồn kho; tồn điều chỉnh (vật liệu thử khuôn.): delta=+160
3675,1000524035,固定桿;滑輪;上;20#;;GM118K;Φ26xΦ10x95L;,EA,0.0,40.0,0.0,0.0,0.0,0.0,40.0,thử khuôn/chưa nhập kho→tồn kho; tồn điều chỉnh (vật liệu thử khuôn.): delta=+40
3676,1000524036,固定片;襯套;上;SPHC;228.2x200x61.1x4.0T;;GM114,EA,0.0,40.0,0.0,0.0,0.0,0.0,40.0,thử khuôn/chưa nhập kho→tồn kho; tồn điều chỉnh (vật liệu thử khuôn.): delta=+40
3677,1000524039,固定片;襯套;下;SPHC;200x31x59x3.0T;;GM114K;,EA,0.0,40.0,0.0,0.0,0.0,0.0,40.0,thử khuôn/chưa nhập kho→tồn kho; tồn điều chỉnh (vật liệu thử khuôn.): delta=+40
3678,1000524041,固定片;氣壓棒;;SPHC;200x46x6.0t;;;GM114K;,EA,0.0,40.0,0.0,0.0,0.0,0.0,40.0,thử khuôn/chưa nhập kho→tồn kho; tồn điều chỉnh (vật liệu thử khuôn.): delta=+40
3679,1000524042,止擋塊;;;SPHC;35x15x6.0T;;GM114K;鍍鉻,EA,0.0,40.0,0.0,0.0,0.0,0.0,40.0,thử khuôn/chưa nhập kho→tồn kho; tồn điều chỉnh (vật liệu thử khuôn.): delta=+40
3680,1000524044,固定片;座椅;下;SPHC;230x15x4.0T;;GM114K;,EA,0.0,40.0,0.0,0.0,0.0,0.0,40.0,thử khuôn/chưa nhập kho→tồn kho; tồn điều chỉnh (vật liệu thử khuôn.): delta=+40
3681,1000524045,底板;座椅;;SPHC;420x449x74.5x4.0T;;GM114K;,EA,0.0,40.0,0.0,0.0,0.0,0.0,40.0,thử khuôn/chưa nhập kho→tồn kho; tồn điều chỉnh (vật liệu thử khuôn.): delta=+40
3682,1000524046,支撐片;座椅;下;SPHC;445x84.1x29.58x4.0T;;GM114,EA,0.0,40.0,0.0,0.0,0.0,0.0,40.0,thử khuôn/chưa nhập kho→tồn kho; tồn điều chỉnh (vật liệu thử khuôn.): delta=+40
3683,1000524047,支撐板;座椅;下;SPHC;168x174.5x156.9x3.0T;;GM11,EA,0.0,40.0,0.0,0.0,0.0,0.0,40.0,thử khuôn/chưa nhập kho→tồn kho; tồn điều chỉnh (vật liệu thử khuôn.): delta=+40
3684,1000524048,支撐板;基座;下;SPHC;166x78x11x3.0T;;GM114K;,EA,0.0,40.0,0.0,0.0,0.0,0.0,40.0,thử khuôn/chưa nhập kho→tồn kho; tồn điều chỉnh (vật liệu thử khuôn.): delta=+40
3685,1000524049,連接管;桿端軸承;;20#;;GM118K;Φ14.5xΦ8.5x420L;,EA,0.0,40.0,0.0,0.0,0.0,0.0,40.0,thử khuôn/chưa nhập kho→tồn kho; tồn điều chỉnh (vật liệu thử khuôn.): delta=+40
3686,1000524051,固定片;座墊;;SPHC;313x245.5x29.2x3.0T;;GM114K,EA,0.0,40.0,0.0,0.0,0.0,0.0,40.0,thử khuôn/chưa nhập kho→tồn kho; tồn điều chỉnh (vật liệu thử khuôn.): delta=+40
3687,1000524052,支撐片;座椅;上右;SPHC;445x84.1x29.58x4.0T;;GM11,EA,0.0,40.0,0.0,0.0,0.0,0.0,40.0,thử khuôn/chưa nhập kho→tồn kho; tồn điều chỉnh (vật liệu thử khuôn.): delta=+40
3688,1000524053,支撐板;背墊;;SPHC;368.1x123x90x3.0T;;GM114K;,EA,0.0,40.0,0.0,0.0,0.0,0.0,40.0,thử khuôn/chưa nhập kho→tồn kho; tồn điều chỉnh (vật liệu thử khuôn.): delta=+40
3689,1000524054,連接片;背墊;下;SPHC;244x172x4.0T;;GM114K;,EA,0.0,40.0,0.0,0.0,0.0,0.0,40.0,thử khuôn/chưa nhập kho→tồn kho; tồn điều chỉnh (vật liệu thử khuôn.): delta=+40
3690,1000524055,止檔片;凸輪鋼索;;SPHC;116x50x51.7x3.0T;;GM114K;,EA,0.0,40.0,0.0,0.0,0.0,0.0,40.0,thử khuôn/chưa nhập kho→tồn kho; tồn điều chỉnh (vật liệu thử khuôn.): delta=+40
3691,1000524056,底管;基座;Φ50.0X150.0X3.0TX2860.5;;;;GM114K,EA,0.0,40.0,0.0,0.0,0.0,0.0,40.0,thử khuôn/chưa nhập kho→tồn kho; tồn điều chỉnh (vật liệu thử khuôn.): delta=+40
3692,1000524057,支撐管;座椅;φ50xφ150x3.0tx1309L;;;;GM114K,EA,0.0,40.0,0.0,0.0,0.0,0.0,40.0,thử khuôn/chưa nhập kho→tồn kho; tồn điều chỉnh (vật liệu thử khuôn.): delta=+40
3693,1000524058,固定管;腳踏板;φ50.0x100.0x3.0tx716.6;;;;GM114K,EA,0.0,80.0,0.0,0.0,0.0,0.0,80.0,thử khuôn/chưa nhập kho→tồn kho; tồn điều chỉnh (vật liệu thử khuôn.): delta=+80
3694,1000524059,固定管;腳踏板;Φ25.4x3.0Tx200L;;;Q195;GM114K,EA,0.0,40.0,0.0,0.0,0.0,0.0,40.0,thử khuôn/chưa nhập kho→tồn kho; tồn điều chỉnh (vật liệu thử khuôn.): delta=+40
3695,1000524060,彎管;扶手;φ25.4x3tx331L;;;Q195;GM114K,EA,0.0,40.0,0.0,0.0,0.0,0.0,40.0,thử khuôn/chưa nhập kho→tồn kho; tồn điều chỉnh (vật liệu thử khuôn.): delta=+40
3696,1000524061,固定管;背墊;Φ50xΦ120x3.0tx939.1L;;;Q195;GM114,EA,0.0,40.0,0.0,0.0,0.0,0.0,40.0,thử khuôn/chưa nhập kho→tồn kho; tồn điều chỉnh (vật liệu thử khuôn.): delta=+40
3697,1000524066,軸套;;;20#;;GM114K;Φ21x10;,EA,0.0,80.0,0.0,0.0,0.0,0.0,80.0,thử khuôn/chưa nhập kho→tồn kho; tồn điều chỉnh (vật liệu thử khuôn.): delta=+80
3698,1000524067,固定軸;腳踏板;;20#;;GM114K;Φ25x24L;,EA,0.0,40.0,0.0,0.0,0.0,0.0,40.0,thử khuôn/chưa nhập kho→tồn kho; tồn điều chỉnh (vật liệu thử khuôn.): delta=+40
3699,1000524068,固定套;滑輪;;20#;;GM114K;;,EA,0.0,160.0,0.0,0.0,0.0,0.0,160.0,thử khuôn/chưa nhập kho→tồn kho; tồn điều chỉnh (vật liệu thử khuôn.): delta=+160
3700,1000524069,固定套;滑輪;;20#;;GM114K;Φ25x10;,EA,0.0,40.0,0.0,0.0,0.0,0.0,40.0,thử khuôn/chưa nhập kho→tồn kho; tồn điều chỉnh (vật liệu thử khuôn.): delta=+40
3701,1000524070,套筒;拉銷;;20#;;GM114K;;,EA,0.0,40.0,0.0,0.0,0.0,0.0,40.0,thử khuôn/chưa nhập kho→tồn kho; tồn điều chỉnh (vật liệu thử khuôn.): delta=+40
3702,1000524071,軸套;凸輪;;20#;;GM114K;;,EA,0.0,40.0,0.0,0.0,0.0,0.0,40.0,thử khuôn/chưa nhập kho→tồn kho; tồn điều chỉnh (vật liệu thử khuôn.): delta=+40
3703,1000524077,固定片;滑輪;;SPHC;187.5X145.0X40.0X3.0T;;GM12,EA,0.0,40.0,0.0,0.0,0.0,0.0,40.0,thử khuôn/chưa nhập kho→tồn kho; tồn điều chỉnh (vật liệu thử khuôn.): delta=+40
3704,1000524079,輔助選擇片組;半成品;;;3.125LBS;;GM113K;,EA,0.0,40.0,0.0,0.0,0.0,0.0,40.0,thử khuôn/chưa nhập kho→tồn kho; tồn điều chỉnh (vật liệu thử khuôn.): delta=+40
3705,1000524080,輔助選擇片組;半成品;;;6.25LBS;;GM113K;,EA,0.0,40.0,0.0,0.0,0.0,0.0,40.0,thử khuôn/chưa nhập kho→tồn kho; tồn điều chỉnh (vật liệu thử khuôn.): delta=+40
3706,1000524083,調整桿組;;;;;鍍鉻；GM114K,EA,0.0,40.0,0.0,0.0,0.0,0.0,40.0,thử khuôn/chưa nhập kho→tồn kho; tồn điều chỉnh (vật liệu thử khuôn.): delta=+40
3707,1000524084,支撐管;基座;Φ50.0X150.0X3.0TX116.0L;;;STK41;G,EA,0.0,40.0,0.0,0.0,0.0,0.0,40.0,thử khuôn/chưa nhập kho→tồn kho; tồn điều chỉnh (vật liệu thử khuôn.): delta=+40
3708,1000524086,握把;座椅;φ25.4x3.0tx331L;;;;GM114K,EA,0.0,80.0,0.0,0.0,0.0,0.0,80.0,thử khuôn/chưa nhập kho→tồn kho; tồn điều chỉnh (vật liệu thử khuôn.): delta=+80
3709,1000524087,滑套組;座椅;下;;GM114K;;SKF,EA,0.0,80.0,0.0,0.0,0.0,0.0,80.0,thử khuôn/chưa nhập kho→tồn kho; tồn điều chỉnh (vật liệu thử khuôn.): delta=+80
3710,1000524089,支撐管;基座;Φ50.0X120.0X3.0TX1860.0L;;;STK41;,EA,0.0,40.0,0.0,0.0,0.0,0.0,40.0,thử khuôn/chưa nhập kho→tồn kho; tồn điều chỉnh (vật liệu thử khuôn.): delta=+40
3711,1000524091,固定片;滑輪;下;SPHC;226.6x170x5.0T;;GM125K;,EA,0.0,80.0,0.0,0.0,0.0,0.0,80.0,thử khuôn/chưa nhập kho→tồn kho; tồn điều chỉnh (vật liệu thử khuôn.): delta=+80
3712,1000524092,五金零件包;組裝;;;GM114K;;,EA,0.0,40.0,0.0,0.0,0.0,0.0,40.0,thử khuôn/chưa nhập kho→tồn kho; tồn điều chỉnh (vật liệu thử khuôn.): delta=+40
3713,1000524093,商品條碼貼標;;;;;;;GM114K,EA,0.0,160.0,0.0,0.0,0.0,0.0,160.0,thử khuôn/chưa nhập kho→tồn kho; tồn điều chỉnh (vật liệu thử khuôn.): delta=+160
3714,1000524094,固定片;滑輪;上;SPHC;147.5x147.5x40.0x4.0T;;GM1,EA,0.0,80.0,0.0,0.0,0.0,0.0,80.0,thử khuôn/chưa nhập kho→tồn kho; tồn điều chỉnh (vật liệu thử khuôn.): delta=+80
3715,1000524095,包裝附件組;;;;基座;GM114K,EA,0.0,20.0,0.0,0.0,20.0,0.0,0.0,
3716,1000524096,支撐片;基座;上;SPHC;99.5x212.8x6.0T;;GM125K;,EA,0.0,40.0,0.0,0.0,0.0,0.0,40.0,thử khuôn/chưa nhập kho→tồn kho; tồn điều chỉnh (vật liệu thử khuôn.): delta=+40
3717,1000524097,補強片;基座;上;SPHC;188.0X50X91X3.0T;;GM125K;,EA,0.0,40.0,0.0,0.0,0.0,0.0,40.0,thử khuôn/chưa nhập kho→tồn kho; tồn điều chỉnh (vật liệu thử khuôn.): delta=+40
3718,1000524098,腳踏板;;;SPHC;664.3x150x46.1x5.0t;;GM111K-K,EA,0.0,80.0,0.0,0.0,0.0,0.0,80.0,thử khuôn/chưa nhập kho→tồn kho; tồn điều chỉnh (vật liệu thử khuôn.): delta=+80
3719,1000524100,固定片;連接;前;SPHC;140x140x6.0T;;GM125K;,EA,0.0,40.0,0.0,0.0,0.0,0.0,40.0,thử khuôn/chưa nhập kho→tồn kho; tồn điều chỉnh (vật liệu thử khuôn.): delta=+40
3720,1000524101,固定片;連接管;下;SPHC;330.0X195.0X6.0T;;GM125K;,EA,0.0,40.0,0.0,0.0,0.0,0.0,40.0,thử khuôn/chưa nhập kho→tồn kho; tồn điều chỉnh (vật liệu thử khuôn.): delta=+40
3721,1000524102,固定片;滑輪;;SPHC;209.4X133.0X4.0T;;GM125K;,EA,0.0,40.0,0.0,0.0,0.0,0.0,40.0,thử khuôn/chưa nhập kho→tồn kho; tồn điều chỉnh (vật liệu thử khuôn.): delta=+40
3722,1000524103,固定片;滑輪;;SPHC;209.5X87.0X4.0T;;GM125K;,EA,0.0,40.0,0.0,0.0,0.0,0.0,40.0,thử khuôn/chưa nhập kho→tồn kho; tồn điều chỉnh (vật liệu thử khuôn.): delta=+40
3723,1000524104,固定片;坐墊;下;SPHC;325.0x95.0x5.0T;;GM125K;,EA,0.0,40.0,0.0,0.0,0.0,0.0,40.0,thử khuôn/chưa nhập kho→tồn kho; tồn điều chỉnh (vật liệu thử khuôn.): delta=+40
3724,1000524107,固定片;基座;上;SPHC;703x426.3x6.0T;;GM125K;,EA,0.0,40.0,0.0,0.0,0.0,0.0,40.0,thử khuôn/chưa nhập kho→tồn kho; tồn điều chỉnh (vật liệu thử khuôn.): delta=+40
3725,1000524108,止檔片;基座;上;SPHC;43.5x32.5x6.0T;;GM125K;,EA,0.0,80.0,0.0,0.0,0.0,0.0,80.0,thử khuôn/chưa nhập kho→tồn kho; tồn điều chỉnh (vật liệu thử khuôn.): delta=+80
3726,1000524110,止檔片;基座;上;SPHC;64.5x32.5x3.0T;;GM125K;,EA,0.0,80.0,0.0,0.0,0.0,0.0,80.0,thử khuôn/chưa nhập kho→tồn kho; tồn điều chỉnh (vật liệu thử khuôn.): delta=+80
3727,1000524113,固定片;基座;;SPHC;465x237.5x6.0T;;GM125K;,EA,0.0,40.0,0.0,0.0,0.0,0.0,40.0,thử khuôn/chưa nhập kho→tồn kho; tồn điều chỉnh (vật liệu thử khuôn.): delta=+40
3728,1000524125,固定片;凸輪;;SPHC;225.0X260X5.0T;;GM125K;,EA,0.0,40.0,0.0,0.0,0.0,0.0,40.0,thử khuôn/chưa nhập kho→tồn kho; tồn điều chỉnh (vật liệu thử khuôn.): delta=+40
3729,1000524128,固定片;止擋座;;SPHC;204x140x4.0T;;GM125K;,EA,0.0,40.0,0.0,0.0,0.0,0.0,40.0,thử khuôn/chưa nhập kho→tồn kho; tồn điều chỉnh (vật liệu thử khuôn.): delta=+40
3730,1000524129,止檔片;止擋;;SPHC;40.0x39.5x6.0T;;GM125K;,EA,0.0,40.0,0.0,0.0,0.0,0.0,40.0,thử khuôn/chưa nhập kho→tồn kho; tồn điều chỉnh (vật liệu thử khuôn.): delta=+40
3731,1000524130,補強板;止擋;;SPHC;40.0x25.0x3.0T;;GM125K;,EA,0.0,40.0,0.0,0.0,0.0,0.0,40.0,thử khuôn/chưa nhập kho→tồn kho; tồn điều chỉnh (vật liệu thử khuôn.): delta=+40
3732,1000524143,軸承套;軸承;;20#;塗防鏽油;GM125K;Φ30X35.0L;,EA,0.0,40.0,0.0,0.0,0.0,0.0,40.0,thử khuôn/chưa nhập kho→tồn kho; tồn điều chỉnh (vật liệu thử khuôn.): delta=+40
3733,1000524144,軸承套;軸承;;20#;塗防鏽油;GM125K;Φ30X56.0L;,EA,0.0,40.0,0.0,0.0,0.0,0.0,40.0,thử khuôn/chưa nhập kho→tồn kho; tồn điều chỉnh (vật liệu thử khuôn.): delta=+40
3734,1000524147,軸承套;擺動臂;;20#;;GM125K;Φ80.0xΦ38.0x60L;,EA,0.0,40.0,0.0,0.0,0.0,0.0,40.0,thử khuôn/chưa nhập kho→tồn kho; tồn điều chỉnh (vật liệu thử khuôn.): delta=+40
3735,1000524148,襯套;拉銷;;20#;;GM125K;φ25x83.5L;,EA,0.0,40.0,0.0,0.0,0.0,0.0,40.0,thử khuôn/chưa nhập kho→tồn kho; tồn điều chỉnh (vật liệu thử khuôn.): delta=+40
3736,1000524149,補強板;止擋;;SPHC;40x74x3.0T;;GM125K;,EA,0.0,40.0,0.0,0.0,0.0,0.0,40.0,thử khuôn/chưa nhập kho→tồn kho; tồn điều chỉnh (vật liệu thử khuôn.): delta=+40
3737,1000524150,連接片;擺臂;;SPHC;110.4x50.8x25.5x5.0T;;GM125,EA,0.0,40.0,0.0,0.0,0.0,0.0,40.0,thử khuôn/chưa nhập kho→tồn kho; tồn điều chỉnh (vật liệu thử khuôn.): delta=+40
3738,1000524151,連接片;擺臂;;SPHC;120x50.8x25.5x5.0T;;GM125K;,EA,0.0,40.0,0.0,0.0,0.0,0.0,40.0,thử khuôn/chưa nhập kho→tồn kho; tồn điều chỉnh (vật liệu thử khuôn.): delta=+40
3739,1000524153,止檔片;轉臂;;SPHC;120.3x72.7x5.0t;鍍鉻;GM125K;,EA,0.0,40.0,0.0,0.0,0.0,0.0,40.0,thử khuôn/chưa nhập kho→tồn kho; tồn điều chỉnh (vật liệu thử khuôn.): delta=+40
3740,1000524162,軸承套;軸承;;20#;塗防鏽油;GM125K;Φ30X41.0L;,EA,0.0,40.0,0.0,0.0,0.0,0.0,40.0,thử khuôn/chưa nhập kho→tồn kho; tồn điều chỉnh (vật liệu thử khuôn.): delta=+40
3741,1000524166,軸承套;擺臂;;20#;;GM125K;Φ50.8xΦ38.0x66L;,EA,0.0,40.0,0.0,0.0,0.0,0.0,40.0,thử khuôn/chưa nhập kho→tồn kho; tồn điều chỉnh (vật liệu thử khuôn.): delta=+40
3742,1000524167,旋轉臂管;;Φ50.8x3.0Tx735L;;;STK41;GM125K,EA,0.0,40.0,0.0,0.0,0.0,0.0,40.0,thử khuôn/chưa nhập kho→tồn kho; tồn điều chỉnh (vật liệu thử khuôn.): delta=+40
3743,1000524168,套筒;握把;;45#;塗防鏽油;GM125K;Φ25.4x191.6L;,EA,0.0,40.0,0.0,0.0,0.0,0.0,40.0,thử khuôn/chưa nhập kho→tồn kho; tồn điều chỉnh (vật liệu thử khuôn.): delta=+40
3744,1000524169,間隔環;;上;SPHC;鍍白鋅;GM125K;Φ20.5xΦ32.0x3.0t;,EA,0.0,40.0,0.0,0.0,0.0,0.0,40.0,thử khuôn/chưa nhập kho→tồn kho; tồn điều chỉnh (vật liệu thử khuôn.): delta=+40
3745,1000524180,固定片;基座;下;SPHC;220x75.0x57.8x3.0t;;GM125K,EA,0.0,40.0,0.0,0.0,0.0,0.0,40.0,thử khuôn/chưa nhập kho→tồn kho; tồn điều chỉnh (vật liệu thử khuôn.): delta=+40
3746,1000524181,EN貼標;;42.0*70.0;;消銀龍;;;,EA,0.0,80.0,0.0,0.0,0.0,0.0,80.0,thử khuôn/chưa nhập kho→tồn kho; tồn điều chỉnh (vật liệu thử khuôn.): delta=+80
3747,1000524182,GB貼標;;GM125K-KM;;PET;;;,EA,0.0,40.0,0.0,0.0,0.0,0.0,40.0,thử khuôn/chưa nhập kho→tồn kho; tồn điều chỉnh (vật liệu thử khuôn.): delta=+40
3748,1000524184,包裝附件組;;;;GM125K-KM;,EA,0.0,20.0,0.0,0.0,20.0,0.0,0.0,
3749,1000524186,固定片;;下;SPHC;656x50x3T;;GM125;整機包裝用,EA,0.0,80.0,0.0,0.0,0.0,0.0,80.0,thử khuôn/chưa nhập kho→tồn kho; tồn điều chỉnh (vật liệu thử khuôn.): delta=+80
3750,1000524188,固定片;;上;SPHC;470x120x3T;;GM125K;整機包裝用,EA,0.0,40.0,0.0,0.0,0.0,0.0,40.0,thử khuôn/chưa nhập kho→tồn kho; tồn điều chỉnh (vật liệu thử khuôn.): delta=+40
3751,1000524202,跑步板;;941.5x610.4x27T;NA;FW535(Not Paint),EA,0.0,270.0,0.0,0.0,157.0,0.0,113.0,
3752,1000524204,連接管;;Φ50.0xΦ100.0x3.0Tx446.8;下;;Q195;GM1,EA,0.0,40.0,0.0,0.0,0.0,0.0,40.0,thử khuôn/chưa nhập kho→tồn kho; tồn điều chỉnh (vật liệu thử khuôn.): delta=+40
3753,1000524219,套筒;拉銷;前;20#;;GM113K;;,EA,0.0,40.0,0.0,0.0,0.0,0.0,40.0,thử khuôn/chưa nhập kho→tồn kho; tồn điều chỉnh (vật liệu thử khuôn.): delta=+40
3754,1000524220,支撐柱;腳墊;;20#;;GM113K;Φ49.0x54L;,EA,0.0,40.0,0.0,0.0,0.0,0.0,40.0,thử khuôn/chưa nhập kho→tồn kho; tồn điều chỉnh (vật liệu thử khuôn.): delta=+40
3755,1000524221,套筒;滑輪;;20#;;GM113K;;,EA,0.0,40.0,0.0,0.0,0.0,0.0,40.0,thử khuôn/chưa nhập kho→tồn kho; tồn điều chỉnh (vật liệu thử khuôn.): delta=+40
3756,1000524222,固定塊;;;SPHC;;GM113K-KM;;,EA,0.0,40.0,0.0,0.0,0.0,0.0,40.0,thử khuôn/chưa nhập kho→tồn kho; tồn điều chỉnh (vật liệu thử khuôn.): delta=+40
3757,1000524227,五金零件包;組裝;;;GM125K-KM;;,EA,0.0,40.0,0.0,0.0,0.0,0.0,40.0,thử khuôn/chưa nhập kho→tồn kho; tồn điều chỉnh (vật liệu thử khuôn.): delta=+40
3758,1000524228,調整握把組;半成品;;;;;GM119H;銀色啞光,EA,0.0,6.0,0.0,0.0,2.0,0.0,4.0,
3759,1000524236,拉銷;;;PC;;φ18.5x239L;GM113H;銀色啞光,EA,0.0,15.0,0.0,0.0,10.0,0.0,5.0,
3760,1000524252,拉銷;;;PC;銀色啞光;φ18.5x209L;GM127H;,EA,0.0,7.0,0.0,0.0,2.0,0.0,5.0,
3761,1000524277,拉銷-加工;調整;;鍍鉻;;GM113K;,EA,0.0,40.0,0.0,0.0,0.0,0.0,40.0,thử khuôn/chưa nhập kho→tồn kho; tồn điều chỉnh (vật liệu thử khuôn.): delta=+40
3762,1000524297,連接管;連接組-GM;Φ50.0X100.0X3.0TX180.5L;;;;GM,EA,0.0,80.0,0.0,0.0,0.0,0.0,80.0,thử khuôn/chưa nhập kho→tồn kho; tồn điều chỉnh (vật liệu thử khuôn.): delta=+80
3763,1000524306,連接管;擺臂;Φ40.0xΦ80.0x3.0Tx113.0L;左;;STK41;,EA,0.0,40.0,0.0,0.0,0.0,0.0,40.0,thử khuôn/chưa nhập kho→tồn kho; tồn điều chỉnh (vật liệu thử khuôn.): delta=+40
3764,1000524332,軸承套;傳動軸;;20#;;GM125K;Φ50.8X81.0L;,EA,0.0,40.0,0.0,0.0,0.0,0.0,40.0,thử khuôn/chưa nhập kho→tồn kho; tồn điều chỉnh (vật liệu thử khuôn.): delta=+40
3765,1000524514,支撐管;車架;Φ50xΦ200x2.3Tx1234.4L;左;;Q195;GM1,EA,0.0,40.0,0.0,0.0,0.0,0.0,40.0,thử khuôn/chưa nhập kho→tồn kho; tồn điều chỉnh (vật liệu thử khuôn.): delta=+40
3766,1000524516,支撐管;車架;Φ50xΦ200x2.3Tx1234.4L;右;;Q195;GM1,EA,0.0,40.0,0.0,0.0,0.0,0.0,40.0,thử khuôn/chưa nhập kho→tồn kho; tồn điều chỉnh (vật liệu thử khuôn.): delta=+40
3767,1000524521,支撐管;車架;Φ50xΦ200x2.3tx1234.4L;右;;;GM111K,EA,0.0,40.0,0.0,0.0,0.0,0.0,40.0,thử khuôn/chưa nhập kho→tồn kho; tồn điều chỉnh (vật liệu thử khuôn.): delta=+40
3768,1000524522,支撐管;車架;Φ50xΦ200x2.5tx1234.4L;左;;;GM118K,EA,0.0,40.0,0.0,0.0,0.0,0.0,40.0,thử khuôn/chưa nhập kho→tồn kho; tồn điều chỉnh (vật liệu thử khuôn.): delta=+40
3769,1000524528,五金零件包;組裝;;;GM118K;;,EA,0.0,40.0,0.0,0.0,0.0,0.0,40.0,thử khuôn/chưa nhập kho→tồn kho; tồn điều chỉnh (vật liệu thử khuôn.): delta=+40
3770,1000524552,支撐管;車架;50x200x1234.4L;左;;Q195;GM121K,EA,0.0,40.0,0.0,0.0,0.0,0.0,40.0,thử khuôn/chưa nhập kho→tồn kho; tồn điều chỉnh (vật liệu thử khuôn.): delta=+40
3771,1000524553,支撐管;車架;Φ50xΦ200x2.3tx1234.4L;右;;;GM125K,EA,0.0,40.0,0.0,0.0,0.0,0.0,40.0,thử khuôn/chưa nhập kho→tồn kho; tồn điều chỉnh (vật liệu thử khuôn.): delta=+40
3772,1000524557,支撐管;;Φ50xΦ200x2.3tx1234.4L;左;;;GM113K,EA,0.0,40.0,0.0,0.0,0.0,0.0,40.0,thử khuôn/chưa nhập kho→tồn kho; tồn điều chỉnh (vật liệu thử khuôn.): delta=+40
3773,1000524558,支撐管;;Φ50xΦ200x2.3tx1234.4L;右;;;GM113K,EA,0.0,40.0,0.0,0.0,0.0,0.0,40.0,thử khuôn/chưa nhập kho→tồn kho; tồn điều chỉnh (vật liệu thử khuôn.): delta=+40
3774,1000524756,輔助選擇片組;半成品;;;4.5LBS;;GM111K;,EA,0.0,40.0,0.0,0.0,0.0,0.0,40.0,thử khuôn/chưa nhập kho→tồn kho; tồn điều chỉnh (vật liệu thử khuôn.): delta=+40
3775,1000524757,輔助選擇片組;半成品;;;9.0LBS;;GM111K;,EA,0.0,40.0,0.0,0.0,0.0,0.0,40.0,thử khuôn/chưa nhập kho→tồn kho; tồn điều chỉnh (vật liệu thử khuôn.): delta=+40
3776,1000524771,輔助選擇片組;半成品;;;2.5LBS;;GM121K;,EA,0.0,40.0,0.0,0.0,0.0,0.0,40.0,thử khuôn/chưa nhập kho→tồn kho; tồn điều chỉnh (vật liệu thử khuôn.): delta=+40
3777,1000524786,止擋套;座椅;上;20#;;GM114K;;,EA,0.0,80.0,0.0,0.0,0.0,0.0,80.0,thử khuôn/chưa nhập kho→tồn kho; tồn điều chỉnh (vật liệu thử khuôn.): delta=+80
3778,1000524787,止擋套;座椅;下;20#;;GM114K;;,EA,0.0,80.0,0.0,0.0,0.0,0.0,80.0,thử khuôn/chưa nhập kho→tồn kho; tồn điều chỉnh (vật liệu thử khuôn.): delta=+80
3779,1000524792,連接桿;座椅調整;GM124;;;ADC12;毛坯,EA,0.0,640.0,0.0,0.0,0.0,0.0,640.0,thử khuôn/chưa nhập kho→tồn kho; tồn điều chỉnh (vật liệu thử khuôn.): delta=+640
3780,1000524793,連接桿;座椅調整;噴砂處理;;;ADC12;GM113K,EA,0.0,120.0,0.0,0.0,0.0,0.0,120.0,thử khuôn/chưa nhập kho→tồn kho; tồn điều chỉnh (vật liệu thử khuôn.): delta=+120
3781,1000524796,塑膠袋組;;;550x350;PL03K-KM;,EA,0.0,2826.0,0.0,0.0,2401.0,0.0,425.0,
3782,1000524797,塑膠袋組;;;1100x500;PL03K-KM;,EA,0.0,2162.0,0.0,0.0,2089.0,0.0,73.0,
3783,1000524920,包裝附件組;;;;;;GM111K,EA,0.0,65.0,0.0,0.0,30.0,0.0,35.0,
3784,1000524971,外紙箱;基座;;1400x1220x450;;GM122K,EA,0.0,20.0,0.0,0.0,20.0,0.0,0.0,
3785,1000524977,基管;基座;Φ50.0X150.0X3.0TX3058L;;;STK41;GM1,EA,0.0,40.0,0.0,0.0,0.0,0.0,40.0,thử khuôn/chưa nhập kho→tồn kho; tồn điều chỉnh (vật liệu thử khuôn.): delta=+40
3786,1000524979,輔助選擇片組;半成品;;;5.0LBS;;GM121K;,EA,0.0,40.0,0.0,0.0,0.0,0.0,40.0,thử khuôn/chưa nhập kho→tồn kho; tồn điều chỉnh (vật liệu thử khuôn.): delta=+40
3787,1000525060,掛勾;車架;;20CrMo;;PL700-KM;φ16x157.33L;,EA,0.0,12.0,0.0,0.0,0.0,0.0,12.0,
3788,1000525125,包裝附件組;;;;基座;GM116K,EA,0.0,20.0,0.0,0.0,20.0,0.0,0.0,
3789,1000525156,包裝附件組;;;;;GM117K,EA,0.0,20.0,0.0,0.0,20.0,0.0,0.0,chênh lệch=20.00
3790,1000525504,包裝附件組;;;;;;GM112K,EA,0.0,220.0,0.0,0.0,145.0,0.0,75.0,
3791,1000525674,外紙箱;基座紙箱;;;1659X615X1160;GM115K,EA,0.0,20.0,0.0,0.0,20.0,0.0,0.0,
3792,1000526226,紙箱;基座;外;1430x1300x500;GM118K;,EA,0.0,20.0,0.0,0.0,20.0,0.0,0.0,
3793,1000526227,膠合板;;;;GM118K;,EA,0.0,120.0,0.0,0.0,93.0,0.0,27.0,
3794,1000526228,珍珠棉;;;;GM118K;,EA,0.0,20.0,0.0,0.0,20.0,0.0,0.0,
3795,1000526291,膠合板;外紙箱;;;;GM113K,EA,0.0,154.0,0.0,0.0,121.0,0.0,33.0,
3796,1000526293,珍珠棉;;;;;GM113K,EA,0.0,60.0,0.0,0.0,21.0,0.0,39.0,chênh lệch=100.00
3797,1000526744,外紙箱;基座;;1980x750x795;;,EA,0.0,20.0,0.0,0.0,20.0,0.0,0.0,
3798,1000526745,膠合板;;;;;GM114K,EA,0.0,150.0,0.0,0.0,122.0,0.0,28.0,
3799,1000526746,珍珠棉;;;;;GM114K,EA,0.0,20.0,0.0,0.0,20.0,0.0,0.0,
3800,1000526751,塑膠袋組;;;;;GM114K,EA,0.0,20.0,0.0,0.0,20.0,0.0,0.0,
3801,1000526758,外紙箱;基座;;1415x1280x580;;GM111K,EA,0.0,120.0,0.0,0.0,120.0,0.0,0.0,
3802,1000526759,膠合板;基座;;;;GM111K,EA,0.0,140.0,0.0,0.0,130.0,0.0,10.0,
3803,1000526760,珍珠棉;基座;;;;GM111K,EA,0.0,40.0,0.0,0.0,40.0,0.0,0.0,chênh lệch=20.00
3804,1000526799,包裝附件組;;;;;GM115K,EA,0.0,40.0,0.0,0.0,40.0,0.0,0.0,
3805,1000526810,外紙箱;基座紙箱;;;1660x570x1160;GM120K,EA,0.0,20.0,0.0,0.0,20.0,0.0,0.0,
3806,1000526976,包裝附件組;基座;;;;GM119K,EA,0.0,20.0,0.0,0.0,20.0,0.0,0.0,
3807,1000527042,紙箱;基座;;1150x840x440;;GM121K,EA,0.0,12.0,0.0,0.0,12.0,0.0,0.0,
3808,1000527135,包裝附件組;;;;;GM122K,EA,0.0,20.0,0.0,0.0,20.0,0.0,0.0,
3809,1000527136,膠合板;;;;;GM122K,EA,0.0,100.0,0.0,0.0,85.0,0.0,15.0,
3810,1000527137,珍珠棉;;;;;GM122K,EA,0.0,80.0,0.0,0.0,80.0,0.0,0.0,
3811,1000527309,補強片;;;烤漆;;黑平光;TM776K;,EA,0.0,19133.0,0.0,0.0,5520.0,0.0,13613.0,
3812,1000527366,固定片;凸輪;;SPHC;3.0T;;TM776K;,EA,0.0,19586.0,0.0,0.0,6000.0,0.0,13586.0,
3813,1000527367,固定座;移動輪;;SPHC;3.0T;;TM776K;,EA,0.0,19600.0,0.0,0.0,6000.0,0.0,13600.0,
3814,1000527368,固定板;移動輪;;SPHC;5.0T;;TM776K;,EA,0.0,16105.0,0.0,0.0,6000.0,0.0,10105.0,
3815,1000527370,連接片;移動輪;;SPHC;6.0T;;TM776K;,EA,0.0,19789.0,0.0,0.0,6000.0,0.0,13789.0,
3816,1000527371,連接片;;;SPHC;6.0T;;TM776K;轉動,EA,0.0,31530.0,0.0,0.0,12000.0,0.0,19530.0,
3817,1000527609,間隔環;主軸;;POM;;PL709-KM;φ60xφ25.5x10L;,EA,0.0,2.0,0.0,0.0,0.0,0.0,2.0,
3818,1000527929,車架組;;;;TM776;;SKD出越南特殊需求,EA,0.0,2682.0,0.0,0.0,2682.0,0.0,0.0,122/123=điều chỉnh; chênh lệch=2100.00
3819,1000527931,儀表基座組;;;;TM776;;SKD出越南特殊需求,EA,0.0,2840.0,0.0,0.0,2838.0,0.0,2.0,122/123=điều chỉnh; chênh lệch=1924.00
3820,1000527934,升降馬達組;;;;TM776;;SKD出越南特殊需求,EA,0.0,2478.0,0.0,0.0,2478.0,0.0,0.0,122/123=điều chỉnh; chênh lệch=2294.00
3821,1000527935,下控組;;;;TM776;;SKD出越南特殊需求,EA,0.0,2478.0,0.0,0.0,2478.0,0.0,0.0,122/123=điều chỉnh; chênh lệch=2304.00
3822,1000527936,跑板組;;;;TM776;;SKD出越南特殊需求,EA,0.0,2478.0,0.0,0.0,2478.0,0.0,0.0,122/123=điều chỉnh; chênh lệch=2304.00
3823,1000527937,其他組;;;跑帶;TM776;;SKD出越南特殊需求,EA,0.0,2478.0,0.0,0.0,2478.0,0.0,0.0,122/123=điều chỉnh; chênh lệch=2304.00
3824,1000527939,馬達護蓋組;;;;TM776;;SKD出越南特殊需求,EA,0.0,2478.0,0.0,0.0,2478.0,0.0,0.0,122/123=điều chỉnh; chênh lệch=2300.00
3825,1000527940,滾輪組;;後;;TM776;;SKD出越南特殊需求,EA,0.0,2478.0,0.0,0.0,2478.0,0.0,0.0,122/123=điều chỉnh; chênh lệch=2304.00
3826,1000527941,塑膠袋組;;;;;PL700,EA,0.0,20.0,0.0,0.0,0.0,0.0,20.0,
3827,1000527942,前滾輪組;;;;TM776;;SKD出越南特殊需求,EA,0.0,2478.0,0.0,0.0,2478.0,0.0,0.0,122/123=điều chỉnh; chênh lệch=2304.00
3828,1000528012,EN貼標;;;;;;;PL700,EA,0.0,5000.0,0.0,0.0,0.0,0.0,5000.0,
3829,1000528041,貼標;面板;;;;下;;团体语言；PL700,EA,0.0,500.0,0.0,0.0,0.0,0.0,500.0,thử khuôn/chưa nhập kho→tồn kho; tồn điều chỉnh (Đã khai báo hải quan nhưng chưa nhập sổ): delta=+500
3830,1000528323,馬達放電接地線;;;;;;265mm;红星 HX530U-21T;TM1013K,EA,0.0,11358.0,0.0,0.0,6938.0,0.0,4420.0,
3831,1000528490,把手-加工;座椅;;噴砂鍍鉻;31.8x55x80.6;GM117H;銀色啞灰,EA,0.0,1.0,0.0,0.0,1.0,0.0,0.0,
3832,1000528495,PE袋;;;1600x800x1200;FW212K;透明;0.03T,EA,0.0,50.0,0.0,0.0,8.0,0.0,42.0,
3833,1000528587,把手-加工;座椅;;噴砂鍍鉻;31.8x55x80.6;GM112H;銀色啞灰,EA,0.0,52.0,0.0,0.0,2.0,0.0,50.0,
3834,1000528657,管端塞;基座;;EPDM;深灰色;Φ40xΦ80;FW232;,EA,0.0,120.0,0.0,0.0,0.0,0.0,120.0,
3835,1000528658,端塞;;;EPDM;;;GM114;,EA,0.0,1500.0,0.0,0.0,870.0,0.0,630.0,
3836,1000528659,端塞;基座;後;EPDM;;;GM114;,EA,0.0,500.0,0.0,0.0,290.0,0.0,210.0,
3837,1000528661,端塞;;;EPDM;黑色/Black C;;GM114H;,EA,0.0,7.0,0.0,0.0,7.0,0.0,0.0,
3838,1000528662,端塞;基座;後;EPDM;黑色/Black C;;GM114H;,EA,0.0,16.0,0.0,0.0,14.0,0.0,2.0,
3839,1000529908,車架組;;;PF紫色;EP719E;;SKD出越南特殊需求,EA,0.0,284.0,0.0,0.0,284.0,0.0,0.0,122/123=điều chỉnh; chênh lệch=158.00
3840,1000529909,車架組;;;石墨灰;CB206C;;SKD出越南特殊需求,EA,0.0,86.0,0.0,0.0,86.0,0.0,0.0,122/123=điều chỉnh; chênh lệch=44.00
3841,1000529910,貼地桿組;;前;石墨灰;CB206C;;SKD出越南特殊需求,EA,0.0,56.0,0.0,0.0,56.0,0.0,0.0,
3842,1000529911,搖臂組;;左;霧黑+透明漆;EP719E;;SKD出越南特殊需求,EA,0.0,303.0,0.0,0.0,284.0,0.0,19.0,122/123=điều chỉnh; chênh lệch=158.00
3843,1000529912,搖臂組;;右;霧黑+透明漆;EP719E;;SKD出越南特殊需求,EA,0.0,282.0,0.0,0.0,282.0,0.0,0.0,122/123=điều chỉnh; chênh lệch=158.00
3844,1000529913,貼地桿組;;後;石墨灰;CB206C;;SKD出越南特殊需求,EA,0.0,56.0,0.0,0.0,56.0,0.0,0.0,
3845,1000529930,車架組;;;石墨灰;EP719C;;SKD出越南特殊需求,EA,0.0,315.0,0.0,0.0,315.0,0.0,0.0,122/123=điều chỉnh; chênh lệch=175.00
3846,1000529931,護蓋組;;;連接臂;EP719C;;SKD出越南特殊需求,EA,0.0,993.0,0.0,0.0,688.0,0.0,305.0,122/123=điều chỉnh; chênh lệch=333.00
3847,1000529932,美國外部電源線組;;;;EP719C;;SKD出越南特殊需求,EA,0.0,597.0,0.0,0.0,597.0,0.0,0.0,122/123=điều chỉnh; chênh lệch=305.00
3848,1000529933,搖臂組;;左;霧黑;EP719C;;SKD出越南特殊需求,EA,0.0,412.0,0.0,0.0,404.0,0.0,8.0,122/123=điều chỉnh; chênh lệch=173.00
3849,1000529934,搖臂組;;右;霧黑;EP719C;;SKD出越南特殊需求,EA,0.0,408.0,0.0,0.0,404.0,0.0,4.0,122/123=điều chỉnh; chênh lệch=175.00
3850,1000529935,儀表護蓋組;;後;;EP719C;;SKD出越南特殊需求,EA,0.0,737.0,0.0,0.0,737.0,0.0,0.0,122/123=điều chỉnh; chênh lệch=233.00
3851,1000529936,其他組;;;零件包;EP719C;;SKD出越南特殊需求,EA,0.0,793.0,0.0,0.0,788.0,0.0,5.0,122/123=điều chỉnh; chênh lệch=233.00
3852,1000529938,墊子組;;;黑曜石黑;GM124E;;SKD出越南特殊需求,EA,0.0,38.0,0.0,0.0,37.0,0.0,1.0,
3853,1000529941,車架組;;;O-PF紫色;GM231B;;SKD出越南特殊需求,EA,0.0,86.0,0.0,0.0,86.0,0.0,0.0,122/123=điều chỉnh; chênh lệch=20.00
3854,1000529942,基座組;;;O-PF紫色;GM124E;;SKD出越南特殊需求,EA,0.0,31.0,0.0,0.0,30.0,0.0,1.0,
3855,1000529943,墊子組;;;黑曜石黑;GM231B;;SKD出越南特殊需求,EA,0.0,93.0,0.0,0.0,93.0,0.0,0.0,122/123=điều chỉnh; chênh lệch=32.00
3856,1000529944,基座組;;;O-PF紫色;GM126C;;SKD出越南特殊需求,EA,0.0,26.0,0.0,0.0,25.0,0.0,1.0,
3857,1000529945,車架組;;;O-PF紫色;GM126C;;SKD出越南特殊需求,EA,0.0,26.0,0.0,0.0,25.0,0.0,1.0,
3858,1000529946,墊子組;;;黑曜石黑;GM126C;;SKD出越南特殊需求,EA,0.0,38.0,0.0,0.0,38.0,0.0,0.0,122/123=điều chỉnh; chênh lệch=12.00
3859,1000529947,車架組;;;霧黑;GM59;;SKD出越南特殊需求,EA,0.0,59.0,0.0,0.0,53.0,0.0,6.0,
3860,1000529949,其他組;;;零件盒;霧黑;GM59;;SKD出越南特殊需求,EA,0.0,59.0,0.0,0.0,53.0,0.0,6.0,122/123=điều chỉnh; chênh lệch=7.00
3861,1000529950,車架組;;;O-PF紫色;GM124E;;SKD出越南特殊需求,EA,0.0,31.0,0.0,0.0,30.0,0.0,1.0,
3862,1000529951,上層選擇片組;;;;GM59;;SKD出越南特殊需求,EA,0.0,109.0,0.0,0.0,101.0,0.0,8.0,122/123=điều chỉnh; chênh lệch=9.00
3863,1000529952,護蓋組;;上;;GM59;;SKD出越南特殊需求,EA,0.0,107.0,0.0,0.0,101.0,0.0,6.0,122/123=điều chỉnh; chênh lệch=9.00
3864,1000529968,調整組;;;;MS24D;;SKD出越南特殊需求,EA,0.0,152.0,0.0,0.0,146.0,0.0,6.0,122/123=điều chỉnh; chênh lệch=122.00
3865,1000529970,其他組;;;零件盒;MS24D;;SKD出越南特殊需求,EA,0.0,152.0,0.0,0.0,146.0,0.0,6.0,122/123=điều chỉnh; chênh lệch=122.00
3866,1000529987,護蓋組;;左;;GM114E;;SKD出越南特殊需求,EA,0.0,698.0,0.0,0.0,698.0,0.0,0.0,122/123=điều chỉnh; chênh lệch=150.00
3867,1000529988,護蓋組;;右;;GM114E;;SKD出越南特殊需求,EA,0.0,593.0,0.0,0.0,593.0,0.0,0.0,122/123=điều chỉnh; chênh lệch=170.00
3868,1000529989,墊子組;;;黑曜石黑;GM114E;;SKD出越南特殊需求,EA,0.0,86.0,0.0,0.0,86.0,0.0,0.0,
3869,1000529992,其他組;;;零件盒;黑高光;GM64;;SKD出越南特殊需求,EA,0.0,1.0,0.0,0.0,1.0,0.0,0.0,
3870,1000529993,基座組;;;O-PF紫色;GM122D;;SKD出越南特殊需求,EA,0.0,43.0,0.0,0.0,42.0,0.0,1.0,
3871,1000529994,車架組;;;O-PF紫色;GM122D;;SKD出越南特殊需求,EA,0.0,43.0,0.0,0.0,42.0,0.0,1.0,
3872,1000529995,墊子組;;;黑曜石黑;GM122D;;SKD出越南特殊需求,EA,0.0,43.0,0.0,0.0,42.0,0.0,1.0,
3873,1000529997,車架組;;;O-PF紫色;FW224C;;SKD出越南特殊需求,EA,0.0,66.0,0.0,0.0,62.0,0.0,4.0,
3874,1000529998,護蓋組;;後;;GM114E;;SKD出越南特殊需求,EA,0.0,798.0,0.0,0.0,728.0,0.0,70.0,122/123=điều chỉnh; chênh lệch=184.00
3875,1000530022,墊子組;;;黑曜石黑;GM125D;;SKD出越南特殊需求,EA,0.0,33.0,0.0,0.0,33.0,0.0,0.0,
3876,1000530023,基座組;;;O-PF紫色;GM125D;;SKD出越南特殊需求,EA,0.0,33.0,0.0,0.0,33.0,0.0,0.0,
3877,1000530024,車架組;;;O-PF紫色;GM125D;;SKD出越南特殊需求,EA,0.0,33.0,0.0,0.0,33.0,0.0,0.0,
3878,1000530029,其他組;;;掛棒;FW338;;SKD出越南特殊需求,EA,0.0,85.0,0.0,0.0,84.0,0.0,1.0,122/123=điều chỉnh; chênh lệch=30.00
3879,1000530043,連接管組;;;O-PF紫色;FW224C;;SKD出越南特殊需求,EA,0.0,66.0,0.0,0.0,62.0,0.0,4.0,
3880,1000530044,緩衝墊組;;;;FW224C;;SKD出越南特殊需求,EA,0.0,77.0,0.0,0.0,72.0,0.0,5.0,
3881,1000530045,其他組;;;掛棒;FW224C;;SKD出越南特殊需求,EA,0.0,77.0,0.0,0.0,72.0,0.0,5.0,
3882,1000530046,其他組;;;零件盒;O-PF紫色;FW224C;;SKD出越南特殊需求,EA,0.0,66.0,0.0,0.0,62.0,0.0,4.0,
3883,1000530047,螺絲包;;;;FW224C;;SKD出越南特殊需求,EA,0.0,38.0,0.0,0.0,38.0,0.0,0.0,
3884,1000530048,端蓋組;;;;FW224C;;SKD出越南特殊需求,EA,0.0,77.0,0.0,0.0,72.0,0.0,5.0,
3885,1000530049,墊子組;;;黑曜石黑;FW224C;;SKD出越南特殊需求,EA,0.0,77.0,0.0,0.0,72.0,0.0,5.0,
3886,1000530050,車架組;;;冰銀金;FW338;;SKD出越南特殊需求,EA,0.0,30.0,0.0,0.0,29.0,0.0,1.0,
3887,1000530052,連接管組;;上;冰銀金;FW338;;SKD出越南特殊需求,EA,0.0,30.0,0.0,0.0,29.0,0.0,1.0,
3888,1000530054,連接管組;;下;冰銀金;FW338;;SKD出越南特殊需求,EA,0.0,30.0,0.0,0.0,29.0,0.0,1.0,
3889,1000530055,螺絲包;;;;FW338;;SKD出越南特殊需求,EA,0.0,85.0,0.0,0.0,84.0,0.0,1.0,122/123=điều chỉnh; chênh lệch=30.00
3890,1000530057,墊子組;;;黑曜石黑;GM112E;;SKD出越南特殊需求,EA,0.0,47.0,0.0,0.0,43.0,0.0,4.0,122/123=điều chỉnh; chênh lệch=3.00
3891,1000530058,車架組;;;鈦金;MS24D;;SKD出越南特殊需求,EA,0.0,1.0,0.0,0.0,1.0,0.0,0.0,
3892,1000530059,調整把手組;;;鈦金;MS24D;;SKD出越南特殊需求,EA,0.0,1.0,0.0,0.0,1.0,0.0,0.0,
3893,1000530060,扶手組;;;鈦金;MS24D;;SKD出越南特殊需求,EA,0.0,1.0,0.0,0.0,1.0,0.0,0.0,
3894,1000530061,車架組;;;冰銀金;MS24D;;SKD出越南特殊需求,EA,0.0,35.0,0.0,0.0,35.0,0.0,0.0,
3895,1000530062,基座組;;;O-PF紫色;GM112E;;SKD出越南特殊需求,EA,0.0,38.0,0.0,0.0,34.0,0.0,4.0,
3896,1000530063,調整把手組;;;冰銀金;MS24D;;SKD出越南特殊需求,EA,0.0,35.0,0.0,0.0,35.0,0.0,0.0,
3897,1000530064,扶手組;;;冰銀金;MS24D;;SKD出越南特殊需求,EA,0.0,35.0,0.0,0.0,35.0,0.0,0.0,
3898,1000530065,車架組;;;霧黑;MS24D;;SKD出越南特殊需求,EA,0.0,113.0,0.0,0.0,107.0,0.0,6.0,122/123=điều chỉnh; chênh lệch=83.00
3899,1000530066,調整把手組;;;霧黑;MS24D;;SKD出越南特殊需求,EA,0.0,113.0,0.0,0.0,107.0,0.0,6.0,122/123=điều chỉnh; chênh lệch=83.00
3900,1000530067,扶手組;;;霧黑;MS24D;;SKD出越南特殊需求,EA,0.0,113.0,0.0,0.0,107.0,0.0,6.0,122/123=điều chỉnh; chênh lệch=83.00
3901,1000530068,車架組;;;O-PF紫色;GM112E;;SKD出越南特殊需求,EA,0.0,38.0,0.0,0.0,34.0,0.0,4.0,
3902,1000530075,墊子組;;;黑曜石黑;GM113D;;SKD出越南特殊需求,EA,0.0,8.0,0.0,0.0,8.0,0.0,0.0,
3903,1000530078,墊子組;;;黑曜石黑;MS53B;;SKD出越南特殊需求,EA,0.0,86.0,0.0,0.0,86.0,0.0,0.0,
3904,1000530079,車架組;;;霧黑;MS53B;;SKD出越南特殊需求,EA,0.0,86.0,0.0,0.0,85.0,0.0,1.0,
3905,1000530080,腳踏組;;;霧黑;MS53B;;SKD出越南特殊需求,EA,0.0,86.0,0.0,0.0,85.0,0.0,1.0,
3906,1000530081,車架組;;;冰銀金;MS53B;;SKD出越南特殊需求,EA,0.0,19.0,0.0,0.0,19.0,0.0,0.0,
3907,1000530082,腳踏組;;;冰銀金;MS53B;;SKD出越南特殊需求,EA,0.0,19.0,0.0,0.0,19.0,0.0,0.0,
3908,1000530090,車架組;;;O-PF紫色;CB206E;;SKD出越南特殊需求,EA,0.0,106.0,0.0,0.0,86.0,0.0,20.0,122/123=điều chỉnh; chênh lệch=80.00
3909,1000530091,貼地桿組;;後;O-PF紫色;CB206E;;SKD出越南特殊需求,EA,0.0,136.0,0.0,0.0,86.0,0.0,50.0,122/123=điều chỉnh; chênh lệch=80.00
3910,1000530092,曲柄組;;右;;CB206E;;SKD出越南特殊需求,EA,0.0,326.0,0.0,0.0,326.0,0.0,0.0,
3911,1000530093,貼地桿組;;前;O-PF紫色;CB206E;;SKD出越南特殊需求,EA,0.0,100.0,0.0,0.0,86.0,0.0,14.0,
3912,1000530094,曲柄組;;左;;CB206E;;SKD出越南特殊需求,EA,0.0,326.0,0.0,0.0,326.0,0.0,0.0,
3913,1000530095,其他組;;;零件盒;CB206E;;SKD出越南特殊需求,EA,0.0,156.0,0.0,0.0,156.0,0.0,0.0,
3914,1000530097,車架組;;;PF紫色;RB209E;;SKD出越南特殊需求,EA,0.0,80.0,0.0,0.0,80.0,0.0,0.0,
3915,1000530098,貼地桿組;;後;PF紫色;RB209E;;SKD出越南特殊需求,EA,0.0,80.0,0.0,0.0,80.0,0.0,0.0,
3916,1000530099,背墊組;;;;RB209E;;SKD出越南特殊需求,EA,0.0,170.0,0.0,0.0,170.0,0.0,0.0,
3917,1000530100,座墊組;;;;RB209E;;SKD出越南特殊需求,EA,0.0,170.0,0.0,0.0,170.0,0.0,0.0,
3918,1000530101,貼地桿組;;前;PF紫色;RB209E;;SKD出越南特殊需求,EA,0.0,80.0,0.0,0.0,80.0,0.0,0.0,
3919,1000530102,螺絲包;;;;EP719C;;SKD出越南特殊需求,EA,0.0,693.0,0.0,0.0,688.0,0.0,5.0,122/123=điều chỉnh; chênh lệch=333.00
3920,1000530103,其他組;;;零件盒;RB209E;;SKD出越南特殊需求,EA,0.0,170.0,0.0,0.0,170.0,0.0,0.0,
3921,1000530106,握把組;;;;MS53B;;SKD出越南特殊需求,EA,0.0,139.0,0.0,0.0,138.0,0.0,1.0,122/123=điều chỉnh; chênh lệch=85.00
3922,1000530108,滑動桿組;;;;MS53B;;SKD出越南特殊需求,EA,0.0,105.0,0.0,0.0,104.0,0.0,1.0,
3923,1000530109,其他組;;;零件盒;MS53B;;SKD出越南特殊需求,EA,0.0,105.0,0.0,0.0,104.0,0.0,1.0,
3924,1000530113,墊子組;;;黑曜石黑;GM111E;;SKD出越南特殊需求,EA,0.0,34.0,0.0,0.0,30.0,0.0,4.0,
3925,1000530114,基座組;;;O-PF紫色;GM111E;;SKD出越南特殊需求,EA,0.0,18.0,0.0,0.0,16.0,0.0,2.0,
3926,1000530115,儀表護蓋組;;後;;CB206E;;SKD出越南特殊需求,EA,0.0,247.0,0.0,0.0,172.0,0.0,75.0,122/123=điều chỉnh; chênh lệch=124.00
3927,1000530116,調整管組;;左;;GM106E;;SKD出越南特殊需求,EA,0.0,243.0,0.0,0.0,243.0,0.0,0.0,122/123=điều chỉnh; chênh lệch=71.00
3928,1000530117,調整管組;;右;;GM106E;;SKD出越南特殊需求,EA,0.0,243.0,0.0,0.0,243.0,0.0,0.0,122/123=điều chỉnh; chênh lệch=71.00
3929,1000530118,螺絲包;;;;GM106E;;SKD出越南特殊需求,EA,0.0,243.0,0.0,0.0,243.0,0.0,0.0,122/123=điều chỉnh; chênh lệch=71.00
3930,1000530119,車架組;;;蕾絲白;MS24D;;SKD出越南特殊需求,EA,0.0,3.0,0.0,0.0,3.0,0.0,0.0,
3931,1000530120,車架組;;;O-PF紫色;GM111E;;SKD出越南特殊需求,EA,0.0,18.0,0.0,0.0,16.0,0.0,2.0,
3932,1000530121,調整把手組;;;蕾絲白;MS24D;;SKD出越南特殊需求,EA,0.0,3.0,0.0,0.0,3.0,0.0,0.0,
3933,1000530122,扶手組;;;蕾絲白;MS24D;;SKD出越南特殊需求,EA,0.0,3.0,0.0,0.0,3.0,0.0,0.0,
3934,1000530126,墊子組;;;黑曜石黑;GM119D;;SKD出越南特殊需求,EA,0.0,8.0,0.0,0.0,8.0,0.0,0.0,122/123=điều chỉnh; chênh lệch=8.00
3935,1000530127,車架組;;;霧黑;FW338;;SKD出越南特殊需求,EA,0.0,55.0,0.0,0.0,55.0,0.0,0.0,
3936,1000530128,連接管組;;上;霧黑;FW338;;SKD出越南特殊需求,EA,0.0,55.0,0.0,0.0,55.0,0.0,0.0,
3937,1000530129,連接管組;;下;霧黑;FW338;;SKD出越南特殊需求,EA,0.0,55.0,0.0,0.0,55.0,0.0,0.0,
3938,1000530131,氣壓棒組;;;;FW342;;SKD出越南特殊需求,EA,0.0,18.0,0.0,0.0,18.0,0.0,0.0,
3939,1000530132,端蓋組;;;方形;FW342;;SKD出越南特殊需求,EA,0.0,18.0,0.0,0.0,18.0,0.0,0.0,
3940,1000530133,端蓋組;;;長方形;FW342;;SKD出越南特殊需求,EA,0.0,18.0,0.0,0.0,18.0,0.0,0.0,
3941,1000530134,其他組;;;零件盒;FW342;;SKD出越南特殊需求,EA,0.0,18.0,0.0,0.0,18.0,0.0,0.0,
3942,1000530135,背墊組;護蓋;;;FW342;;SKD出越南特殊需求,EA,0.0,18.0,0.0,0.0,18.0,0.0,0.0,
3943,1000530136,墊子組;;;黑曜石黑;FW342;;SKD出越南特殊需求,EA,0.0,18.0,0.0,0.0,18.0,0.0,0.0,
3944,1000530140,車架組;;;霧黑;FW342;;SKD出越南特殊需求,EA,0.0,18.0,0.0,0.0,18.0,0.0,0.0,
3945,1000530141,基座組;;;O-PF紫色;GM231B;;SKD出越南特殊需求,EA,0.0,86.0,0.0,0.0,86.0,0.0,0.0,122/123=điều chỉnh; chênh lệch=20.00
3946,1000530143,其他組;;;零件盒;霧黑;GM64;;SKD出越南特殊需求,EA,0.0,49.0,0.0,0.0,49.0,0.0,0.0,
3947,1000530144,車架組;;;霧黑;GM64;;SKD出越南特殊需求,EA,0.0,51.0,0.0,0.0,51.0,0.0,0.0,
3948,1000530147,上層選擇片組;;;;GM64;;SKD出越南特殊需求,EA,0.0,209.0,0.0,0.0,138.0,0.0,71.0,122/123=điều chỉnh; chênh lệch=19.00
3949,1000530148,護蓋組;;上;;GM64;;SKD出越南特殊需求,EA,0.0,239.0,0.0,0.0,138.0,0.0,101.0,122/123=điều chỉnh; chênh lệch=19.00
3950,1000530149,車架組;;;冰銀金;GM64;;SKD出越南特殊需求,EA,0.0,87.0,0.0,0.0,86.0,0.0,1.0,122/123=điều chỉnh; chênh lệch=18.00
3951,1000530150,其他組;;;零件盒;冰銀金;GM64;;SKD出越南特殊需求,EA,0.0,208.0,0.0,0.0,86.0,0.0,122.0,122/123=điều chỉnh; chênh lệch=18.00
3952,1000530153,車架組;;;黑高光;GM64;;SKD出越南特殊需求,EA,0.0,1.0,0.0,0.0,1.0,0.0,0.0,
3953,1000530154,護蓋組;;;;GM64;;SKD出越南特殊需求,EA,0.0,592.0,0.0,0.0,519.0,0.0,73.0,122/123=điều chỉnh; chênh lệch=38.00
3954,1000530157,其他組;;;零件盒;GT17B;;SKD出越南特殊需求,EA,0.0,10.0,0.0,0.0,5.0,0.0,5.0,
3955,1000530158,車架組;;;PF黃色 RAL1023;GT17B;;SKD出越南特殊需求,EA,0.0,70.0,0.0,0.0,5.0,0.0,65.0,
3956,1000530159,車架組;;;冰銀金;GM59;;SKD出越南特殊需求,EA,0.0,48.0,0.0,0.0,48.0,0.0,0.0,122/123=điều chỉnh; chênh lệch=21.00
3957,1000530160,其他組;;;零件盒;冰銀金;GM59;;SKD出越南特殊需求,EA,0.0,48.0,0.0,0.0,48.0,0.0,0.0,122/123=điều chỉnh; chênh lệch=21.00
3958,1000530165,墊子組;;;黑曜石黑;GM230B;;SKD出越南特殊需求,EA,0.0,22.0,0.0,0.0,22.0,0.0,0.0,122/123=điều chỉnh; chênh lệch=13.00
3959,1000530167,車架組;;;O-PF紫色;GM106E;;SKD出越南特殊需求,EA,0.0,196.0,0.0,0.0,196.0,0.0,0.0,122/123=điều chỉnh; chênh lệch=54.00
3960,1000530168,連接組;;上;霧黑;GM106E;;SKD出越南特殊需求,EA,0.0,243.0,0.0,0.0,243.0,0.0,0.0,122/123=điều chỉnh; chênh lệch=71.00
3961,1000530169,調整握把組;;左;O-PF紫色;GM106E;;SKD出越南特殊需求,EA,0.0,191.0,0.0,0.0,191.0,0.0,0.0,122/123=điều chỉnh; chênh lệch=54.00
3962,1000530170,調整握把組;;右;O-PF紫色;GM106E;;SKD出越南特殊需求,EA,0.0,191.0,0.0,0.0,191.0,0.0,0.0,122/123=điều chỉnh; chênh lệch=54.00
3963,1000530252,連接管;舉重桿;外;POM(塑膠鋼);黑色/Black C;;PL218;,EA,0.0,878.0,0.0,0.0,524.0,0.0,354.0,122/123=điều chỉnh; chênh lệch=400.00
3964,1000530253,連接套內管;舉重桿;;POM(塑膠鋼);黑色/Black C;;PL218;,EA,0.0,878.0,0.0,0.0,524.0,0.0,354.0,122/123=điều chỉnh; chênh lệch=400.00
3965,1000530760,連接軸套;;;20#;;PL700-KM;Φ76.0xΦ55x306L;升降組,EA,0.0,1.0,0.0,0.0,0.0,0.0,1.0,
3966,1000530800,固定片;心軸;左;SPHC;190.0x150X16T;;PL700-KM;,EA,0.0,1.0,0.0,0.0,0.0,0.0,1.0,
3967,1000530801,固定片;心軸;右;SPHC;200.1x150X10T;;PL700-KM;,EA,0.0,1.0,0.0,0.0,0.0,0.0,1.0,
3968,1000530803,補強板;;;SPHC;56.17x87.0x16T;;PL700-KM;,EA,0.0,1.0,0.0,0.0,0.0,0.0,1.0,
3969,1000530831,基座組;;;O-PF紫色;GM230B;;SKD出越南特殊需求,EA,0.0,5.0,0.0,0.0,4.0,0.0,1.0,
3970,1000530832,車架組;;;O-PF紫色;GM230B;;SKD出越南特殊需求,EA,0.0,5.0,0.0,0.0,4.0,0.0,1.0,
3971,1000530839,車架組;;;冰銀金;GM101;;SKD出越南特殊需求,EA,0.0,2.0,0.0,0.0,2.0,0.0,0.0,
3972,1000530840,基座組;;;冰銀金;GM101;;SKD出越南特殊需求,EA,0.0,2.0,0.0,0.0,2.0,0.0,0.0,
3973,1000530842,座椅組;;;冰銀金;GM101;;SKD出越南特殊需求,EA,0.0,2.0,0.0,0.0,2.0,0.0,0.0,
3974,1000530843,其他組;;;零件盒;冰銀金;GM101;;SKD出越南特殊需求,EA,0.0,2.0,0.0,0.0,2.0,0.0,0.0,
3975,1000530844,護蓋組;;;;GM101;;SKD出越南特殊需求,EA,0.0,15.0,0.0,0.0,15.0,0.0,0.0,
3976,1000530846,車架組;;;蕾絲白;GM101;;SKD出越南特殊需求,EA,0.0,1.0,0.0,0.0,1.0,0.0,0.0,
3977,1000530847,車架組;;;鈦金;GM101;;SKD出越南特殊需求,EA,0.0,2.0,0.0,0.0,2.0,0.0,0.0,
3978,1000530848,車架組;;;霧黑;GM101;;SKD出越南特殊需求,EA,0.0,10.0,0.0,0.0,10.0,0.0,0.0,
3979,1000530850,基座組;;;蕾絲白;GM101;;SKD出越南特殊需求,EA,0.0,1.0,0.0,0.0,1.0,0.0,0.0,
3980,1000530851,基座組;;;鈦金;GM101;;SKD出越南特殊需求,EA,0.0,2.0,0.0,0.0,2.0,0.0,0.0,
3981,1000530852,基座組;;;霧黑;GM101;;SKD出越南特殊需求,EA,0.0,10.0,0.0,0.0,10.0,0.0,0.0,
3982,1000530854,座椅組;;;蕾絲白;GM101;;SKD出越南特殊需求,EA,0.0,1.0,0.0,0.0,1.0,0.0,0.0,
3983,1000530855,座椅組;;;鈦金;GM101;;SKD出越南特殊需求,EA,0.0,2.0,0.0,0.0,2.0,0.0,0.0,
3984,1000530856,座椅組;;;霧黑;GM101;;SKD出越南特殊需求,EA,0.0,10.0,0.0,0.0,10.0,0.0,0.0,
3985,1000530858,其他組;;;零件盒;蕾絲白;GM101;;SKD出越南特殊需求,EA,0.0,1.0,0.0,0.0,1.0,0.0,0.0,
3986,1000530859,其他組;;;零件盒;鈦金;GM101;;SKD出越南特殊需求,EA,0.0,2.0,0.0,0.0,2.0,0.0,0.0,
3987,1000530860,其他組;;;零件盒;霧黑;GM101;;SKD出越南特殊需求,EA,0.0,10.0,0.0,0.0,10.0,0.0,0.0,
3988,1000530862,車架組;;;O-PF紫色;GM104CP;;SKD出越南特殊需求,EA,0.0,67.0,0.0,0.0,67.0,0.0,0.0,
3989,1000530863,連接管組;;;O-PF紫色;GM104CP;;SKD出越南特殊需求,EA,0.0,67.0,0.0,0.0,67.0,0.0,0.0,
3990,1000530864,把手組;;上;O-PF紫色;GM104CP;;SKD出越南特殊需求,EA,0.0,67.0,0.0,0.0,67.0,0.0,0.0,
3991,1000530865,座椅組;;;O-PF紫色;GM104CP;;SKD出越南特殊需求,EA,0.0,67.0,0.0,0.0,67.0,0.0,0.0,
3992,1000530866,其他組;;;零件盒;O-PF紫色;GM104CP;;SKD出越南特殊需求,EA,0.0,67.0,0.0,0.0,67.0,0.0,0.0,
3993,1000530867,車架組;;左;O-PF紫色;GM104CP;;SKD出越南特殊需求,EA,0.0,67.0,0.0,0.0,67.0,0.0,0.0,
3994,1000530868,車架組;;右;O-PF紫色;GM104CP;;SKD出越南特殊需求,EA,0.0,67.0,0.0,0.0,67.0,0.0,0.0,
3995,1000530869,護蓋組;;;PF紫色;GM104CP;;SKD出越南特殊需求,EA,0.0,72.0,0.0,0.0,67.0,0.0,5.0,
3996,1000530878,轉軸;轉動;;20CrMo;鍍鉻;PL700-KM;Φ25x367;,EA,0.0,1.0,0.0,0.0,0.0,0.0,1.0,
3997,1000530902,車架組;;;O-PF紫色;GM69G;;SKD出越南特殊需求,EA,0.0,76.0,0.0,0.0,76.0,0.0,0.0,
3998,1000530903,滑動桿組;;;;GM69G;;SKD出越南特殊需求,EA,0.0,76.0,0.0,0.0,76.0,0.0,0.0,
3999,1000530904,護蓋組;;上;;GM69G;;SKD出越南特殊需求,EA,0.0,76.0,0.0,0.0,76.0,0.0,0.0,
4000,1000530905,其他組;;;零件盒;O-PF紫色;GM69G;;SKD出越南特殊需求,EA,0.0,76.0,0.0,0.0,76.0,0.0,0.0,
4001,1000530906,上層選擇片組;;;;GM69G;;SKD出越南特殊需求,EA,0.0,76.0,0.0,0.0,76.0,0.0,0.0,
4002,1000530907,緩衝墊組;;;;GM69G;;SKD出越南特殊需求,EA,0.0,117.0,0.0,0.0,117.0,0.0,0.0,chênh lệch=41.00
4003,1000530908,握把組;;;O-PF紫色;GM69G;;SKD出越南特殊需求,EA,0.0,123.0,0.0,0.0,123.0,0.0,0.0,chênh lệch=47.00
4004,1000530909,墊子組;;;黑曜石黑;GM69G;;SKD出越南特殊需求,EA,0.0,40.0,0.0,0.0,40.0,0.0,0.0,
4005,1000530910,護蓋組;;;PF紫色;GM69G;;SKD出越南特殊需求,EA,0.0,76.0,0.0,0.0,76.0,0.0,0.0,
4006,1000530921,握把組;;;;MS52C;;SKD出越南特殊需求,EA,0.0,141.0,0.0,0.0,141.0,0.0,0.0,122/123=điều chỉnh; chênh lệch=63.00
4007,1000530922,其他組;;;零件盒;MS52C;;SKD出越南特殊需求,EA,0.0,107.0,0.0,0.0,107.0,0.0,0.0,122/123=điều chỉnh; chênh lệch=63.00
4008,1000530923,滑動桿組;;;;MS52C;;SKD出越南特殊需求,EA,0.0,107.0,0.0,0.0,107.0,0.0,0.0,122/123=điều chỉnh; chênh lệch=63.00
4009,1000530932,墊子組;;;黑曜石黑;MS52C;;SKD出越南特殊需求,EA,0.0,107.0,0.0,0.0,107.0,0.0,0.0,122/123=điều chỉnh; chênh lệch=53.00
4010,1000530933,車架組;;;霧黑;MS52C;;SKD出越南特殊需求,EA,0.0,107.0,0.0,0.0,107.0,0.0,0.0,122/123=điều chỉnh; chênh lệch=63.00
4011,1000530939,拆卸連接組;;;O-PF紫色;MS40L;;SKD出越南特殊需求,EA,0.0,34.0,0.0,0.0,34.0,0.0,0.0,
4012,1000530940,滑動桿組;;;;MS40L;;SKD出越南特殊需求,EA,0.0,34.0,0.0,0.0,34.0,0.0,0.0,
4013,1000530941,墊子組;;;黑曜石黑;MS40L;;SKD出越南特殊需求,EA,0.0,34.0,0.0,0.0,34.0,0.0,0.0,122/123=điều chỉnh; chênh lệch=20.00
4014,1000530942,其他組;;;零件盒;MS24E;;SKD出越南特殊需求,EA,0.0,34.0,0.0,0.0,34.0,0.0,0.0,
4015,1000530943,其他組;;;零件盒;MS51E;;SKD出越南特殊需求,EA,0.0,34.0,0.0,0.0,34.0,0.0,0.0,
4016,1000530944,其他組;;;零件盒;MS52D;;SKD出越南特殊需求,EA,0.0,34.0,0.0,0.0,34.0,0.0,0.0,
4017,1000530945,其他組;;;零件盒;MS52D;;SKD出越南特殊需求,EA,0.0,34.0,0.0,0.0,34.0,0.0,0.0,
4018,1000530946,車架組;;;O-PF紫色;MS24E;;SKD出越南特殊需求,EA,0.0,34.0,0.0,0.0,34.0,0.0,0.0,
4019,1000530947,車架組;;;O-PF紫色;MS51E;;SKD出越南特殊需求,EA,0.0,34.0,0.0,0.0,34.0,0.0,0.0,
4020,1000530948,車架組;;;O-PF紫色;MS52D;;SKD出越南特殊需求,EA,0.0,34.0,0.0,0.0,34.0,0.0,0.0,
4021,1000530949,車架組;;;O-PF紫色;MS53D;;SKD出越南特殊需求,EA,0.0,34.0,0.0,0.0,34.0,0.0,0.0,
4022,1000530975,車架組;;;冰銀金;MS10B;;SKD出越南特殊需求,EA,0.0,16.0,0.0,0.0,16.0,0.0,0.0,122/123=điều chỉnh; chênh lệch=15.00
4023,1000530976,護蓋組;;上;;MS10B;;SKD出越南特殊需求,EA,0.0,41.0,0.0,0.0,41.0,0.0,0.0,122/123=điều chỉnh
4024,1000530977,護蓋組;;下;;MS10B;;SKD出越南特殊需求,EA,0.0,41.0,0.0,0.0,41.0,0.0,0.0,122/123=điều chỉnh; chênh lệch=15.00
4025,1000530978,其他組;;;零件盒;MS10B;;SKD出越南特殊需求,EA,0.0,41.0,0.0,0.0,41.0,0.0,0.0,122/123=điều chỉnh; chênh lệch=15.00
4026,1000530979,連接管組;;;冰銀金;MS10B;;SKD出越南特殊需求,EA,0.0,38.0,0.0,0.0,38.0,0.0,0.0,122/123=điều chỉnh; chênh lệch=15.00
4027,1000530980,固定組;護蓋;;;MS10B;;SKD出越南特殊需求,EA,0.0,41.0,0.0,0.0,41.0,0.0,0.0,122/123=điều chỉnh; chênh lệch=15.00
4028,1000530983,貼標;護蓋;215.34x936.35;;;左前;;FBC黄色;GM113G,EA,0.0,648.0,0.0,0.0,156.0,0.0,492.0,
4029,1000530985,貼標;護蓋;215.34x936.35;;;右前;;FBC黄色;GM113G,EA,0.0,648.0,0.0,0.0,156.0,0.0,492.0,
4030,1000530987,貼標;護蓋;;;;後;;FBC 黄色GM113G,EA,0.0,653.0,0.0,0.0,161.0,0.0,492.0,
4031,1000530992,車架組;;;蕾絲白;MS10B;;SKD出越南特殊需求,EA,0.0,1.0,0.0,0.0,1.0,0.0,0.0,
4032,1000530995,連接管組;;;蕾絲白;MS10B;;SKD出越南特殊需求,EA,0.0,3.0,0.0,0.0,3.0,0.0,0.0,
4033,1000531002,車架組;;;冰銀金;MS11B;;SKD出越南特殊需求,EA,0.0,22.0,0.0,0.0,22.0,0.0,0.0,
4034,1000531003,車架組;;;蕾絲白;MS11B;;SKD出越南特殊需求,EA,0.0,2.0,0.0,0.0,2.0,0.0,0.0,
4035,1000531015,其他組;;;零件盒;MS51D;;SKD出越南特殊需求,EA,0.0,13.0,0.0,0.0,13.0,0.0,0.0,
4036,1000531017,握把組;;;;MS51D;;SKD出越南特殊需求,EA,0.0,13.0,0.0,0.0,13.0,0.0,0.0,
4037,1000531018,固定組;握把;;;MS51D;;SKD出越南特殊需求,EA,0.0,13.0,0.0,0.0,13.0,0.0,0.0,
4038,1000531020,墊子組;;;黑曜石黑;MS51D;;SKD出越南特殊需求,EA,0.0,13.0,0.0,0.0,13.0,0.0,0.0,122/123=điều chỉnh; chênh lệch=10.00
4039,1000531028,車架組;;;霧黑;MS51D;;SKD出越南特殊需求,EA,0.0,13.0,0.0,0.0,13.0,0.0,0.0,
4040,1000531033,雙滑輪組;;;霧黑;MS51D;;SKD出越南特殊需求,EA,0.0,13.0,0.0,0.0,13.0,0.0,0.0,
4041,1000531038,端蓋組;;;霧黑;MS51D;;SKD出越南特殊需求,EA,0.0,13.0,0.0,0.0,13.0,0.0,0.0,
4042,1000531048,車架組;;;冰銀金;GM105;;SKD出越南特殊需求,EA,0.0,31.0,0.0,0.0,31.0,0.0,0.0,122/123=điều chỉnh; chênh lệch=12.00
4043,1000531049,連接管組;;;冰銀金;GM105;;SKD出越南特殊需求,EA,0.0,31.0,0.0,0.0,31.0,0.0,0.0,122/123=điều chỉnh; chênh lệch=12.00
4044,1000531050,其他組;;;配重塊;GM105;;SKD出越南特殊需求,EA,0.0,42.0,0.0,0.0,42.0,0.0,0.0,122/123=điều chỉnh; chênh lệch=18.00
4045,1000531051,上層選擇片組;;;;GM105;;SKD出越南特殊需求,EA,0.0,152.0,0.0,0.0,152.0,0.0,0.0,122/123=điều chỉnh; chênh lệch=36.00
4046,1000531052,其他組;;;零件盒;冰銀金;GM105;;SKD出越南特殊需求,EA,0.0,31.0,0.0,0.0,31.0,0.0,0.0,122/123=điều chỉnh; chênh lệch=12.00
4047,1000531053,護蓋組;;上;;GM105;;SKD出越南特殊需求,EA,0.0,42.0,0.0,0.0,42.0,0.0,0.0,122/123=điều chỉnh; chênh lệch=18.00
4048,1000531054,握把組;;;冰銀金;GM105;;SKD出越南特殊需求,EA,0.0,31.0,0.0,0.0,31.0,0.0,0.0,122/123=điều chỉnh; chênh lệch=12.00
4049,1000531055,背墊固定管組;;;冰銀金;GM105;;SKD出越南特殊需求,EA,0.0,31.0,0.0,0.0,31.0,0.0,0.0,122/123=điều chỉnh; chênh lệch=12.00
4050,1000531065,車架組;;;霧黑;GM105;;SKD出越南特殊需求,EA,0.0,11.0,0.0,0.0,11.0,0.0,0.0,122/123=điều chỉnh; chênh lệch=6.00
4051,1000531069,連接管組;;;霧黑;GM105;;SKD出越南特殊需求,EA,0.0,11.0,0.0,0.0,11.0,0.0,0.0,122/123=điều chỉnh; chênh lệch=6.00
4052,1000531074,其他組;;;零件盒;霧黑;GM105;;SKD出越南特殊需求,EA,0.0,11.0,0.0,0.0,11.0,0.0,0.0,122/123=điều chỉnh; chênh lệch=6.00
4053,1000531078,握把組;;;霧黑;GM105;;SKD出越南特殊需求,EA,0.0,11.0,0.0,0.0,11.0,0.0,0.0,122/123=điều chỉnh; chênh lệch=6.00
4054,1000531082,背墊固定管組;;;霧黑;GM105;;SKD出越南特殊需求,EA,0.0,11.0,0.0,0.0,11.0,0.0,0.0,122/123=điều chỉnh; chênh lệch=6.00
4055,1000531106,車架組;;;霧黑;FW214;;SKD出越南特殊需求,EA,0.0,5.0,0.0,0.0,5.0,0.0,0.0,
4056,1000531107,護蓋組;;;;FW214;;SKD出越南特殊需求,EA,0.0,5.0,0.0,0.0,5.0,0.0,0.0,
4057,1000531108,螺絲包;;;;FW214;;SKD出越南特殊需求,EA,0.0,5.0,0.0,0.0,5.0,0.0,0.0,
4058,1000531109,其他組;;;零件盒;FW214;;SKD出越南特殊需求,EA,0.0,5.0,0.0,0.0,5.0,0.0,0.0,
4059,1000531110,其他組;;;止擋塊;FW214;;SKD出越南特殊需求,EA,0.0,5.0,0.0,0.0,5.0,0.0,0.0,
4060,1000531111,端蓋組;;;;FW214;;SKD出越南特殊需求,EA,0.0,5.0,0.0,0.0,5.0,0.0,0.0,
4061,1000531112,墊子組;;;;FW214;;SKD出越南特殊需求,EA,0.0,24.0,0.0,0.0,5.0,0.0,19.0,
4062,1000531121,車架組;;;霧黑;FW232;;SKD出越南特殊需求,EA,0.0,16.0,0.0,0.0,16.0,0.0,0.0,
4063,1000531124,保護套組;;下;掛棒;FW232;;SKD出越南特殊需求,EA,0.0,16.0,0.0,0.0,16.0,0.0,0.0,
4064,1000531125,保護套組;;上;掛棒;FW232;;SKD出越南特殊需求,EA,0.0,16.0,0.0,0.0,16.0,0.0,0.0,
4065,1000531126,緩衝墊組;;;;FW232;;SKD出越南特殊需求,EA,0.0,16.0,0.0,0.0,16.0,0.0,0.0,
4066,1000531127,腳墊組;;;;FW232;;SKD出越南特殊需求,EA,0.0,16.0,0.0,0.0,16.0,0.0,0.0,
4067,1000531128,螺絲包;;;;FW232;;SKD出越南特殊需求,EA,0.0,16.0,0.0,0.0,16.0,0.0,0.0,
4068,1000531132,車架組;;;冰銀金;GM239;;SKD出越南特殊需求,EA,0.0,6.0,0.0,0.0,6.0,0.0,0.0,
4069,1000531135,其他組;;;零件盒;GM239;;SKD出越南特殊需求,EA,0.0,6.0,0.0,0.0,6.0,0.0,0.0,
4070,1000531136,護蓋組;;上;;GM239;;SKD出越南特殊需求,EA,0.0,6.0,0.0,0.0,6.0,0.0,0.0,
4071,1000531137,護蓋組;;;;GM239;;SKD出越南特殊需求,EA,0.0,43.0,0.0,0.0,43.0,0.0,0.0,
4072,1000531155,基座組;;;O-PF紫色;GM127D;;SKD出越南特殊需求,EA,0.0,29.0,0.0,0.0,29.0,0.0,0.0,
4073,1000531156,車架組;;;O-PF紫色;GM127D;;SKD出越南特殊需求,EA,0.0,29.0,0.0,0.0,29.0,0.0,0.0,
4074,1000531157,墊子組;;;黑曜石黑;GM127D;;SKD出越南特殊需求,EA,0.0,42.0,0.0,0.0,42.0,0.0,0.0,
4075,1000531160,基座組;;;O-PF紫色;GM123D;;SKD出越南特殊需求,EA,0.0,50.0,0.0,0.0,50.0,0.0,0.0,
4076,1000531161,車架組;;;O-PF紫色;GM123D;;SKD出越南特殊需求,EA,0.0,50.0,0.0,0.0,50.0,0.0,0.0,
4077,1000531163,基座組;;;O-PF紫色;GM128D;;SKD出越南特殊需求,EA,0.0,27.0,0.0,0.0,27.0,0.0,0.0,
4078,1000531164,車架組;;;O-PF紫色;GM128D;;SKD出越南特殊需求,EA,0.0,27.0,0.0,0.0,27.0,0.0,0.0,
4079,1000531165,墊子組;;;黑曜石黑;GM128D;;SKD出越南特殊需求,EA,0.0,62.0,0.0,0.0,35.0,0.0,27.0,122/123=điều chỉnh; chênh lệch=7.00
4080,1000531166,墊子組;;;黑曜石黑;GM123D;;SKD出越南特殊需求,EA,0.0,54.0,0.0,0.0,54.0,0.0,0.0,122/123=điều chỉnh; chênh lệch=32.00
4081,1000531177,車架組;;;霧黑;GM237;;SKD出越南特殊需求,EA,0.0,27.0,0.0,0.0,27.0,0.0,0.0,
4082,1000531182,護蓋組;;上;;GM237;;SKD出越南特殊需求,EA,0.0,27.0,0.0,0.0,27.0,0.0,0.0,
4083,1000531184,護蓋組;;;;GM237;;SKD出越南特殊需求,EA,0.0,24.0,0.0,0.0,24.0,0.0,0.0,
4084,1000531193,其他組;;;零件盒;霧黑;GM237;;SKD出越南特殊需求,EA,0.0,27.0,0.0,0.0,27.0,0.0,0.0,
4085,1000531222,車架組;;;冰銀金;GM10B;;SKD出越南特殊需求,EA,0.0,37.0,0.0,0.0,37.0,0.0,0.0,
4086,1000531226,其他組;;;零件盒;GM10B;;SKD出越南特殊需求,EA,0.0,37.0,0.0,0.0,37.0,0.0,0.0,
4087,1000531227,護蓋組;;上;;GM10B;;SKD出越南特殊需求,EA,0.0,37.0,0.0,0.0,37.0,0.0,0.0,
4088,1000531230,車架組;;;PF黃色 RAL1023;GT09B;;SKD出越南特殊需求,EA,0.0,23.0,0.0,0.0,23.0,0.0,0.0,
4089,1000531232,其他組;;;零件盒;PF黃色 RAL1023;GT09B;;SKD出越南特殊需求,EA,0.0,14.0,0.0,0.0,14.0,0.0,0.0,
4090,1000531234,基座組;;;O-PF紫色;GM116C;;SKD出越南特殊需求,EA,0.0,49.0,0.0,0.0,49.0,0.0,0.0,
4091,1000531235,車架組;;;O-PF紫色;GM116C;;SKD出越南特殊需求,EA,0.0,49.0,0.0,0.0,49.0,0.0,0.0,
4092,1000531236,墊子組;;;黑曜石黑;GM116C;;SKD出越南特殊需求,EA,0.0,66.0,0.0,0.0,66.0,0.0,0.0,122/123=điều chỉnh; chênh lệch=74.00
4093,1000531238,車架組;;;PF黃色 RAL1023;GT19B;;SKD出越南特殊需求,EA,0.0,26.0,0.0,0.0,26.0,0.0,0.0,
4094,1000531239,其他組;;;零件盒;GT19B;;SKD出越南特殊需求,EA,0.0,26.0,0.0,0.0,26.0,0.0,0.0,
4095,1000531240,護蓋組;;左;;GT19B;;SKD出越南特殊需求,EA,0.0,26.0,0.0,0.0,26.0,0.0,0.0,
4096,1000531241,護蓋組;;右;;GT19B;;SKD出越南特殊需求,EA,0.0,26.0,0.0,0.0,26.0,0.0,0.0,
4097,1000531243,車架組;;;O-PF紫色;FW223D;;SKD出越南特殊需求,EA,0.0,13.0,0.0,0.0,13.0,0.0,0.0,
4098,1000531244,護蓋組;;;背墊;FW223D;;SKD出越南特殊需求,EA,0.0,53.0,0.0,0.0,53.0,0.0,0.0,
4099,1000531245,墊子組;;;黑曜石黑;FW223D;;SKD出越南特殊需求,EA,0.0,53.0,0.0,0.0,53.0,0.0,0.0,
4100,1000531251,車架組;;;冰銀金;GM100;;SKD出越南特殊需求,EA,0.0,49.0,0.0,0.0,49.0,0.0,0.0,122/123=điều chỉnh; chênh lệch=12.00
4101,1000531252,連接組;;;冰銀金;GM100;;SKD出越南特殊需求,EA,0.0,49.0,0.0,0.0,49.0,0.0,0.0,122/123=điều chỉnh; chênh lệch=12.00
4102,1000531253,護蓋組;;上;;GM100;;SKD出越南特殊需求,EA,0.0,101.0,0.0,0.0,101.0,0.0,0.0,
4103,1000531255,其他組;;;零件盒;冰銀金;GM100;;SKD出越南特殊需求,EA,0.0,49.0,0.0,0.0,49.0,0.0,0.0,122/123=điều chỉnh; chênh lệch=12.00
4104,1000531258,車架組;;;霧黑;GM100;;SKD出越南特殊需求,EA,0.0,52.0,0.0,0.0,52.0,0.0,0.0,122/123=điều chỉnh; chênh lệch=32.00
4105,1000531262,連接組;;;霧黑;GM100;;SKD出越南特殊需求,EA,0.0,52.0,0.0,0.0,52.0,0.0,0.0,122/123=điều chỉnh; chênh lệch=32.00
4106,1000531266,其他組;;;零件盒;霧黑;GM100;;SKD出越南特殊需求,EA,0.0,52.0,0.0,0.0,52.0,0.0,0.0,122/123=điều chỉnh; chênh lệch=32.00
4107,1000531271,車架組;;;冰銀金;FW337;;SKD出越南特殊需求,EA,0.0,3.0,0.0,0.0,3.0,0.0,0.0,
4108,1000531273,車架組;;;霧黑;FW337;;SKD出越南特殊需求,EA,0.0,60.0,0.0,0.0,60.0,0.0,0.0,122/123=điều chỉnh; chênh lệch=20.00
4109,1000531274,其他組;;;零件盒;FW337;;SKD出越南特殊需求,EA,0.0,63.0,0.0,0.0,63.0,0.0,0.0,122/123=điều chỉnh; chênh lệch=3.00
4110,1000531275,緩衝墊組;;下;;FW337;;SKD出越南特殊需求,EA,0.0,63.0,0.0,0.0,63.0,0.0,0.0,122/123=điều chỉnh; chênh lệch=3.00
4111,1000531276,緩衝墊組;;上;;FW337;;SKD出越南特殊需求,EA,0.0,63.0,0.0,0.0,63.0,0.0,0.0,122/123=điều chỉnh; chênh lệch=3.00
4112,1000531277,螺絲包;;;;FW337;;SKD出越南特殊需求,EA,0.0,63.0,0.0,0.0,63.0,0.0,0.0,122/123=điều chỉnh; chênh lệch=3.00
4113,1000531282,車架組;;;冰銀金;GM234;;SKD出越南特殊需求,EA,0.0,9.0,0.0,0.0,9.0,0.0,0.0,
4114,1000531283,車架組;;;霧黑;GM234;;SKD出越南特殊需求,EA,0.0,2.0,0.0,0.0,2.0,0.0,0.0,
4115,1000531285,其他組;;;零件盒;GM234;;SKD出越南特殊需求,EA,0.0,11.0,0.0,0.0,11.0,0.0,0.0,122/123=điều chỉnh; chênh lệch=9.00
4116,1000531286,護蓋組;;上;;GM234;;SKD出越南特殊需求,EA,0.0,11.0,0.0,0.0,11.0,0.0,0.0,122/123=điều chỉnh; chênh lệch=9.00
4117,1000531287,護蓋組;;;;GM234;;SKD出越南特殊需求,EA,0.0,11.0,0.0,0.0,11.0,0.0,0.0,122/123=điều chỉnh; chênh lệch=9.00
4118,1000531462,貼地桿組;;前;霧黑;CB206;;SKD出越南特殊需求,EA,0.0,30.0,0.0,0.0,30.0,0.0,0.0,
4119,1000531463,貼地桿組;;後;霧黑;CB206;;SKD出越南特殊需求,EA,0.0,30.0,0.0,0.0,30.0,0.0,0.0,
4120,1000531475,車架組;;;霧黑;EP719;;SKD出越南特殊需求,EA,0.0,86.0,0.0,0.0,86.0,0.0,0.0,122/123=điều chỉnh; chênh lệch=72.00
4121,1000531479,車架組;;;蕾絲白;EP719D;;SKD出越南特殊需求,EA,0.0,3.0,0.0,0.0,3.0,0.0,0.0,
4122,1000531486,車架組;;;霧黑;RB209;;SKD出越南特殊需求,EA,0.0,30.0,0.0,0.0,30.0,0.0,0.0,
4123,1000531493,車架組;;;石墨灰;RB209C;;SKD出越南特殊需求,EA,0.0,60.0,0.0,0.0,60.0,0.0,0.0,
4124,1000531494,貼地桿組;;前;石墨灰;RB209C;;SKD出越南特殊需求,EA,0.0,60.0,0.0,0.0,60.0,0.0,0.0,
4125,1000531495,貼地桿組;;後;石墨灰;RB209C;;SKD出越南特殊需求,EA,0.0,60.0,0.0,0.0,60.0,0.0,0.0,
4126,1000531530,車架組;;;;霧黑;;GM61;SKD出越南特殊需求,EA,0.0,40.0,0.0,0.0,40.0,0.0,0.0,122/123=điều chỉnh
4127,1000531531,車架組;;;;冰銀金;;GM61;SKD出越南特殊需求,EA,0.0,55.0,0.0,0.0,54.0,0.0,1.0,122/123=điều chỉnh; chênh lệch=26.00
4128,1000531534,車架組;;;;冰銀金;;MS20F;SKD出越南特殊需求,EA,0.0,20.0,0.0,0.0,20.0,0.0,0.0,
4129,1000531535,車架組;;;;霧黑;;MS20F;SKD出越南特殊需求,EA,0.0,5.0,0.0,0.0,5.0,0.0,0.0,
4130,1000531536,車架組;;;;霧黑;;GM68;SKD出越南特殊需求,EA,0.0,24.0,0.0,0.0,24.0,0.0,0.0,122/123=điều chỉnh; chênh lệch=3.00
4131,1000531537,車架組;;;;霧黑;;GM63;SKD出越南特殊需求,EA,0.0,41.0,0.0,0.0,41.0,0.0,0.0,122/123=điều chỉnh; chênh lệch=15.00
4132,1000531538,車架組;;;;霧黑;;GM73C;SKD出越南特殊需求,EA,0.0,10.0,0.0,0.0,10.0,0.0,0.0,
4133,1000531539,車架組;;;;霧黑;;GT19;SKD出越南特殊需求,EA,0.0,5.0,0.0,0.0,5.0,0.0,0.0,122/123=điều chỉnh; chênh lệch=3.00
4134,1000531540,車架組;;;;霧黑;;GT17;SKD出越南特殊需求,EA,0.0,30.0,0.0,0.0,30.0,0.0,0.0,
4135,1000531541,基座組;;;;霧黑;;GT09;SKD出越南特殊需求,EA,0.0,55.0,0.0,0.0,45.0,0.0,10.0,
4136,1000531542,基座組;;;;霧黑;;GM236;SKD出越南特殊需求,EA,0.0,6.0,0.0,0.0,6.0,0.0,0.0,
4137,1000531545,基座組;;;;O-PF紫色;;GM116G;SKD出越南特殊需求,EA,0.0,27.0,0.0,0.0,27.0,0.0,0.0,122/123=điều chỉnh; chênh lệch=12.00
4138,1000531546,車架組;;;;O-PF紫色;;GM116G;SKD出越南特殊需求,EA,0.0,27.0,0.0,0.0,27.0,0.0,0.0,122/123=điều chỉnh; chênh lệch=28.00
4139,1000531547,基座組;;;;O-PF紫色;;GM114G;SKD出越南特殊需求,EA,0.0,86.0,0.0,0.0,86.0,0.0,0.0,
4140,1000531548,車架組;;;;O-PF紫色;;GM114G;SKD出越南特殊需求,EA,0.0,86.0,0.0,0.0,86.0,0.0,0.0,
4141,1000531549,基座組;;;;O-PF紫色;;GM129G;SKD出越南特殊需求,EA,0.0,15.0,0.0,0.0,15.0,0.0,0.0,
4142,1000531550,車架組;;;;O-PF紫色;;GM129G;SKD出越南特殊需求,EA,0.0,15.0,0.0,0.0,15.0,0.0,0.0,
4143,1000531551,基座組;;;;O-PF紫色;;GM128G;SKD出越南特殊需求,EA,0.0,8.0,0.0,0.0,8.0,0.0,0.0,
4144,1000531552,車架組;;;;O-PF紫色;;GM128G;SKD出越南特殊需求,EA,0.0,8.0,0.0,0.0,8.0,0.0,0.0,
4145,1000531553,基座組;;;;O-PF紫色;;GM124G;SKD出越南特殊需求,EA,0.0,7.0,0.0,0.0,7.0,0.0,0.0,
4146,1000531554,車架組;;;;O-PF紫色;;GM124G;SKD出越南特殊需求,EA,0.0,7.0,0.0,0.0,7.0,0.0,0.0,
4147,1000531555,基座組;;;;O-PF紫色;;GM123G;SKD出越南特殊需求,EA,0.0,4.0,0.0,0.0,4.0,0.0,0.0,
4148,1000531556,車架組;;;;O-PF紫色;;GM123G;SKD出越南特殊需求,EA,0.0,4.0,0.0,0.0,4.0,0.0,0.0,
4149,1000531557,穩定管組;;;;冰銀金;;MS20F;SKD出越南特殊需求,EA,0.0,20.0,0.0,0.0,20.0,0.0,0.0,
4150,1000531584,車架組;;;霧黑;GM106D;;SKD出越南特殊需求,EA,0.0,52.0,0.0,0.0,52.0,0.0,0.0,122/123=điều chỉnh; chênh lệch=8.00
4151,1000531588,調整握把組;;左;霧黑;GM106D;;SKD出越南特殊需求,EA,0.0,73.0,0.0,0.0,52.0,0.0,21.0,
4152,1000531589,調整握把組;;右;霧黑;GM106D;;SKD出越南特殊需求,EA,0.0,73.0,0.0,0.0,52.0,0.0,21.0,
4153,1000531602,車架組;;;冰銀金;FW224B;;SKD出越南特殊需求,EA,0.0,11.0,0.0,0.0,10.0,0.0,1.0,
4154,1000531606,連接管組;;;冰銀金;FW224B;;SKD出越南特殊需求,EA,0.0,11.0,0.0,0.0,10.0,0.0,1.0,
4155,1000531610,其他組;;;零件盒;冰銀金;FW224B;;SKD出越南特殊需求,EA,0.0,11.0,0.0,0.0,10.0,0.0,1.0,
4156,1000531638,護蓋組;;左;;GM118;;SKD出越南特殊需求,EA,0.0,320.0,0.0,0.0,319.0,0.0,1.0,122/123=điều chỉnh; chênh lệch=119.00
4157,1000531639,護蓋組;;右;;GM118;;SKD出越南特殊需求,EA,0.0,320.0,0.0,0.0,319.0,0.0,1.0,122/123=điều chỉnh; chênh lệch=119.00
4158,1000531640,護蓋組;;後;;GM118;;SKD出越南特殊需求,EA,0.0,320.0,0.0,0.0,319.0,0.0,1.0,122/123=điều chỉnh; chênh lệch=116.00
4159,1000531670,車架組;;;冰銀金;FW223;;SKD出越南特殊需求,EA,0.0,20.0,0.0,0.0,20.0,0.0,0.0,
4160,1000531674,車架組;;;霧黑;FW223;;SKD出越南特殊需求,EA,0.0,20.0,0.0,0.0,20.0,0.0,0.0,
4161,1000531682,基座組;;;霧黑;GM231F;;SKD出越南特殊需求,EA,0.0,2.0,0.0,0.0,2.0,0.0,0.0,
4162,1000531683,車架組;;;霧黑;GM231F;;SKD出越南特殊需求,EA,0.0,2.0,0.0,0.0,2.0,0.0,0.0,
4163,1000531799,基座組;;;霧黑;GM111F;;SKD出越南特殊需求,EA,0.0,9.0,0.0,0.0,9.0,0.0,0.0,
4164,1000531800,車架組;;;霧黑;GM111F;;SKD出越南特殊需求,EA,0.0,9.0,0.0,0.0,9.0,0.0,0.0,
4165,1000531812,基座組;;;霧黑;GM112F;;SKD出越南特殊需求,EA,0.0,18.0,0.0,0.0,18.0,0.0,0.0,
4166,1000531813,車架組;;;霧黑;GM112F;;SKD出越南特殊需求,EA,0.0,18.0,0.0,0.0,18.0,0.0,0.0,
4167,1000531828,基座組;;;蕾絲白;GM113F;;SKD出越南特殊需求,EA,0.0,1.0,0.0,0.0,1.0,0.0,0.0,
4168,1000531829,車架組;;;蕾絲白;GM113F;;SKD出越南特殊需求,EA,0.0,1.0,0.0,0.0,1.0,0.0,0.0,
4169,1000531833,基座組;;;霧黑;GM117F;;SKD出越南特殊需求,EA,0.0,3.0,0.0,0.0,3.0,0.0,0.0,
4170,1000531835,車架組;;;霧黑;GM117F;;SKD出越南特殊需求,EA,0.0,3.0,0.0,0.0,3.0,0.0,0.0,
4171,1000531857,基座組;;;霧黑;GM122F;;SKD出越南特殊需求,EA,0.0,10.0,0.0,0.0,10.0,0.0,0.0,
4172,1000531858,車架組;;;霧黑;GM122F;;SKD出越南特殊需求,EA,0.0,10.0,0.0,0.0,10.0,0.0,0.0,
4173,1000531861,基座組;;;冰銀金;GM122F;;SKD出越南特殊需求,EA,0.0,10.0,0.0,0.0,10.0,0.0,0.0,
4174,1000531862,車架組;;;冰銀金;GM122F;;SKD出越南特殊需求,EA,0.0,10.0,0.0,0.0,10.0,0.0,0.0,
4175,1000531871,基座組;;;霧黑;GM126F;;SKD出越南特殊需求,EA,0.0,6.0,0.0,0.0,6.0,0.0,0.0,
4176,1000531872,車架組;;;霧黑;GM126F;;SKD出越南特殊需求,EA,0.0,6.0,0.0,0.0,6.0,0.0,0.0,
4177,1000531874,基座組;;;霧黑;GM230F;;SKD出越南特殊需求,EA,0.0,43.0,0.0,0.0,43.0,0.0,0.0,
4178,1000531875,車架組;;;霧黑;GM230F;;SKD出越南特殊需求,EA,0.0,43.0,0.0,0.0,43.0,0.0,0.0,
4179,1000531925,車架組;;;霧黑;GM66;;SKD出越南特殊需求,EA,0.0,36.0,0.0,0.0,36.0,0.0,0.0,122/123=điều chỉnh; chênh lệch=20.00
4180,1000531926,其他組;;;零件盒;霧黑;GM66;;SKD出越南特殊需求,EA,0.0,36.0,0.0,0.0,36.0,0.0,0.0,122/123=điều chỉnh; chênh lệch=20.00
4181,1000531927,護蓋組;;上;;GM66;;SKD出越南特殊需求,EA,0.0,64.0,0.0,0.0,63.0,0.0,1.0,122/123=điều chỉnh; chênh lệch=20.00
4182,1000531931,車架組;;;冰銀金;GM66;;SKD出越南特殊需求,EA,0.0,26.0,0.0,0.0,26.0,0.0,0.0,
4183,1000531932,車架組;;;蕾絲白;GM66;;SKD出越南特殊需求,EA,0.0,2.0,0.0,0.0,1.0,0.0,1.0,
4184,1000531933,其他組;;;零件盒;冰銀金;GM66;;SKD出越南特殊需求,EA,0.0,26.0,0.0,0.0,26.0,0.0,0.0,
4185,1000531934,其他組;;;零件盒;蕾絲白;GM66;;SKD出越南特殊需求,EA,0.0,2.0,0.0,0.0,1.0,0.0,1.0,
4186,1000531937,車架組;;;霧黑;GM62;;SKD出越南特殊需求,EA,0.0,28.0,0.0,0.0,28.0,0.0,0.0,
4187,1000531938,其他組;;;零件盒;霧黑;GM62;;SKD出越南特殊需求,EA,0.0,28.0,0.0,0.0,28.0,0.0,0.0,
4188,1000531939,護蓋組;;上;;GM62;;SKD出越南特殊需求,EA,0.0,74.0,0.0,0.0,74.0,0.0,0.0,122/123=điều chỉnh; chênh lệch=20.00
4189,1000531944,車架組;;;冰銀金;GM62;;SKD出越南特殊需求,EA,0.0,46.0,0.0,0.0,46.0,0.0,0.0,122/123=điều chỉnh; chênh lệch=20.00
4190,1000531947,其他組;;;零件盒;冰銀金;GM62;;SKD出越南特殊需求,EA,0.0,46.0,0.0,0.0,46.0,0.0,0.0,122/123=điều chỉnh; chênh lệch=20.00
4191,1000531959,車架組;;;霧黑;GT05;;SKD出越南特殊需求,EA,0.0,15.0,0.0,0.0,15.0,0.0,0.0,
4192,1000531973,基座組;;;霧黑;GM211B;;SKD出越南特殊需求,EA,0.0,5.0,0.0,0.0,5.0,0.0,0.0,
4193,1000531974,車架組;;;霧黑;GM211B;;SKD出越南特殊需求,EA,0.0,5.0,0.0,0.0,5.0,0.0,0.0,
4194,1000532005,支撐座組;;;霧黑;AS1850;;SKD出越南特殊需求,EA,0.0,10.0,0.0,0.0,10.0,0.0,0.0,
4195,1000532015,握把組;;;;AS1853;;SKD出越南特殊需求,EA,0.0,198.0,0.0,0.0,198.0,0.0,0.0,122/123=điều chỉnh; chênh lệch=50.00
4196,1000532021,選擇片組;輔助;;黑平光;AS1855;;SKD出越南特殊需求,EA,0.0,209.0,0.0,0.0,209.0,0.0,0.0,
4197,1000532051,基座組;;;霧黑;GM217B;;SKD出越南特殊需求,EA,0.0,20.0,0.0,0.0,19.0,0.0,1.0,
4198,1000532052,車架組;;;霧黑;GM217B;;SKD出越南特殊需求,EA,0.0,20.0,0.0,0.0,19.0,0.0,1.0,
4199,1000532114,車架組;;;石墨灰;FC210B;;SKD出越南特殊需求,EA,0.0,161.0,0.0,0.0,161.0,0.0,0.0,122/123=điều chỉnh; chênh lệch=111.00
4200,1000532116,座墊組;;;;FC210B;;SKD出越南特殊需求,EA,0.0,161.0,0.0,0.0,161.0,0.0,0.0,122/123=điều chỉnh; chênh lệch=111.00
4201,1000532118,其他組;;;零件盒;FC210B;;SKD出越南特殊需求,EA,0.0,161.0,0.0,0.0,161.0,0.0,0.0,122/123=điều chỉnh; chênh lệch=111.00
4202,1000532119,貼地桿組;;前;石墨灰;FC210B;;SKD出越南特殊需求,EA,0.0,161.0,0.0,0.0,161.0,0.0,0.0,122/123=điều chỉnh; chênh lệch=111.00
4203,1000532120,貼地桿組;;後;石墨灰;FC210B;;SKD出越南特殊需求,EA,0.0,161.0,0.0,0.0,161.0,0.0,0.0,122/123=điều chỉnh; chênh lệch=111.00
4204,1000532237,車架組;;;冰銀金;FW229;;SKD出越南特殊需求,EA,0.0,15.0,0.0,0.0,15.0,0.0,0.0,
4205,1000532238,其他組;;;零件盒;冰銀金;FW229;;SKD出越南特殊需求,EA,0.0,15.0,0.0,0.0,15.0,0.0,0.0,
4206,1000532247,腿墊轉臂組;;;冰銀金;FW229;;SKD出越南特殊需求,EA,0.0,15.0,0.0,0.0,15.0,0.0,0.0,
4207,1000532250,氣壓棒組;;;;FW229;;SKD出越南特殊需求,EA,0.0,25.0,0.0,0.0,25.0,0.0,0.0,
4208,1000532251,墊子組;;;黑曜石黑;FW229;;SKD出越南特殊需求,EA,0.0,25.0,0.0,0.0,25.0,0.0,0.0,
4209,1000532273,車架組;;;霧黑;FW229;;SKD出越南特殊需求,EA,0.0,10.0,0.0,0.0,10.0,0.0,0.0,
4210,1000532276,其他組;;;零件盒;霧黑;FW229;;SKD出越南特殊需求,EA,0.0,10.0,0.0,0.0,10.0,0.0,0.0,
4211,1000532279,腿墊轉臂組;;;霧黑;FW229;;SKD出越南特殊需求,EA,0.0,10.0,0.0,0.0,10.0,0.0,0.0,
4212,1000532283,握把;擺臂;;20#;;;Φ50*120.5L;GM125-D34,EA,0.0,158.0,0.0,0.0,122.0,0.0,36.0,
4213,1000532284,心軸;把手;;20#;;GM125;Φ25.4X175.0L;GM125-D35,EA,0.0,172.0,0.0,0.0,0.0,0.0,172.0,
4214,1000532305,基座組;;;O-PF紫色;GM112G;;SKD出越南特殊需求,EA,0.0,9.0,0.0,0.0,9.0,0.0,0.0,122/123=điều chỉnh; chênh lệch=3.00
4215,1000532306,車架組;;;O-PF紫色;GM112G;;SKD出越南特殊需求,EA,0.0,9.0,0.0,0.0,9.0,0.0,0.0,122/123=điều chỉnh; chênh lệch=3.00
4216,1000532312,基座組;;;O-PF紫色;GM230G;;SKD出越南特殊需求,EA,0.0,27.0,0.0,0.0,27.0,0.0,0.0,122/123=điều chỉnh; chênh lệch=13.00
4217,1000532313,車架組;;;O-PF紫色;GM230G;;SKD出越南特殊需求,EA,0.0,27.0,0.0,0.0,27.0,0.0,0.0,122/123=điều chỉnh; chênh lệch=13.00
4218,1000532315,基座組;;;霧黑;GM226B;;SKD出越南特殊需求,EA,0.0,14.0,0.0,0.0,14.0,0.0,0.0,122/123=điều chỉnh; chênh lệch=4.00
4219,1000532316,車架組;;;霧黑;GM226B;;SKD出越南特殊需求,EA,0.0,14.0,0.0,0.0,14.0,0.0,0.0,122/123=điều chỉnh; chênh lệch=4.00
4220,1000532318,基座組;;;冰銀金;GM226B;;SKD出越南特殊需求,EA,0.0,10.0,0.0,0.0,10.0,0.0,0.0,
4221,1000532319,車架組;;;冰銀金;GM226B;;SKD出越南特殊需求,EA,0.0,10.0,0.0,0.0,10.0,0.0,0.0,
4222,1000532347,基座組;;;O-PF紫色;GM127G;;SKD出越南特殊需求,EA,0.0,13.0,0.0,0.0,13.0,0.0,0.0,
4223,1000532348,車架組;;;O-PF紫色;GM127G;;SKD出越南特殊需求,EA,0.0,13.0,0.0,0.0,13.0,0.0,0.0,
4224,1000532353,基座組;;;O-PF紫色;GM113G;;SKD出越南特殊需求,EA,0.0,8.0,0.0,0.0,8.0,0.0,0.0,
4225,1000532354,車架組;;;O-PF紫色;GM113G;;SKD出越南特殊需求,EA,0.0,8.0,0.0,0.0,8.0,0.0,0.0,
4226,1000532408,基座組;;;O-PF紫色;GM231G;;SKD出越南特殊需求,EA,0.0,27.0,0.0,0.0,27.0,0.0,0.0,
4227,1000532409,車架組;;;O-PF紫色;GM231G;;SKD出越南特殊需求,EA,0.0,27.0,0.0,0.0,27.0,0.0,0.0,
4228,1000532420,墊子組;;;黑曜石黑;GM121G;;SKD出越南特殊需求,EA,0.0,9.0,0.0,0.0,9.0,0.0,0.0,
4229,1000532423,基座組;;;O-PF紫色;GM121G;;SKD出越南特殊需求,EA,0.0,9.0,0.0,0.0,9.0,0.0,0.0,
4230,1000532424,車架組;;;O-PF紫色;GM121G;;SKD出越南特殊需求,EA,0.0,9.0,0.0,0.0,9.0,0.0,0.0,
4231,1000532473,拆卸連接組;;;冰銀金;AS1110;;SKD出越南特殊需求,EA,0.0,10.0,0.0,0.0,10.0,0.0,0.0,
4232,1000532490,拆卸連接組;;;霧黑;AS1110;;SKD出越南特殊需求,EA,0.0,61.0,0.0,0.0,15.0,0.0,46.0,
4233,1000532491,拆卸連接組;;;美國紅;AS1110;;SKD出越南特殊需求,EA,0.0,5.0,0.0,0.0,0.0,0.0,5.0,
4234,1000532499,連接組;;;霧黑;GM106CK;;SKD出越南特殊需求,EA,0.0,50.0,0.0,0.0,50.0,0.0,0.0,
4235,1000532511,拆卸連接組;;;霧黑;AS1111;;SKD出越南特殊需求,EA,0.0,5.0,0.0,0.0,5.0,0.0,0.0,
4236,1000532515,拆卸連接組;;;冰銀金;AS1112;;SKD出越南特殊需求,EA,0.0,9.0,0.0,0.0,9.0,0.0,0.0,
4237,1000532524,拆卸連接組;;;蕾絲白;AS1112;;SKD出越南特殊需求,EA,0.0,1.0,0.0,0.0,1.0,0.0,0.0,
4238,1000532525,拆卸連接組;;;霧黑;AS1112;;SKD出越南特殊需求,EA,0.0,20.0,0.0,0.0,20.0,0.0,0.0,
4239,1000532532,拆卸連接組;;;霧黑;AS1960;;SKD出越南特殊需求,EA,0.0,21.0,0.0,0.0,0.0,0.0,21.0,
4240,1000532547,基座組;;;O-PF紫色;GM126G;;SKD出越南特殊需求,EA,0.0,52.0,0.0,0.0,52.0,0.0,0.0,
4241,1000532548,車架組;;;O-PF紫色;GM126G;;SKD出越南特殊需求,EA,0.0,52.0,0.0,0.0,52.0,0.0,0.0,
4242,1000532559,基座組;;;O-PF紫色;GM111G;;SKD出越南特殊需求,EA,0.0,16.0,0.0,0.0,14.0,0.0,2.0,
4243,1000532560,車架組;;;O-PF紫色;GM111G;;SKD出越南特殊需求,EA,0.0,16.0,0.0,0.0,14.0,0.0,2.0,
4244,1000532571,基座組;;;O-PF紫色;GM119G;;SKD出越南特殊需求,EA,0.0,8.0,0.0,0.0,8.0,0.0,0.0,122/123=điều chỉnh; chênh lệch=8.00
4245,1000532572,車架組;;;O-PF紫色;GM119G;;SKD出越南特殊需求,EA,0.0,8.0,0.0,0.0,8.0,0.0,0.0,122/123=điều chỉnh; chênh lệch=8.00
4246,1000533112,護蓋組;;;;AS1111;;SKD出越南特殊需求,EA,0.0,5.0,0.0,0.0,5.0,0.0,0.0,
4247,1000533125,基座組;;;霧黑;GM227B;;SKD出越南特殊需求,EA,0.0,10.0,0.0,0.0,10.0,0.0,0.0,
4248,1000533126,車架組;;;霧黑;GM227B;;SKD出越南特殊需求,EA,0.0,10.0,0.0,0.0,10.0,0.0,0.0,
4249,1000533128,基座組;;;冰銀金;GM227B;;SKD出越南特殊需求,EA,0.0,10.0,0.0,0.0,10.0,0.0,0.0,
4250,1000533129,車架組;;;冰銀金;GM227B;;SKD出越南特殊需求,EA,0.0,10.0,0.0,0.0,10.0,0.0,0.0,
4251,1000533133,基座組;;;霧黑;GM218B;;SKD出越南特殊需求,EA,0.0,13.0,0.0,0.0,13.0,0.0,0.0,
4252,1000533134,車架組;;;霧黑;GM218B;;SKD出越南特殊需求,EA,0.0,13.0,0.0,0.0,13.0,0.0,0.0,
4253,1000533137,基座組;;;冰銀金;GM218B;;SKD出越南特殊需求,EA,0.0,9.0,0.0,0.0,9.0,0.0,0.0,
4254,1000533138,車架組;;;冰銀金;GM218B;;SKD出越南特殊需求,EA,0.0,9.0,0.0,0.0,9.0,0.0,0.0,
4255,1000533139,基座組;;;蕾絲白;GM218B;;SKD出越南特殊需求,EA,0.0,1.0,0.0,0.0,1.0,0.0,0.0,
4256,1000533140,車架組;;;蕾絲白;GM218B;;SKD出越南特殊需求,EA,0.0,1.0,0.0,0.0,1.0,0.0,0.0,
4257,1000533170,基座組;;;;霧黑;;GM220B;SKD出越南特殊需求,EA,0.0,8.0,0.0,0.0,8.0,0.0,0.0,
4258,1000533171,車架組;;;;霧黑;;GM220B;SKD出越南特殊需求,EA,0.0,8.0,0.0,0.0,8.0,0.0,0.0,
4259,1000533173,基座組;;;;冰銀金;;GM220B;SKD出越南特殊需求,EA,0.0,8.0,0.0,0.0,8.0,0.0,0.0,122/123=điều chỉnh; chênh lệch=3.00
4260,1000533174,車架組;;;;冰銀金;;GM220B;SKD出越南特殊需求,EA,0.0,8.0,0.0,0.0,8.0,0.0,0.0,122/123=điều chỉnh; chênh lệch=3.00
4261,1000533310,車架組;;;;霧黑;;GM129F;SKD出越南特殊需求,EA,0.0,10.0,0.0,0.0,10.0,0.0,0.0,
4262,1000533312,基座組;;;;霧黑;;GM129F;SKD出越南特殊需求,EA,0.0,10.0,0.0,0.0,10.0,0.0,0.0,
4263,1000533313,其他組;;;;零件盒;;GM129G;SKD出越南特殊需求,EA,0.0,15.0,0.0,0.0,15.0,0.0,0.0,
4264,1000533314,護蓋組;;;;;;GM129G;SKD出越南特殊需求,EA,0.0,15.0,0.0,0.0,15.0,0.0,0.0,
4265,1000533315,選擇片組;;;;;;GM129G;SKD出越南特殊需求,EA,0.0,15.0,0.0,0.0,15.0,0.0,0.0,
4266,1000533317,墊子組;;;;黑曜石黑;;GM129G;SKD出越南特殊需求,EA,0.0,15.0,0.0,0.0,15.0,0.0,0.0,
4267,1000533335,其他組;;;;零件盒;;GM129F;SKD出越南特殊需求,EA,0.0,29.0,0.0,0.0,29.0,0.0,0.0,
4268,1000533336,護蓋組;;;;;;GM129F;SKD出越南特殊需求,EA,0.0,29.0,0.0,0.0,29.0,0.0,0.0,
4269,1000533337,選擇片組;;;;;;GM129F;SKD出越南特殊需求,EA,0.0,29.0,0.0,0.0,29.0,0.0,0.0,
4270,1000533342,車架組;;;;冰銀金;;GM129F;SKD出越南特殊需求,EA,0.0,19.0,0.0,0.0,19.0,0.0,0.0,
4271,1000533343,基座組;;;;冰銀金;;GM129F;SKD出越南特殊需求,EA,0.0,19.0,0.0,0.0,19.0,0.0,0.0,
4272,1000533406,基座組;;;;霧黑;;GM61;SKD出越南特殊需求,EA,0.0,40.0,0.0,0.0,40.0,0.0,0.0,122/123=điều chỉnh
4273,1000533407,其他組;;;;零件盒;;GM61;SKD出越南特殊需求,EA,0.0,91.0,0.0,0.0,91.0,0.0,0.0,
4274,1000533408,護蓋組;;;;;;GM61;SKD出越南特殊需求,EA,0.0,91.0,0.0,0.0,91.0,0.0,0.0,
4275,1000533409,選擇片組;;;;;;GM61;SKD出越南特殊需求,EA,0.0,91.0,0.0,0.0,91.0,0.0,0.0,
4276,1000533424,基座組;;;;冰銀金;;GM61;SKD出越南特殊需求,EA,0.0,51.0,0.0,0.0,51.0,0.0,0.0,
4277,1000533446,車架組;;;;O-PF紫色;;GM121E;SKD出越南特殊需求,EA,0.0,33.0,0.0,0.0,33.0,0.0,0.0,
4278,1000533449,基座組;;;;O-PF紫色;;GM121E;SKD出越南特殊需求,EA,0.0,33.0,0.0,0.0,33.0,0.0,0.0,
4279,1000533450,其他組;;;;零件盒;;GM121E;SKD出越南特殊需求,EA,0.0,33.0,0.0,0.0,29.0,0.0,4.0,
4280,1000533452,護蓋組;;;;;;GM121E;SKD出越南特殊需求,EA,0.0,33.0,0.0,0.0,29.0,0.0,4.0,
4281,1000533456,墊子組;;;;黑曜石黑;;GM121E;SKD出越南特殊需求,EA,0.0,20.0,0.0,0.0,20.0,0.0,0.0,
4282,1000533482,車架組;;;;霧黑;;GM212B;SKD出越南特殊需求,EA,0.0,15.0,0.0,0.0,7.0,0.0,8.0,122/123=điều chỉnh; chênh lệch=3.00
4283,1000533483,基座組;;;;霧黑;;GM212B;SKD出越南特殊需求,EA,0.0,15.0,0.0,0.0,7.0,0.0,8.0,122/123=điều chỉnh; chênh lệch=3.00
4284,1000533484,其他組;;;;零件盒;;GM212B;SKD出越南特殊需求,EA,0.0,23.0,0.0,0.0,15.0,0.0,8.0,122/123=điều chỉnh; chênh lệch=3.00
4285,1000533486,護蓋組;;;;;;GM212B;SKD出越南特殊需求,EA,0.0,23.0,0.0,0.0,15.0,0.0,8.0,122/123=điều chỉnh; chênh lệch=3.00
4286,1000533487,選擇片組;;;;;;GM212B;SKD出越南特殊需求,EA,0.0,23.0,0.0,0.0,15.0,0.0,8.0,122/123=điều chỉnh; chênh lệch=3.00
4287,1000533493,車架組;;;;冰銀金;;GM212B;SKD出越南特殊需求,EA,0.0,8.0,0.0,0.0,8.0,0.0,0.0,
4288,1000533495,基座組;;;;冰銀金;;GM212B;SKD出越南特殊需求,EA,0.0,8.0,0.0,0.0,8.0,0.0,0.0,
4289,1000533504,車架組;;;;霧黑;;GM219B;SKD出越南特殊需求,EA,0.0,10.0,0.0,0.0,10.0,0.0,0.0,
4290,1000533505,基座組;;;;霧黑;;GM219B;SKD出越南特殊需求,EA,0.0,10.0,0.0,0.0,10.0,0.0,0.0,
4291,1000533506,其他組;;;;零件盒;;GM219B;SKD出越南特殊需求,EA,0.0,20.0,0.0,0.0,20.0,0.0,0.0,
4292,1000533508,護蓋組;;;;;;GM219B;SKD出越南特殊需求,EA,0.0,20.0,0.0,0.0,20.0,0.0,0.0,
4293,1000533509,選擇片組;;;;;;GM219B;SKD出越南特殊需求,EA,0.0,20.0,0.0,0.0,20.0,0.0,0.0,
4294,1000533515,車架組;;;;冰銀金;;GM219B;SKD出越南特殊需求,EA,0.0,10.0,0.0,0.0,10.0,0.0,0.0,
4295,1000533516,基座組;;;;冰銀金;;GM219B;SKD出越南特殊需求,EA,0.0,10.0,0.0,0.0,10.0,0.0,0.0,
4296,1000533525,車架組;;;;霧黑;;GM222B;SKD出越南特殊需求,EA,0.0,10.0,0.0,0.0,10.0,0.0,0.0,
4297,1000533526,基座組;;;;霧黑;;GM222B;SKD出越南特殊需求,EA,0.0,10.0,0.0,0.0,10.0,0.0,0.0,
4298,1000533527,其他組;;;;零件盒;;GM222B;SKD出越南特殊需求,EA,0.0,24.0,0.0,0.0,24.0,0.0,0.0,122/123=điều chỉnh; chênh lệch=6.00
4299,1000533530,護蓋組;;;;;;GM222B;SKD出越南特殊需求,EA,0.0,24.0,0.0,0.0,24.0,0.0,0.0,122/123=điều chỉnh; chênh lệch=6.00
4300,1000533531,選擇片組;;;;;;GM222B;SKD出越南特殊需求,EA,0.0,24.0,0.0,0.0,24.0,0.0,0.0,122/123=điều chỉnh; chênh lệch=6.00
4301,1000533533,車架組;;;;冰銀金;;GM222B;SKD出越南特殊需求,EA,0.0,14.0,0.0,0.0,14.0,0.0,0.0,122/123=điều chỉnh; chênh lệch=6.00
4302,1000533534,基座組;;;;冰銀金;;GM222B;SKD出越南特殊需求,EA,0.0,14.0,0.0,0.0,14.0,0.0,0.0,122/123=điều chỉnh; chênh lệch=6.00
4303,1000533546,車架組;;;;霧黑;;GM229B;SKD出越南特殊需求,EA,0.0,11.0,0.0,0.0,11.0,0.0,0.0,
4304,1000533548,基座組;;;;霧黑;;GM229B;SKD出越南特殊需求,EA,0.0,11.0,0.0,0.0,11.0,0.0,0.0,
4305,1000533551,其他組;;;;零件盒;;GM229B;SKD出越南特殊需求,EA,0.0,23.0,0.0,0.0,23.0,0.0,0.0,
4306,1000533554,護蓋組;;;;;;GM229B;SKD出越南特殊需求,EA,0.0,23.0,0.0,0.0,23.0,0.0,0.0,
4307,1000533555,支撐組;;;霧黑(Black Matte);AS1846;;SKD出越南特殊需求,EA,0.0,50.0,0.0,0.0,50.0,0.0,0.0,
4308,1000533557,選擇片組;;;;;;GM229B;SKD出越南特殊需求,EA,0.0,23.0,0.0,0.0,23.0,0.0,0.0,
4309,1000533561,車架組;;;;冰銀金;;GM229B;SKD出越南特殊需求,EA,0.0,12.0,0.0,0.0,12.0,0.0,0.0,
4310,1000533562,基座組;;;;冰銀金;;GM229B;SKD出越南特殊需求,EA,0.0,12.0,0.0,0.0,12.0,0.0,0.0,
4311,1000533598,穩定管組;;;;霧黑;;MS20F;SKD出越南特殊需求,EA,0.0,5.0,0.0,0.0,5.0,0.0,0.0,
4312,1000533600,拆卸連接組;;;;霧黑;;MS20F;SKD出越南特殊需求,EA,0.0,5.0,0.0,0.0,5.0,0.0,0.0,
4313,1000533604,其他組;;;;零件盒;;MS20F;SKD出越南特殊需求,EA,0.0,5.0,0.0,0.0,5.0,0.0,0.0,
4314,1000533605,護蓋組;;;;;;MS20F;SKD出越南特殊需求,EA,0.0,5.0,0.0,0.0,5.0,0.0,0.0,
4315,1000533607,選擇片組;;;;;;MS20F;SKD出越南特殊需求,EA,0.0,5.0,0.0,0.0,5.0,0.0,0.0,
4316,1000533633,車架組;;;;霧黑(Black Matte);;GM115F;SKD出越南特殊需,EA,0.0,10.0,0.0,0.0,10.0,0.0,0.0,
4317,1000533634,基座組;;;;霧黑(Black Matte);;GM115F;SKD出越南特殊需,EA,0.0,10.0,0.0,0.0,10.0,0.0,0.0,
4318,1000533635,其他組;;;;零件盒;;GM115F;SKD出越南特殊需求,EA,0.0,30.0,0.0,0.0,30.0,0.0,0.0,
4319,1000533636,護蓋組;;;;;;GM115F;SKD出越南特殊需求,EA,0.0,30.0,0.0,0.0,30.0,0.0,0.0,
4320,1000533637,選擇片組;;;;;;GM115F;SKD出越南特殊需求,EA,0.0,30.0,0.0,0.0,30.0,0.0,0.0,
4321,1000533645,其他組;;;;零件盒;;GM02C;SKD出越南特殊需求,EA,0.0,20.0,0.0,0.0,20.0,0.0,0.0,
4322,1000533646,護蓋組;;;;;;GM02C;SKD出越南特殊需求,EA,0.0,20.0,0.0,0.0,20.0,0.0,0.0,
4323,1000533647,選擇片組;;;;;;GM02C;SKD出越南特殊需求,EA,0.0,20.0,0.0,0.0,20.0,0.0,0.0,
4324,1000533651,車架組;;;;霧黑;;GM02C;SKD出越南特殊需求,EA,0.0,20.0,0.0,0.0,20.0,0.0,0.0,
4325,1000533652,基座組;;;;霧黑;;GM02C;SKD出越南特殊需求,EA,0.0,20.0,0.0,0.0,20.0,0.0,0.0,
4326,1000533664,其他組;;;;零件盒;;GM223B;SKD出越南特殊需求,EA,0.0,2.0,0.0,0.0,2.0,0.0,0.0,
4327,1000533665,護蓋組;;;;;;GM223B;SKD出越南特殊需求,EA,0.0,2.0,0.0,0.0,2.0,0.0,0.0,
4328,1000533666,選擇片組;;;;;;GM223B;SKD出越南特殊需求,EA,0.0,2.0,0.0,0.0,2.0,0.0,0.0,
4329,1000533669,車架組;;;;冰銀金;;GM223B;SKD出越南特殊需求,EA,0.0,2.0,0.0,0.0,2.0,0.0,0.0,
4330,1000533670,基座組;;;;冰銀金;;GM223B;SKD出越南特殊需求,EA,0.0,2.0,0.0,0.0,2.0,0.0,0.0,
4331,1000533679,其他組;;;;零件盒;;GM224B;SKD出越南特殊需求,EA,0.0,8.0,0.0,0.0,8.0,0.0,0.0,
4332,1000533680,護蓋組;;;;;;GM224B;SKD出越南特殊需求,EA,0.0,8.0,0.0,0.0,8.0,0.0,0.0,
4333,1000533681,選擇片組;;;;;;GM224B;SKD出越南特殊需求,EA,0.0,8.0,0.0,0.0,8.0,0.0,0.0,
4334,1000533697,其他組;;;;零件盒;;GM116F;SKD出越南特殊需求,EA,0.0,20.0,0.0,0.0,19.0,0.0,1.0,
4335,1000533698,護蓋組;;;;;;GM116F;SKD出越南特殊需求,EA,0.0,20.0,0.0,0.0,19.0,0.0,1.0,
4336,1000533699,選擇片組;;;;;;GM116F;SKD出越南特殊需求,EA,0.0,20.0,0.0,0.0,19.0,0.0,1.0,
4337,1000533709,車架組;;;;霧黑(Black Matte);;GM225B;SKD出越南特殊需,EA,0.0,1.0,0.0,0.0,1.0,0.0,0.0,
4338,1000533710,基座組;;;;霧黑(Black Matte);;GM225B;SKD出越南特殊需,EA,0.0,1.0,0.0,0.0,1.0,0.0,0.0,
4339,1000533711,其他組;;;;零件盒;;GM225B;SKD出越南特殊需求,EA,0.0,1.0,0.0,0.0,1.0,0.0,0.0,
4340,1000533712,護蓋組;;;;;;GM225B;SKD出越南特殊需求,EA,0.0,1.0,0.0,0.0,1.0,0.0,0.0,
4341,1000533713,選擇片組;;;;;;GM225B;SKD出越南特殊需求,EA,0.0,1.0,0.0,0.0,1.0,0.0,0.0,
4342,1000533804,其他組;;;;零件盒;;GM124F;SKD出越南特殊需求,EA,0.0,29.0,0.0,0.0,21.0,0.0,8.0,122/123=điều chỉnh; chênh lệch=9.00
4343,1000533805,護蓋組;;;;;;GM124F;SKD出越南特殊需求,EA,0.0,29.0,0.0,0.0,21.0,0.0,8.0,122/123=điều chỉnh; chênh lệch=9.00
4344,1000533806,選擇片組;;;;;;GM124F;SKD出越南特殊需求,EA,0.0,29.0,0.0,0.0,21.0,0.0,8.0,122/123=điều chỉnh; chênh lệch=9.00
4345,1000533809,車架組;;;;霧黑;;GM124H;SKD出越南特殊需求,EA,0.0,1.0,0.0,0.0,1.0,0.0,0.0,
4346,1000533810,基座組;;;;霧黑;;GM124H;SKD出越南特殊需求,EA,0.0,1.0,0.0,0.0,1.0,0.0,0.0,
4347,1000533811,其他組;;;;零件盒;;GM124H;SKD出越南特殊需求,EA,0.0,1.0,0.0,0.0,1.0,0.0,0.0,
4348,1000533812,護蓋組;;;;;;GM124H;SKD出越南特殊需求,EA,0.0,1.0,0.0,0.0,1.0,0.0,0.0,
4349,1000533813,選擇片組;;;;;;GM124H;SKD出越南特殊需求,EA,0.0,1.0,0.0,0.0,1.0,0.0,0.0,
4350,1000533814,"墊子組;;;;午夜黑,Onyx;;GM124H;SKD出越南特殊需求",EA,0.0,1.0,0.0,0.0,1.0,0.0,0.0,
4351,1000533866,其他組;;;;零件盒;;GM127F;SKD出越南特殊需求,EA,0.0,11.0,0.0,0.0,11.0,0.0,0.0,122/123=điều chỉnh; chênh lệch=1.00
4352,1000533867,護蓋組;;;;;;GM127F;SKD出越南特殊需求,EA,0.0,11.0,0.0,0.0,11.0,0.0,0.0,122/123=điều chỉnh; chênh lệch=1.00
4353,1000533868,選擇片組;;;;;;GM127F;SKD出越南特殊需求,EA,0.0,11.0,0.0,0.0,11.0,0.0,0.0,122/123=điều chỉnh; chênh lệch=1.00
4354,1000533894,車架組;;;;霧黑;;GM128F;SKD出越南特殊需求,EA,0.0,9.0,0.0,0.0,9.0,0.0,0.0,
4355,1000533895,基座組;;;;霧黑;;GM128F;SKD出越南特殊需求,EA,0.0,9.0,0.0,0.0,9.0,0.0,0.0,
4356,1000533896,其他組;;;;零件盒;;GM128F;SKD出越南特殊需求,EA,0.0,44.0,0.0,0.0,44.0,0.0,0.0,122/123=điều chỉnh; chênh lệch=9.00
4357,1000533897,護蓋組;;;;;;GM128F;SKD出越南特殊需求,EA,0.0,24.0,0.0,0.0,24.0,0.0,0.0,122/123=điều chỉnh; chênh lệch=9.00
4358,1000533898,選擇片組;;;;;;GM128F;SKD出越南特殊需求,EA,0.0,44.0,0.0,0.0,44.0,0.0,0.0,122/123=điều chỉnh; chênh lệch=9.00
4359,1000533930,其他組;;;;零件盒;;GM213B;SKD出越南特殊需求,EA,0.0,1.0,0.0,0.0,1.0,0.0,0.0,
4360,1000533931,護蓋組;;;;;;GM213B;SKD出越南特殊需求,EA,0.0,1.0,0.0,0.0,1.0,0.0,0.0,
4361,1000533932,選擇片組;;;;;;GM213B;SKD出越南特殊需求,EA,0.0,1.0,0.0,0.0,1.0,0.0,0.0,
4362,1000533948,車架組;;;;冰銀金;;GM214B;SKD出越南特殊需求,EA,0.0,10.0,0.0,0.0,10.0,0.0,0.0,
4363,1000533949,基座組;;;;冰銀金;;GM214B;SKD出越南特殊需求,EA,0.0,10.0,0.0,0.0,10.0,0.0,0.0,
4364,1000533950,其他組;;;;零件盒;;GM214B;SKD出越南特殊需求,EA,0.0,20.0,0.0,0.0,20.0,0.0,0.0,
4365,1000533951,護蓋組;;;;;;GM214B;SKD出越南特殊需求,EA,0.0,20.0,0.0,0.0,20.0,0.0,0.0,
4366,1000533952,選擇片組;;;;;;GM214B;SKD出越南特殊需求,EA,0.0,20.0,0.0,0.0,20.0,0.0,0.0,
4367,1000533955,車架組;;;;霧黑;;GM214B;SKD出越南特殊需求,EA,0.0,10.0,0.0,0.0,10.0,0.0,0.0,
4368,1000533956,基座組;;;;霧黑;;GM214B;SKD出越南特殊需求,EA,0.0,10.0,0.0,0.0,10.0,0.0,0.0,
4369,1000533969,車架組;;;;霧黑;;GM216B;SKD出越南特殊需求,EA,0.0,10.0,0.0,0.0,9.0,0.0,1.0,
4370,1000533970,基座組;;;;霧黑;;GM216B;SKD出越南特殊需求,EA,0.0,10.0,0.0,0.0,9.0,0.0,1.0,
4371,1000533971,其他組;;;;零件盒;;GM216B;SKD出越南特殊需求,EA,0.0,24.0,0.0,0.0,23.0,0.0,1.0,
4372,1000533972,護蓋組;;;;;;GM216B;SKD出越南特殊需求,EA,0.0,24.0,0.0,0.0,23.0,0.0,1.0,
4373,1000533973,選擇片組;;;;;;GM216B;SKD出越南特殊需求,EA,0.0,24.0,0.0,0.0,23.0,0.0,1.0,
4374,1000533987,其他組;;;;零件盒;;GM03;SKD出越南特殊需求,EA,0.0,5.0,0.0,0.0,5.0,0.0,0.0,
4375,1000533988,護蓋組;;;;;;GM03;SKD出越南特殊需求,EA,0.0,5.0,0.0,0.0,5.0,0.0,0.0,
4376,1000533989,選擇片組;;;;;;GM03;SKD出越南特殊需求,EA,0.0,5.0,0.0,0.0,5.0,0.0,0.0,
4377,1000533992,車架組;;;;冰銀金;;GM03;SKD出越南特殊需求,EA,0.0,5.0,0.0,0.0,5.0,0.0,0.0,
4378,1000533993,基座組;;;;冰銀金;;GM03;SKD出越南特殊需求,EA,0.0,5.0,0.0,0.0,5.0,0.0,0.0,
4379,1000534004,其他組;;;;零件盒;;GM11C;SKD出越南特殊需求,EA,0.0,10.0,0.0,0.0,10.0,0.0,0.0,
4380,1000534005,護蓋組;;;;;;GM11C;SKD出越南特殊需求,EA,0.0,10.0,0.0,0.0,10.0,0.0,0.0,
4381,1000534006,選擇片組;;;;;;GM11C;SKD出越南特殊需求,EA,0.0,10.0,0.0,0.0,10.0,0.0,0.0,
4382,1000534009,車架組;;;;霧黑;;GM11C;SKD出越南特殊需求,EA,0.0,10.0,0.0,0.0,10.0,0.0,0.0,
4383,1000534010,基座組;;;;霧黑;;GM11C;SKD出越南特殊需求,EA,0.0,10.0,0.0,0.0,10.0,0.0,0.0,
4384,1000534012,車架組;;;;冰銀金;;GM12C;SKD出越南特殊需求,EA,0.0,5.0,0.0,0.0,5.0,0.0,0.0,
4385,1000534013,基座組;;;;冰銀金;;GM12C;SKD出越南特殊需求,EA,0.0,5.0,0.0,0.0,5.0,0.0,0.0,
4386,1000534014,其他組;;;;零件盒;;GM12C;SKD出越南特殊需求,EA,0.0,15.0,0.0,0.0,15.0,0.0,0.0,122/123=điều chỉnh; chênh lệch=5.00
4387,1000534015,護蓋組;;;;;;GM12C;SKD出越南特殊需求,EA,0.0,24.0,0.0,0.0,15.0,0.0,9.0,122/123=điều chỉnh; chênh lệch=5.00
4388,1000534016,選擇片組;;;;;;GM12C;SKD出越南特殊需求,EA,0.0,15.0,0.0,0.0,15.0,0.0,0.0,
4389,1000534019,車架組;;;;霧黑;;GM12C;SKD出越南特殊需求,EA,0.0,10.0,0.0,0.0,10.0,0.0,0.0,
4390,1000534020,基座組;;;;霧黑;;GM12C;SKD出越南特殊需求,EA,0.0,10.0,0.0,0.0,10.0,0.0,0.0,
4391,1000534027,其他組;;;;零件盒;;GM13C;SKD出越南特殊需求,EA,0.0,18.0,0.0,0.0,18.0,0.0,0.0,122/123=điều chỉnh; chênh lệch=8.00
4392,1000534028,護蓋組;;;;;;GM13C;SKD出越南特殊需求,EA,0.0,18.0,0.0,0.0,18.0,0.0,0.0,122/123=điều chỉnh; chênh lệch=8.00
4393,1000534029,選擇片組;;;;;;GM13C;SKD出越南特殊需求,EA,0.0,18.0,0.0,0.0,18.0,0.0,0.0,
4394,1000534032,車架組;;;;霧黑;;GM13C;SKD出越南特殊需求,EA,0.0,18.0,0.0,0.0,18.0,0.0,0.0,122/123=điều chỉnh; chênh lệch=8.00
4395,1000534033,基座組;;;;霧黑;;GM13C;SKD出越南特殊需求,EA,0.0,18.0,0.0,0.0,18.0,0.0,0.0,122/123=điều chỉnh; chênh lệch=8.00
4396,1000534037,其他組;;;;零件盒;;GM14C;SKD出越南特殊需求,EA,0.0,10.0,0.0,0.0,10.0,0.0,0.0,
4397,1000534038,護蓋組;;;;;;GM14C;SKD出越南特殊需求,EA,0.0,10.0,0.0,0.0,10.0,0.0,0.0,
4398,1000534039,選擇片組;;;;;;GM14C;SKD出越南特殊需求,EA,0.0,10.0,0.0,0.0,10.0,0.0,0.0,
4399,1000534042,車架組;;;;霧黑;;GM14C;SKD出越南特殊需求,EA,0.0,10.0,0.0,0.0,10.0,0.0,0.0,
4400,1000534043,基座組;;;;霧黑;;GM14C;SKD出越南特殊需求,EA,0.0,10.0,0.0,0.0,10.0,0.0,0.0,
4401,1000534048,車架組;;;;冰銀金;;GM17;SKD出越南特殊需求,EA,0.0,6.0,0.0,0.0,6.0,0.0,0.0,
4402,1000534049,基座組;;;;冰銀金;;GM17;SKD出越南特殊需求,EA,0.0,6.0,0.0,0.0,6.0,0.0,0.0,
4403,1000534050,其他組;;;;零件盒;;GM17;SKD出越南特殊需求,EA,0.0,26.0,0.0,0.0,26.0,0.0,0.0,122/123=điều chỉnh; chênh lệch=6.00
4404,1000534051,護蓋組;;;;;;GM17;SKD出越南特殊需求,EA,0.0,26.0,0.0,0.0,26.0,0.0,0.0,
4405,1000534052,選擇片組;;;;;;GM17;SKD出越南特殊需求,EA,0.0,26.0,0.0,0.0,26.0,0.0,0.0,
4406,1000534055,車架組;;;;冰銀金;;GM18;SKD出越南特殊需求,EA,0.0,10.0,0.0,0.0,10.0,0.0,0.0,
4407,1000534056,基座組;;;;冰銀金;;GM18;SKD出越南特殊需求,EA,0.0,10.0,0.0,0.0,10.0,0.0,0.0,
4408,1000534057,其他組;;;;零件盒;;GM18;SKD出越南特殊需求,EA,0.0,20.0,0.0,0.0,20.0,0.0,0.0,
4409,1000534058,護蓋組;;;;;;GM18;SKD出越南特殊需求,EA,0.0,20.0,0.0,0.0,20.0,0.0,0.0,
4410,1000534059,選擇片組;;;;;;GM18;SKD出越南特殊需求,EA,0.0,20.0,0.0,0.0,20.0,0.0,0.0,
4411,1000534065,車架組;;;;冰銀金;;GM19;SKD出越南特殊需求,EA,0.0,5.0,0.0,0.0,5.0,0.0,0.0,
4412,1000534066,基座組;;;;冰銀金;;GM19;SKD出越南特殊需求,EA,0.0,5.0,0.0,0.0,5.0,0.0,0.0,
4413,1000534067,其他組;;;;零件盒;;GM19;SKD出越南特殊需求,EA,0.0,5.0,0.0,0.0,5.0,0.0,0.0,
4414,1000534068,護蓋組;;;;;;GM19;SKD出越南特殊需求,EA,0.0,5.0,0.0,0.0,5.0,0.0,0.0,
4415,1000534069,選擇片組;;;;;;GM19;SKD出越南特殊需求,EA,0.0,5.0,0.0,0.0,5.0,0.0,0.0,
4416,1000534095,車架組;;;;冰銀金;;GM235;SKD出越南特殊需求,EA,0.0,5.0,0.0,0.0,5.0,0.0,0.0,
4417,1000534096,基座組;;;;冰銀金;;GM235;SKD出越南特殊需求,EA,0.0,5.0,0.0,0.0,5.0,0.0,0.0,
4418,1000534097,其他組;;;;零件盒;;GM235;SKD出越南特殊需求,EA,0.0,10.0,0.0,0.0,10.0,0.0,0.0,
4419,1000534098,護蓋組;;;;;;GM235;SKD出越南特殊需求,EA,0.0,10.0,0.0,0.0,10.0,0.0,0.0,
4420,1000534099,選擇片組;;;;;;GM235;SKD出越南特殊需求,EA,0.0,10.0,0.0,0.0,10.0,0.0,0.0,
4421,1000534102,車架組;;;;霧黑;;GM235;SKD出越南特殊需求,EA,0.0,5.0,0.0,0.0,5.0,0.0,0.0,
4422,1000534103,基座組;;;;霧黑;;GM235;SKD出越南特殊需求,EA,0.0,5.0,0.0,0.0,5.0,0.0,0.0,
4423,1000534110,其他組;;;;零件盒;;GM236;SKD出越南特殊需求,EA,0.0,6.0,0.0,0.0,6.0,0.0,0.0,
4424,1000534111,護蓋組;;;;;;GM236;SKD出越南特殊需求,EA,0.0,6.0,0.0,0.0,6.0,0.0,0.0,
4425,1000534112,選擇片組;;;;;;GM236;SKD出越南特殊需求,EA,0.0,6.0,0.0,0.0,6.0,0.0,0.0,
4426,1000534127,車架組;;;;冰銀金;;GM23C;SKD出越南特殊需求,EA,0.0,5.0,0.0,0.0,5.0,0.0,0.0,
4427,1000534128,基座組;;;;冰銀金;;GM23C;SKD出越南特殊需求,EA,0.0,5.0,0.0,0.0,5.0,0.0,0.0,
4428,1000534129,其他組;;;;零件盒;;GM23C;SKD出越南特殊需求,EA,0.0,5.0,0.0,0.0,5.0,0.0,0.0,
4429,1000534130,護蓋組;;;;;;GM23C;SKD出越南特殊需求,EA,0.0,5.0,0.0,0.0,5.0,0.0,0.0,
4430,1000534131,選擇片組;;;;;;GM23C;SKD出越南特殊需求,EA,0.0,5.0,0.0,0.0,5.0,0.0,0.0,
4431,1000534254,車架組;;;;霧黑(Black Matte);;GM228B;SKD出越南特殊需,EA,0.0,10.0,0.0,0.0,10.0,0.0,0.0,
4432,1000534255,基座組;;;;霧黑(Black Matte);;GM228B;SKD出越南特殊需,EA,0.0,10.0,0.0,0.0,10.0,0.0,0.0,
4433,1000534256,其他組;;;;零件盒;;GM228B;SKD出越南特殊需求,EA,0.0,14.0,0.0,0.0,14.0,0.0,0.0,
4434,1000534257,護蓋組;;;;;;GM228B;SKD出越南特殊需求,EA,0.0,14.0,0.0,0.0,14.0,0.0,0.0,
4435,1000534258,選擇片組;;;;;;GM228B;SKD出越南特殊需求,EA,0.0,14.0,0.0,0.0,14.0,0.0,0.0,
4436,1000534303,車架組;;;;霧黑(Black Matte);;GM120F;SKD出越南特殊需,EA,0.0,10.0,0.0,0.0,10.0,0.0,0.0,
4437,1000534304,基座組;;;;霧黑(Black Matte);;GM120F;SKD出越南特殊需,EA,0.0,10.0,0.0,0.0,10.0,0.0,0.0,
4438,1000534305,其他組;;;;零件盒;;GM120F;SKD出越南特殊需求,EA,0.0,35.0,0.0,0.0,35.0,0.0,0.0,
4439,1000534306,護蓋組;;;;;;GM120F;SKD出越南特殊需求,EA,0.0,35.0,0.0,0.0,35.0,0.0,0.0,
4440,1000534307,選擇片組;;;;;;GM120F;SKD出越南特殊需求,EA,0.0,35.0,0.0,0.0,35.0,0.0,0.0,
4441,1000534310,車架組;;;;霧黑(Black Matte);;GM121F;SKD出越南特殊需,EA,0.0,11.0,0.0,0.0,11.0,0.0,0.0,
4442,1000534311,基座組;;;;霧黑(Black Matte);;GM121F;SKD出越南特殊需,EA,0.0,11.0,0.0,0.0,11.0,0.0,0.0,
4443,1000534312,其他組;;;;零件盒;;GM121F;SKD出越南特殊需求,EA,0.0,18.0,0.0,0.0,18.0,0.0,0.0,
4444,1000534313,護蓋組;;;;;;GM121F;SKD出越南特殊需求,EA,0.0,18.0,0.0,0.0,18.0,0.0,0.0,
4445,1000534314,選擇片組;;;;;;GM121F;SKD出越南特殊需求,EA,0.0,18.0,0.0,0.0,18.0,0.0,0.0,
4446,1000534340,其他組;;;;零件盒;;GM121;SKD出越南特殊需求,EA,0.0,20.0,0.0,0.0,6.0,0.0,14.0,
4447,1000534341,護蓋組;;;;;;GM121;SKD出越南特殊需求,EA,0.0,20.0,0.0,0.0,6.0,0.0,14.0,
4448,1000534342,選擇片組;;;;;;GM121;SKD出越南特殊需求,EA,0.0,20.0,0.0,0.0,6.0,0.0,14.0,
4449,1000534345,車架組;;;;冰銀金;;GM121;SKD出越南特殊需求,EA,0.0,10.0,0.0,0.0,6.0,0.0,4.0,
4450,1000534346,基座組;;;;冰銀金;;GM121;SKD出越南特殊需求,EA,0.0,10.0,0.0,0.0,6.0,0.0,4.0,
4451,1000534366,車架組;;;冰銀金;FW216B;;SKD出越南特殊需求,EA,0.0,10.0,0.0,0.0,10.0,0.0,0.0,
4452,1000534370,腳架組;;;冰銀金;FW216B;;SKD出越南特殊需求,EA,0.0,10.0,0.0,0.0,10.0,0.0,0.0,
4453,1000534373,貼地桿組;;;冰銀金;FW216B;;SKD出越南特殊需求,EA,0.0,10.0,0.0,0.0,10.0,0.0,0.0,
4454,1000534376,其他組;;;;FW216B;;SKD出越南特殊需求,EA,0.0,10.0,0.0,0.0,10.0,0.0,0.0,
4455,1000534389,墊子組;;;黑曜石黑;FW216B;;SKD出越南特殊需求,EA,0.0,10.0,0.0,0.0,10.0,0.0,0.0,
4456,1000534447,車架組;;;;霧黑(Black Matte);;GM123F;SKD出越南特殊需,EA,0.0,20.0,0.0,0.0,19.0,0.0,1.0,
4457,1000534448,基座組;;;;霧黑(Black Matte);;GM123F;SKD出越南特殊需,EA,0.0,20.0,0.0,0.0,19.0,0.0,1.0,
4458,1000534449,其他組;;;;零件盒;;GM123F;SKD出越南特殊需求,EA,0.0,30.0,0.0,0.0,28.0,0.0,2.0,122/123=điều chỉnh; chênh lệch=1.00
4459,1000534450,護蓋組;;;;;;GM123F;SKD出越南特殊需求,EA,0.0,30.0,0.0,0.0,28.0,0.0,2.0,122/123=điều chỉnh; chênh lệch=1.00
4460,1000534451,選擇片組;;;;;;GM123F;SKD出越南特殊需求,EA,0.0,30.0,0.0,0.0,28.0,0.0,2.0,122/123=điều chỉnh; chênh lệch=1.00
4461,1000534454,車架組;;;;冰銀金;;GM123F;SKD出越南特殊需求,EA,0.0,10.0,0.0,0.0,9.0,0.0,1.0,122/123=điều chỉnh; chênh lệch=1.00
4462,1000534455,基座組;;;;冰銀金;;GM123F;SKD出越南特殊需求,EA,0.0,10.0,0.0,0.0,9.0,0.0,1.0,122/123=điều chỉnh; chênh lệch=1.00
4463,1000534480,車架組;;;;冰銀金;;GM232B;SKD出越南特殊需求,EA,0.0,13.0,0.0,0.0,11.0,0.0,2.0,
4464,1000534481,基座組;;;;冰銀金;;GM232B;SKD出越南特殊需求,EA,0.0,13.0,0.0,0.0,11.0,0.0,2.0,
4465,1000534482,其他組;;;;零件盒;;GM232B;SKD出越南特殊需求,EA,0.0,23.0,0.0,0.0,21.0,0.0,2.0,
4466,1000534483,護蓋組;;;;;;GM232B;SKD出越南特殊需求,EA,0.0,23.0,0.0,0.0,21.0,0.0,2.0,
4467,1000534484,選擇片組;;;;;;GM232B;SKD出越南特殊需求,EA,0.0,23.0,0.0,0.0,21.0,0.0,2.0,
4468,1000534545,車架組;;;;冰銀金;;GM233B;SKD出越南特殊需求,EA,0.0,10.0,0.0,0.0,10.0,0.0,0.0,
4469,1000534546,基座組;;;;冰銀金;;GM233B;SKD出越南特殊需求,EA,0.0,10.0,0.0,0.0,10.0,0.0,0.0,
4470,1000534550,其他組;;;;零件盒;;GM233B;SKD出越南特殊需求,EA,0.0,20.0,0.0,0.0,20.0,0.0,0.0,
4471,1000534551,護蓋組;;;;;;GM233B;SKD出越南特殊需求,EA,0.0,20.0,0.0,0.0,20.0,0.0,0.0,
4472,1000534552,選擇片組;;;;;;GM233B;SKD出越南特殊需求,EA,0.0,20.0,0.0,0.0,20.0,0.0,0.0,
4473,1000534555,車架組;;;;霧黑;;GM233B;SKD出越南特殊需求,EA,0.0,10.0,0.0,0.0,10.0,0.0,0.0,
4474,1000534556,基座組;;;;霧黑;;GM233B;SKD出越南特殊需求,EA,0.0,10.0,0.0,0.0,10.0,0.0,0.0,
4475,1000534691,車架組;;;;冰銀金;;GM29C;SKD出越南特殊需求,EA,0.0,10.0,0.0,0.0,10.0,0.0,0.0,
4476,1000534692,基座組;;;;冰銀金;;GM29C;SKD出越南特殊需求,EA,0.0,10.0,0.0,0.0,10.0,0.0,0.0,
4477,1000534693,其他組;;;;零件盒;;GM29C;SKD出越南特殊需求,EA,0.0,10.0,0.0,0.0,10.0,0.0,0.0,
4478,1000534694,護蓋組;;;;;;GM29C;SKD出越南特殊需求,EA,0.0,10.0,0.0,0.0,10.0,0.0,0.0,
4479,1000534695,選擇片組;;;;;;GM29C;SKD出越南特殊需求,EA,0.0,10.0,0.0,0.0,10.0,0.0,0.0,
4480,1000534700,其他組;;;;零件盒;;GM28C;SKD出越南特殊需求,EA,0.0,7.0,0.0,0.0,7.0,0.0,0.0,
4481,1000534701,護蓋組;;;;;;GM28C;SKD出越南特殊需求,EA,0.0,7.0,0.0,0.0,7.0,0.0,0.0,
4482,1000534702,選擇片組;;;;;;GM28C;SKD出越南特殊需求,EA,0.0,7.0,0.0,0.0,7.0,0.0,0.0,
4483,1000534705,車架組;;;;冰銀金;;GM28C;SKD出越南特殊需求,EA,0.0,7.0,0.0,0.0,7.0,0.0,0.0,
4484,1000534706,基座組;;;;冰銀金;;GM28C;SKD出越南特殊需求,EA,0.0,7.0,0.0,0.0,7.0,0.0,0.0,
4485,1000534839,其他組;;;;零件盒;;GM144;SKD出越南特殊需求,EA,0.0,9.0,0.0,0.0,9.0,0.0,0.0,
4486,1000534840,護蓋組;;;;;;GM144;SKD出越南特殊需求,EA,0.0,9.0,0.0,0.0,9.0,0.0,0.0,
4487,1000534841,選擇片組;;;;;;GM144;SKD出越南特殊需求,EA,0.0,9.0,0.0,0.0,9.0,0.0,0.0,
4488,1000534844,車架組;;;;冰銀金;;GM144;SKD出越南特殊需求,EA,0.0,9.0,0.0,0.0,9.0,0.0,0.0,
4489,1000534845,基座組;;;;冰銀金;;GM144;SKD出越南特殊需求,EA,0.0,9.0,0.0,0.0,9.0,0.0,0.0,
4490,1000534847,車架組;;;;霧黑;;GM60;SKD出越南特殊需求,EA,0.0,15.0,0.0,0.0,15.0,0.0,0.0,
4491,1000534848,基座組;;;;霧黑;;GM60;SKD出越南特殊需求,EA,0.0,15.0,0.0,0.0,15.0,0.0,0.0,
4492,1000534849,其他組;;;;零件盒;;GM60;SKD出越南特殊需求,EA,0.0,25.0,0.0,0.0,25.0,0.0,0.0,
4493,1000534850,護蓋組;;;;;;GM60;SKD出越南特殊需求,EA,0.0,25.0,0.0,0.0,25.0,0.0,0.0,
4494,1000534851,選擇片組;;;;;;GM60;SKD出越南特殊需求,EA,0.0,25.0,0.0,0.0,25.0,0.0,0.0,
4495,1000534854,車架組;;;;冰銀金;;GM60;SKD出越南特殊需求,EA,0.0,10.0,0.0,0.0,10.0,0.0,0.0,
4496,1000534855,基座組;;;;冰銀金;;GM60;SKD出越南特殊需求,EA,0.0,10.0,0.0,0.0,10.0,0.0,0.0,
4497,1000534857,車架組;;;;霧黑;;GM65;SKD出越南特殊需求,EA,0.0,16.0,0.0,0.0,16.0,0.0,0.0,122/123=điều chỉnh; chênh lệch=2.00
4498,1000534858,基座組;;;;霧黑;;GM65;SKD出越南特殊需求,EA,0.0,16.0,0.0,0.0,16.0,0.0,0.0,122/123=điều chỉnh; chênh lệch=2.00
4499,1000534859,其他組;;;;零件盒;;GM65;SKD出越南特殊需求,EA,0.0,32.0,0.0,0.0,32.0,0.0,0.0,122/123=điều chỉnh; chênh lệch=2.00
4500,1000534860,護蓋組;;;;;;GM65;SKD出越南特殊需求,EA,0.0,32.0,0.0,0.0,32.0,0.0,0.0,122/123=điều chỉnh; chênh lệch=2.00
4501,1000534861,選擇片組;;;;;;GM65;SKD出越南特殊需求,EA,0.0,32.0,0.0,0.0,32.0,0.0,0.0,122/123=điều chỉnh; chênh lệch=2.00
4502,1000534864,車架組;;;;冰銀金;;GM65;SKD出越南特殊需求,EA,0.0,16.0,0.0,0.0,16.0,0.0,0.0,
4503,1000534865,基座組;;;;冰銀金;;GM65;SKD出越南特殊需求,EA,0.0,16.0,0.0,0.0,16.0,0.0,0.0,
4504,1000534934,車架組;;;;霧黑;;GM67;SKD出越南特殊需求,EA,0.0,15.0,0.0,0.0,15.0,0.0,0.0,122/123=điều chỉnh; chênh lệch=10.00
4505,1000534935,基座組;;;;霧黑;;GM67;SKD出越南特殊需求,EA,0.0,15.0,0.0,0.0,15.0,0.0,0.0,122/123=điều chỉnh; chênh lệch=10.00
4506,1000534936,其他組;;;;零件盒;;GM67;SKD出越南特殊需求,EA,0.0,56.0,0.0,0.0,56.0,0.0,0.0,122/123=điều chỉnh; chênh lệch=5.00
4507,1000534937,護蓋組;;;;;;GM67;SKD出越南特殊需求,EA,0.0,56.0,0.0,0.0,56.0,0.0,0.0,122/123=điều chỉnh; chênh lệch=10.00
4508,1000534938,選擇片組;;;;;;GM67;SKD出越南特殊需求,EA,0.0,56.0,0.0,0.0,56.0,0.0,0.0,122/123=điều chỉnh; chênh lệch=5.00
4509,1000534941,車架組;;;;冰銀金;;GM67;SKD出越南特殊需求,EA,0.0,41.0,0.0,0.0,41.0,0.0,0.0,122/123=điều chỉnh; chênh lệch=5.00
4510,1000534942,基座組;;;;冰銀金;;GM67;SKD出越南特殊需求,EA,0.0,41.0,0.0,0.0,41.0,0.0,0.0,122/123=điều chỉnh; chênh lệch=5.00
4511,1000534951,車架組;;;;冰銀金;;GM70;SKD出越南特殊需求,EA,0.0,6.0,0.0,0.0,6.0,0.0,0.0,
4512,1000534952,基座組;;;;冰銀金;;GM70;SKD出越南特殊需求,EA,0.0,6.0,0.0,0.0,6.0,0.0,0.0,
4513,1000534953,其他組;;;;零件盒;;GM70;SKD出越南特殊需求,EA,0.0,16.0,0.0,0.0,16.0,0.0,0.0,
4514,1000534954,護蓋組;;;;;;GM70;SKD出越南特殊需求,EA,0.0,16.0,0.0,0.0,16.0,0.0,0.0,
4515,1000534955,選擇片組;;;;;;GM70;SKD出越南特殊需求,EA,0.0,16.0,0.0,0.0,16.0,0.0,0.0,
4516,1000534958,車架組;;;;霧黑;;GM70;SKD出越南特殊需求,EA,0.0,10.0,0.0,0.0,10.0,0.0,0.0,
4517,1000534959,基座組;;;;霧黑;;GM70;SKD出越南特殊需求,EA,0.0,10.0,0.0,0.0,10.0,0.0,0.0,
4518,1000535009,車架組;;;;霧黑;;GM102;SKD出越南特殊需求,EA,0.0,27.0,0.0,0.0,27.0,0.0,0.0,
4519,1000535010,基座組;;;;霧黑;;GM102;SKD出越南特殊需求,EA,0.0,27.0,0.0,0.0,27.0,0.0,0.0,
4520,1000535011,其他組;;;;零件盒;;GM102;SKD出越南特殊需求,EA,0.0,27.0,0.0,0.0,27.0,0.0,0.0,
4521,1000535012,護蓋組;;;;;;GM102;SKD出越南特殊需求,EA,0.0,27.0,0.0,0.0,27.0,0.0,0.0,
4522,1000535013,選擇片組;;;;;;GM102;SKD出越南特殊需求,EA,0.0,27.0,0.0,0.0,27.0,0.0,0.0,
4523,1000535016,車架組;;;;冰銀金;;GM103;SKD出越南特殊需求,EA,0.0,5.0,0.0,0.0,5.0,0.0,0.0,
4524,1000535017,基座組;;;;冰銀金;;GM103;SKD出越南特殊需求,EA,0.0,5.0,0.0,0.0,5.0,0.0,0.0,
4525,1000535018,其他組;;;;零件盒;;GM103;SKD出越南特殊需求,EA,0.0,13.0,0.0,0.0,13.0,0.0,0.0,
4526,1000535019,護蓋組;;;;;;GM103;SKD出越南特殊需求,EA,0.0,13.0,0.0,0.0,13.0,0.0,0.0,
4527,1000535020,選擇片組;;;;;;GM103;SKD出越南特殊需求,EA,0.0,13.0,0.0,0.0,13.0,0.0,0.0,
4528,1000535033,車架組;;;;冰銀金;;GM136;SKD出越南特殊需求,EA,0.0,10.0,0.0,0.0,10.0,0.0,0.0,
4529,1000535034,基座組;;;;冰銀金;;GM136;SKD出越南特殊需求,EA,0.0,10.0,0.0,0.0,10.0,0.0,0.0,
4530,1000535035,其他組;;;;零件盒;;GM136;SKD出越南特殊需求,EA,0.0,10.0,0.0,0.0,10.0,0.0,0.0,
4531,1000535036,護蓋組;;;;;;GM136;SKD出越南特殊需求,EA,0.0,10.0,0.0,0.0,10.0,0.0,0.0,
4532,1000535037,選擇片組;;;;;;GM136;SKD出越南特殊需求,EA,0.0,10.0,0.0,0.0,10.0,0.0,0.0,
4533,1000535065,基座組;;;;霧黑;;GM68;SKD出越南特殊需求,EA,0.0,24.0,0.0,0.0,24.0,0.0,0.0,122/123=điều chỉnh; chênh lệch=3.00
4534,1000535066,其他組;;;;零件盒;;GM68;SKD出越南特殊需求,EA,0.0,50.0,0.0,0.0,50.0,0.0,0.0,122/123=điều chỉnh; chênh lệch=4.00
4535,1000535067,護蓋組;;;;;;GM68;SKD出越南特殊需求,EA,0.0,50.0,0.0,0.0,50.0,0.0,0.0,122/123=điều chỉnh; chênh lệch=4.00
4536,1000535068,選擇片組;;;;;;GM68;SKD出越南特殊需求,EA,0.0,50.0,0.0,0.0,50.0,0.0,0.0,122/123=điều chỉnh; chênh lệch=4.00
4537,1000535075,車架組;;;;霧黑;;GM236;SKD出越南特殊需求,EA,0.0,6.0,0.0,0.0,6.0,0.0,0.0,
4538,1000535081,基座組;;;;霧黑;;GM73C;SKD出越南特殊需求,EA,0.0,10.0,0.0,0.0,10.0,0.0,0.0,
4539,1000535082,其他組;;;;零件盒;;GM73C;SKD出越南特殊需求,EA,0.0,10.0,0.0,0.0,10.0,0.0,0.0,
4540,1000535083,護蓋組;;;;;;GM73C;SKD出越南特殊需求,EA,0.0,10.0,0.0,0.0,10.0,0.0,0.0,
4541,1000535084,選擇片組;;;;;;GM73C;SKD出越南特殊需求,EA,0.0,10.0,0.0,0.0,10.0,0.0,0.0,
4542,1000535087,基座組;;;;霧黑;;GM63;SKD出越南特殊需求,EA,0.0,41.0,0.0,0.0,41.0,0.0,0.0,
4543,1000535088,其他組;;;;零件盒;;GM63;SKD出越南特殊需求,EA,0.0,75.0,0.0,0.0,75.0,0.0,0.0,122/123=điều chỉnh; chênh lệch=25.00
4544,1000535089,護蓋組;;;;;;GM63;SKD出越南特殊需求,EA,0.0,75.0,0.0,0.0,75.0,0.0,0.0,122/123=điều chỉnh; chênh lệch=25.00
4545,1000535090,選擇片組;;;;;;GM63;SKD出越南特殊需求,EA,0.0,75.0,0.0,0.0,75.0,0.0,0.0,122/123=điều chỉnh; chênh lệch=25.00
4546,1000535145,其他組;;;;零件盒;;GM138;SKD出越南特殊需求,EA,0.0,7.0,0.0,0.0,7.0,0.0,0.0,
4547,1000535146,護蓋組;;;;;;GM138;SKD出越南特殊需求,EA,0.0,7.0,0.0,0.0,7.0,0.0,0.0,
4548,1000535147,選擇片組;;;;;;GM138;SKD出越南特殊需求,EA,0.0,7.0,0.0,0.0,7.0,0.0,0.0,
4549,1000535212,車架組;;;;霧黑;;GM121;SKD出越南特殊需求,EA,0.0,10.0,0.0,0.0,0.0,0.0,10.0,
4550,1000535213,基座組;;;;霧黑;;GM121;SKD出越南特殊需求,EA,0.0,10.0,0.0,0.0,0.0,0.0,10.0,
4551,1000535376,車架組;;;;霧黑;;GM213B;SKD出越南特殊需求,EA,0.0,1.0,0.0,0.0,1.0,0.0,0.0,
4552,1000535377,基座組;;;;霧黑;;GM213B;SKD出越南特殊需求,EA,0.0,1.0,0.0,0.0,1.0,0.0,0.0,
4553,1000535417,車架組;;;;霧黑;;GM232B;SKD出越南特殊需求,EA,0.0,10.0,0.0,0.0,10.0,0.0,0.0,
4554,1000535418,基座組;;;;霧黑;;GM232B;SKD出越南特殊需求,EA,0.0,10.0,0.0,0.0,10.0,0.0,0.0,
4555,1000535574,車架組;;;;冰銀金;;GM138;SKD出越南特殊需求,EA,0.0,7.0,0.0,0.0,7.0,0.0,0.0,
4556,1000535575,基座組;;;;冰銀金;;GM138;SKD出越南特殊需求,EA,0.0,7.0,0.0,0.0,7.0,0.0,0.0,
4557,1000535577,車架組;;;;冰銀金;;GM63;SKD出越南特殊需求,EA,0.0,34.0,0.0,0.0,34.0,0.0,0.0,
4558,1000535578,基座組;;;;冰銀金;;GM63;SKD出越南特殊需求,EA,0.0,34.0,0.0,0.0,34.0,0.0,0.0,
4559,1000535596,車架組;;;;冰銀金;;GM68;SKD出越南特殊需求,EA,0.0,26.0,0.0,0.0,26.0,0.0,0.0,122/123=điều chỉnh; chênh lệch=1.00
4560,1000535598,基座組;;;;冰銀金;;GM68;SKD出越南特殊需求,EA,0.0,26.0,0.0,0.0,26.0,0.0,0.0,122/123=điều chỉnh; chênh lệch=1.00
4561,1000535625,車架組;;;;冰銀金;;GM107;SKD出越南特殊需求,EA,0.0,5.0,0.0,0.0,5.0,0.0,0.0,
4562,1000535626,基座組;;;;冰銀金;;GM107;SKD出越南特殊需求,EA,0.0,5.0,0.0,0.0,5.0,0.0,0.0,
4563,1000535627,其他組;;;;零件盒;;GM107;SKD出越南特殊需求,EA,0.0,5.0,0.0,0.0,5.0,0.0,0.0,
4564,1000535628,護蓋組;;;;;;GM107;SKD出越南特殊需求,EA,0.0,5.0,0.0,0.0,5.0,0.0,0.0,
4565,1000535629,選擇片組;;;;;;GM107;SKD出越南特殊需求,EA,0.0,5.0,0.0,0.0,5.0,0.0,0.0,
4566,1000535633,車架組;;;;冰銀金;;GM108;SKD出越南特殊需求,EA,0.0,20.0,0.0,0.0,18.0,0.0,2.0,122/123=điều chỉnh; chênh lệch=10.00
4567,1000535634,基座組;;;;冰銀金;;GM108;SKD出越南特殊需求,EA,0.0,20.0,0.0,0.0,18.0,0.0,2.0,122/123=điều chỉnh; chênh lệch=10.00
4568,1000535635,其他組;;;;零件盒;;GM108;SKD出越南特殊需求,EA,0.0,20.0,0.0,0.0,18.0,0.0,2.0,122/123=điều chỉnh; chênh lệch=10.00
4569,1000535636,護蓋組;;;;;;GM108;SKD出越南特殊需求,EA,0.0,20.0,0.0,0.0,18.0,0.0,2.0,122/123=điều chỉnh; chênh lệch=10.00
4570,1000535637,選擇片組;;;;;;GM108;SKD出越南特殊需求,EA,0.0,20.0,0.0,0.0,18.0,0.0,2.0,122/123=điều chỉnh; chênh lệch=10.00
4571,1000535640,車架組;;;;霧黑;;FW161D;SKD出越南特殊需求,EA,0.0,8.0,0.0,0.0,8.0,0.0,0.0,122/123=điều chỉnh
4572,1000535641,基座組;;;;霧黑;;FW161D;SKD出越南特殊需求,EA,0.0,8.0,0.0,0.0,8.0,0.0,0.0,122/123=điều chỉnh
4573,1000535644,其他組;;;;零件盒;;FW161D;SKD出越南特殊需求,EA,0.0,31.0,0.0,0.0,31.0,0.0,0.0,122/123=điều chỉnh
4574,1000535647,車架組;;;;冰銀金;;FW161D;SKD出越南特殊需求,EA,0.0,23.0,0.0,0.0,23.0,0.0,0.0,
4575,1000535649,基座組;;;;冰銀金;;FW161D;KD出越南特殊需求,EA,0.0,23.0,0.0,0.0,23.0,0.0,0.0,
4576,1000535657,支撐架組;;;;霧黑;;GT09;SKD出越南特殊需求,EA,0.0,25.0,0.0,0.0,25.0,0.0,0.0,
4577,1000535658,托盤組;;;;霧黑;;GT09;SKD出越南特殊需求,EA,0.0,25.0,0.0,0.0,25.0,0.0,0.0,
4578,1000535659,其他組;;;;零件盒;;GT09;SKD出越南特殊需求,EA,0.0,25.0,0.0,0.0,25.0,0.0,0.0,
4579,1000535669,托盤組;;;;霧黑;;GT17;SKD出越南特殊需求,EA,0.0,10.0,0.0,0.0,10.0,0.0,0.0,
4580,1000535670,連接組;;;;霧黑;;GT17;SKD出越南特殊需求,EA,0.0,10.0,0.0,0.0,10.0,0.0,0.0,
4581,1000535671,其他組;;;;零件盒;;GT17;SKD出越南特殊需求,EA,0.0,10.0,0.0,0.0,10.0,0.0,0.0,
4582,1000535688,連接組;;;;霧黑;;GT19;SKD出越南特殊需求,EA,0.0,5.0,0.0,0.0,5.0,0.0,0.0,122/123=điều chỉnh; chênh lệch=3.00
4583,1000535690,其他組;;;;零件盒;;GT19;SKD出越南特殊需求,EA,0.0,5.0,0.0,0.0,5.0,0.0,0.0,122/123=điều chỉnh; chênh lệch=3.00
4584,1000535691,護蓋組;;;;;;GT19;SKD出越南特殊需求,EA,0.0,5.0,0.0,0.0,5.0,0.0,0.0,122/123=điều chỉnh; chênh lệch=3.00
4585,1000535692,選擇片組;;;;;;GT19;SKD出越南特殊需求,EA,0.0,5.0,0.0,0.0,5.0,0.0,0.0,122/123=điều chỉnh; chênh lệch=3.00
4586,1000535699,扶手組;;;;黑砂紋漆;DM515;;AS2028;SKD出越南特殊需求,EA,0.0,40.0,0.0,0.0,30.0,0.0,10.0,
4587,1000535700,車架組;;;;PF黃色;;GT21B;SKD出越南特殊需求,EA,0.0,20.0,0.0,0.0,20.0,0.0,0.0,
4588,1000535704,連接組;;;;霧黑;;GT21B;SKD出越南特殊需求,EA,0.0,20.0,0.0,0.0,20.0,0.0,0.0,
4589,1000535705,其他組;;;;零件盒;;GT21B;SKD出越南特殊需求,EA,0.0,20.0,0.0,0.0,20.0,0.0,0.0,
4590,1000535706,護蓋組;;;;;;GT21B;SKD出越南特殊需求,EA,0.0,20.0,0.0,0.0,20.0,0.0,0.0,
4591,1000535707,選擇片組;;;;;;GT21B;SKD出越南特殊需求,EA,0.0,20.0,0.0,0.0,20.0,0.0,0.0,
4592,1000535717,車架組;;;;霧黑;;MS26;SKD出越南特殊需求,EA,0.0,5.0,0.0,0.0,5.0,0.0,0.0,
4593,1000535718,基座組;;;;霧黑;;MS26;SKD出越南特殊需求,EA,0.0,5.0,0.0,0.0,5.0,0.0,0.0,
4594,1000535719,其他組;;;;零件盒;;MS26;SKD出越南特殊需求,EA,0.0,18.0,0.0,0.0,18.0,0.0,0.0,
4595,1000535721,護蓋組;;;;;;MS26;SKD出越南特殊需求,EA,0.0,18.0,0.0,0.0,18.0,0.0,0.0,
4596,1000535722,選擇片組;;;;;;MS26;SKD出越南特殊需求,EA,0.0,18.0,0.0,0.0,18.0,0.0,0.0,
4597,1000535723,車架組;;;;冰銀金;;MS26;SKD出越南特殊需求,EA,0.0,13.0,0.0,0.0,13.0,0.0,0.0,
4598,1000535724,基座組;;;;冰銀金;;MS26;SKD出越南特殊需求,EA,0.0,13.0,0.0,0.0,13.0,0.0,0.0,
4599,1000535765,車架組;;;;霧黑;;PL214;SKD出越南特殊需求,EA,0.0,10.0,0.0,0.0,10.0,0.0,0.0,
4600,1000535766,基座組;;;;霧黑;;PL214;SKD出越南特殊需求,EA,0.0,10.0,0.0,0.0,10.0,0.0,0.0,
4601,1000535767,其他組;;;;零件盒;;PL214;SKD出越南特殊需求,EA,0.0,19.0,0.0,0.0,19.0,0.0,0.0,
4602,1000535768,墊子組;;;;黑曜石黑;;PL214;SKD出越南特殊需求,EA,0.0,19.0,0.0,0.0,19.0,0.0,0.0,
4603,1000535769,車架組;;;;冰銀金;;PL214;SKD出越南特殊需求,EA,0.0,9.0,0.0,0.0,9.0,0.0,0.0,
4604,1000535770,基座組;;;;冰銀金;;PL214;SKD出越南特殊需求,EA,0.0,9.0,0.0,0.0,9.0,0.0,0.0,
4605,1000535785,車架組;;;;銀灰色;;TM725C;SKD出越南特殊需求,EA,0.0,70.0,0.0,0.0,70.0,0.0,0.0,
4606,1000535787,儀表桿組;;;;銀灰色;;TM725C;SKD出越南特殊需求,EA,0.0,70.0,0.0,0.0,70.0,0.0,0.0,
4607,1000535788,下控組;;;;;;TM725C;SKD出越南特殊需求,EA,0.0,70.0,0.0,0.0,70.0,0.0,0.0,
4608,1000535789,傳動組;;;;;;TM725C;SKD出越南特殊需求,EA,0.0,70.0,0.0,0.0,70.0,0.0,0.0,
4609,1000535790,其他組;;;;零件盒;;TM725C;SKD出越南特殊需求,EA,0.0,70.0,0.0,0.0,70.0,0.0,0.0,
4610,1000535791,護蓋組;;;;;;TM725C;SKD出越南特殊需求,EA,0.0,70.0,0.0,0.0,70.0,0.0,0.0,
4611,1000535826,車架組;;;;O-PF紫色;;MS24E;MS40L-PFC;SKD出越南特殊需,EA,0.0,36.0,0.0,0.0,36.0,0.0,0.0,
4612,1000535827,車架組;;;;O-PF紫色;;MS51E;MS40L-PFC;SKD出越南特殊需,EA,0.0,18.0,0.0,0.0,18.0,0.0,0.0,
4613,1000535828,車架組;;;;O-PF紫色;;MS53D;MS40L-PFC;SKD出越南特殊需,EA,0.0,18.0,0.0,0.0,18.0,0.0,0.0,
4614,1000535829,其他組;;;;零件盒;;MS40L-PFC;SKD出越南特殊需求,EA,0.0,18.0,0.0,0.0,18.0,0.0,0.0,
4615,1000535830,拆卸連接組;;;;O-PF紫色;;MS40L-PFC;SKD出越南特殊需求,EA,0.0,18.0,0.0,0.0,18.0,0.0,0.0,
4616,1000535831,選擇片組;;;;;;MS40L-PFC;SKD出越南特殊需求,EA,0.0,18.0,0.0,0.0,18.0,0.0,0.0,
4617,1000535832,墊子組;;;;;;MS40L-PFC;SKD出越南特殊需求,EA,0.0,18.0,0.0,0.0,18.0,0.0,0.0,
4618,1000535879,軸承;滾珠;6305;Ψ25XΨ62X17T;長城;,EA,0.0,2.0,0.0,0.0,0.0,0.0,2.0,
4619,1000536122,包裝附件組;;;;;GM121K,EA,0.0,20.0,0.0,0.0,20.0,0.0,0.0,
4620,1000536125,膠合板;基座;;;GM121K-KM;,EA,0.0,104.0,0.0,0.0,72.0,0.0,32.0,
4621,1000536274,端塞;;;PP;;黑色;EP719F;φ30.0X70.0X3.0T,EA,0.0,800.0,0.0,0.0,0.0,0.0,800.0,
4622,1000536492,基座組;;;冰銀金;GM126F;;SKD出越南特殊需求,EA,0.0,8.0,0.0,0.0,8.0,0.0,0.0,
4623,1000536493,車架組;;;冰銀金;GM126F;;SKD出越南特殊需求,EA,0.0,8.0,0.0,0.0,8.0,0.0,0.0,
4624,1000536924,車架組;;;霧黑;GM103;;SKD出越南特殊需求,EA,0.0,8.0,0.0,0.0,8.0,0.0,0.0,
4625,1000536925,基座組;;;霧黑;GM103;;SKD出越南特殊需求,EA,0.0,8.0,0.0,0.0,8.0,0.0,0.0,
4626,1000537120,車架組;;;霧黑(Black Matte);;;GM71;SKD出越南特殊需求,EA,0.0,2.0,0.0,0.0,2.0,0.0,0.0,
4627,1000537121,基座組;;;霧黑(Black Matte);;;GM71;SKD出越南特殊需求,EA,0.0,2.0,0.0,0.0,2.0,0.0,0.0,
4628,1000537122,其他組;;;;零件盒;;GM71;SKD出越南特殊需求,EA,0.0,2.0,0.0,0.0,2.0,0.0,0.0,
4629,1000537123,護蓋組;;;;;;GM71;SKD出越南特殊需求,EA,0.0,2.0,0.0,0.0,2.0,0.0,0.0,
4630,1000537124,選擇片組;;;;;;GM71;SKD出越南特殊需求,EA,0.0,2.0,0.0,0.0,2.0,0.0,0.0,
4631,1000537142,選擇片組;;;;GM215B;;SKD出越南特殊需求,EA,0.0,15.0,0.0,0.0,14.0,0.0,1.0,
4632,1000537144,車架組;;;霧黑;GM215B;;SKD出越南特殊需求,EA,0.0,5.0,0.0,0.0,4.0,0.0,1.0,
4633,1000537145,基座組;;;霧黑;GM215B;;SKD出越南特殊需求,EA,0.0,5.0,0.0,0.0,4.0,0.0,1.0,
4634,1000537146,其他組;;;零件盒;GM215B;;SKD出越南特殊需求,EA,0.0,15.0,0.0,0.0,14.0,0.0,1.0,
4635,1000537147,護蓋組;;;;GM215B;;SKD出越南特殊需求,EA,0.0,15.0,0.0,0.0,14.0,0.0,1.0,
4636,1000537152,車架組;;;冰銀金;GM215B;;SKD出越南特殊需求,EA,0.0,10.0,0.0,0.0,10.0,0.0,0.0,
4637,1000537153,基座組;;;冰銀金;GM215B;;SKD出越南特殊需求,EA,0.0,10.0,0.0,0.0,10.0,0.0,0.0,
4638,1000537164,車架組;;;冰銀金;GM216B;;SKD出越南特殊需求,EA,0.0,14.0,0.0,0.0,14.0,0.0,0.0,
4639,1000537165,基座組;;;冰銀金;GM216B;;SKD出越南特殊需求,EA,0.0,14.0,0.0,0.0,14.0,0.0,0.0,
4640,1000537208,其他組;;;零件盒;GM221B;;SKD出越南特殊需求,EA,0.0,4.0,0.0,0.0,4.0,0.0,0.0,
4641,1000537209,護蓋組;;;;GM221B;;SKD出越南特殊需求,EA,0.0,4.0,0.0,0.0,4.0,0.0,0.0,
4642,1000537210,選擇片組;;;;GM221B;;SKD出越南特殊需求,EA,0.0,4.0,0.0,0.0,4.0,0.0,0.0,
4643,1000537215,車架組;;;冰銀金;GM221B;;SKD出越南特殊需求,EA,0.0,4.0,0.0,0.0,4.0,0.0,0.0,
4644,1000537216,基座組;;;冰銀金;GM221B;;SKD出越南特殊需求,EA,0.0,4.0,0.0,0.0,4.0,0.0,0.0,
4645,1000537245,車架組;;;冰銀金;GM224B;;SKD出越南特殊需求,EA,0.0,8.0,0.0,0.0,8.0,0.0,0.0,
4646,1000537246,基座組;;;冰銀金;GM224B;;SKD出越南特殊需求,EA,0.0,8.0,0.0,0.0,8.0,0.0,0.0,
4647,1000537257,車架組;;;;冰銀金;;GM112F;SKD出越南特殊需求,EA,0.0,20.0,0.0,0.0,20.0,0.0,0.0,
4648,1000537258,基座組;;;;冰銀金;;GM112F;SKD出越南特殊需求,EA,0.0,20.0,0.0,0.0,20.0,0.0,0.0,
4649,1000537266,車架組;;;;冰銀金;;GM115F;SKD出越南特殊需求,EA,0.0,20.0,0.0,0.0,20.0,0.0,0.0,
4650,1000537267,基座組;;;;冰銀金;;GM115F;SKD出越南特殊需求,EA,0.0,20.0,0.0,0.0,20.0,0.0,0.0,
4651,1000537278,車架組;;;;冰銀金;;GM116F;SKD出越南特殊需求,EA,0.0,20.0,0.0,0.0,19.0,0.0,1.0,
4652,1000537279,基座組;;;;冰銀金;;GM116F;SKD出越南特殊需求,EA,0.0,20.0,0.0,0.0,19.0,0.0,1.0,
4653,1000537296,車架組;;;;冰銀金;;GM119F;SKD出越南特殊需求,EA,0.0,37.0,0.0,0.0,37.0,0.0,0.0,
4654,1000537297,基座組;;;;冰銀金;;GM119F;SKD出越南特殊需求,EA,0.0,37.0,0.0,0.0,37.0,0.0,0.0,
4655,1000537305,車架組;;;;冰銀金;;GM120F;SKD出越南特殊需求,EA,0.0,25.0,0.0,0.0,25.0,0.0,0.0,
4656,1000537306,基座組;;;;冰銀金;;GM120F;SKD出越南特殊需求,EA,0.0,25.0,0.0,0.0,25.0,0.0,0.0,
4657,1000537317,車架組;;;;冰銀金;;GM121F;SKD出越南特殊需求,EA,0.0,7.0,0.0,0.0,7.0,0.0,0.0,
4658,1000537318,基座組;;;;冰銀金;;GM121F;SKD出越南特殊需求,EA,0.0,7.0,0.0,0.0,7.0,0.0,0.0,
4659,1000537360,車架組;;;冰銀金(Iced Silver);;;GM127F;SKD出越南特殊,EA,0.0,11.0,0.0,0.0,11.0,0.0,0.0,122/123=điều chỉnh; chênh lệch=1.00
4660,1000537361,基座組;;;冰銀金(Iced Silver);;;GM127F;SKD出越南特殊,EA,0.0,11.0,0.0,0.0,11.0,0.0,0.0,122/123=điều chỉnh; chênh lệch=1.00
4661,1000537409,車架組;;;冰銀金(Iced Silver);;;GM128F;SKD出越南特殊,EA,0.0,35.0,0.0,0.0,35.0,0.0,0.0,122/123=điều chỉnh; chênh lệch=5.00
4662,1000537410,基座組;;;冰銀金(Iced Silver);;;GM128F;SKD出越南特殊,EA,0.0,35.0,0.0,0.0,35.0,0.0,0.0,122/123=điều chỉnh; chênh lệch=5.00
4663,1000537421,車架組;;;冰銀金(Iced Silver);;;GM124F;SKD出越南特殊,EA,0.0,29.0,0.0,0.0,21.0,0.0,8.0,122/123=điều chỉnh; chênh lệch=9.00
4664,1000537422,基座組;;;冰銀金(Iced Silver);;;GM124F;SKD出越南特殊,EA,0.0,29.0,0.0,0.0,21.0,0.0,8.0,122/123=điều chỉnh; chênh lệch=9.00
4665,1000537441,車架組;;;冰銀金;GM111F;;SKD出越南特殊需求,EA,0.0,19.0,0.0,0.0,19.0,0.0,0.0,122/123=điều chỉnh; chênh lệch=4.00
4666,1000537443,基座組;;;冰銀金;GM111F;;SKD出越南特殊需求,EA,0.0,19.0,0.0,0.0,19.0,0.0,0.0,122/123=điều chỉnh; chênh lệch=4.00
4667,1000537465,車架組;;;;冰銀金;;GM228B;SKD出越南特殊需求,EA,0.0,4.0,0.0,0.0,4.0,0.0,0.0,
4668,1000537469,基座組;;;;冰銀金;;GM228B;SKD出越南特殊需求,EA,0.0,4.0,0.0,0.0,4.0,0.0,0.0,
4669,1000537486,車架組;;;;冰銀金;;GM230F;SKD出越南特殊需求,EA,0.0,15.0,0.0,0.0,15.0,0.0,0.0,
4670,1000537490,基座組;;;;冰銀金;;GM230F;SKD出越南特殊需求,EA,0.0,15.0,0.0,0.0,15.0,0.0,0.0,
4671,1000537498,車架組;;;;冰銀金;;GM231F;SKD出越南特殊需求,EA,0.0,10.0,0.0,0.0,10.0,0.0,0.0,
4672,1000537502,基座組;;;;冰銀金;;GM231F;SKD出越南特殊需求,EA,0.0,10.0,0.0,0.0,10.0,0.0,0.0,
4673,1000537541,車架組;;;;冰銀金;;GM264;SKD出越南特殊需求,EA,0.0,5.0,0.0,0.0,5.0,0.0,0.0,
4674,1000537542,車架組;;;;霧黑;;GM264;SKD出越南特殊需求,EA,0.0,15.0,0.0,0.0,15.0,0.0,0.0,
4675,1000537546,基座組;;;;冰銀金;;GM264;SKD出越南特殊需求,EA,0.0,5.0,0.0,0.0,5.0,0.0,0.0,
4676,1000537547,基座組;;;;霧黑;;GM264;SKD出越南特殊需求,EA,0.0,15.0,0.0,0.0,15.0,0.0,0.0,
4677,1000537548,其他組;;;;零件盒;;GM264;SKD出越南特殊需求,EA,0.0,20.0,0.0,0.0,20.0,0.0,0.0,
4678,1000537549,護蓋組;;;;;;GM264;SKD出越南特殊需求,EA,0.0,20.0,0.0,0.0,20.0,0.0,0.0,
4679,1000537550,選擇片組;;;;;;GM264;SKD出越南特殊需求,EA,0.0,20.0,0.0,0.0,20.0,0.0,0.0,
4680,1000537592,車架組;;;;霧黑;;GM17;SKD出越南特殊需求,EA,0.0,20.0,0.0,0.0,20.0,0.0,0.0,
4681,1000537593,基座組;;;;霧黑;;GM17;SKD出越南特殊需求,EA,0.0,20.0,0.0,0.0,20.0,0.0,0.0,
4682,1000537604,車架組;;;;霧黑;;GM18;SKD出越南特殊需求,EA,0.0,10.0,0.0,0.0,10.0,0.0,0.0,
4683,1000537605,基座組;;;;霧黑;;GM18;SKD出越南特殊需求,EA,0.0,10.0,0.0,0.0,10.0,0.0,0.0,
4684,1000537661,基座組;;;霧黑(Black Matte);;;AS2125;SKD出越南特殊需,EA,0.0,55.0,0.0,0.0,55.0,0.0,0.0,
4685,1000537668,墊子組;;;黑曜石黑;AS2072;;SKD出越南特殊需求,EA,0.0,55.0,0.0,0.0,55.0,0.0,0.0,
4686,1000537701,連接組;;;霧黑;AS2068;;SKD出越南特殊需求,EA,0.0,20.0,0.0,0.0,20.0,0.0,0.0,
4687,1000537702,車架連接組;;;霧黑(Black Matte);;;AS2073;SKD出越南特,EA,0.0,65.0,0.0,0.0,65.0,0.0,0.0,
4688,1000537703,車架連接組;;;霧黑(Black Matte);;;AS2074;SKD出越南特,EA,0.0,30.0,0.0,0.0,30.0,0.0,0.0,
4689,1000537729,扶手組;;;;;;AS1847;SKD出越南特殊需求,EA,0.0,10.0,0.0,0.0,10.0,0.0,0.0,
4690,1000537736,腳踏組;;;霧黑(Black Matte);;;AS1852;SKD出越南特殊需,EA,0.0,10.0,0.0,0.0,10.0,0.0,0.0,
4691,1000537801,基座組;;;冰銀金;GM217B;;SKD出越南特殊需求,EA,0.0,1.0,0.0,0.0,1.0,0.0,0.0,
4692,1000537802,車架組;;;冰銀金;GM217B;;SKD出越南特殊需求,EA,0.0,1.0,0.0,0.0,1.0,0.0,0.0,
4693,1000538066,紙箱;基座;;2030x1370x790;;GM125K-KM,EA,0.0,20.0,0.0,0.0,20.0,0.0,0.0,
4694,1000538067,膠合板;;;;;GM125K-KM,EA,0.0,150.0,0.0,0.0,103.0,0.0,47.0,
4695,1000538072,珍珠棉;;;;;GM125K-KM,EA,0.0,40.0,0.0,0.0,40.0,0.0,0.0,chênh lệch=20.00
4696,1000539396,管;橢圓型;STK41;Φ30.0XΦ60.0X3.0TX5800;;,EA,0.0,250.0,0.0,0.0,250.0,0.0,0.0,
4697,1000539397,管;圓型;STK41;Φ42.0X2.0TX5800;;,EA,0.0,5.0,0.0,0.0,1.42,0.0,3.58,
4698,1000539398,管;橢圓型;STK400;Φ50.0x150.0x3.0Tx5800;;,EA,0.0,465.0,0.0,0.0,230.545,0.0,234.455,
4699,1000539399,管;橢圓型;STK400;Φ50.0x120.0x3.0Tx5800;;,EA,0.0,485.0,0.0,0.0,156.012,0.0,328.988,
4700,1000539400,管;橢圓型;STK41;Φ25XΦ50X3TX5800;;,EA,0.0,10.0,0.0,0.0,2.197,0.0,7.803,
4701,1000539401,管;橢圓型;STK41;Φ20XΦ60X2.0TX5800;;,EA,0.0,65.0,0.0,0.0,2.155999999999999,0.0,62.844,
4702,1000539402,管;長方型;SPHC;□50.8x76.2x4.75Tx5800L;;,EA,0.0,5.0,0.0,0.0,0.0,0.0,5.0,
4703,1000539403,管;橢圓型;STK400;Φ50XΦ200X2.5TX5800;;,EA,0.0,190.0,0.0,0.0,124.686,0.0,65.314,
4704,1000541366,腳墊;腳踏管;下;PP;黑色/Black C;;FW510-KM;,EA,0.0,4648.0,0.0,0.0,2568.0,0.0,2080.0,
4705,1000541824,膠合板;;;;GM263K;,EA,0.0,34.0,0.0,0.0,24.0,0.0,10.0,
4706,1000541825,珍珠棉;;;;GM263K;,EA,0.0,40.0,0.0,0.0,40.0,0.0,0.0,chênh lệch=20.00
4707,1000541839,膠合板;;;;GM128K;,EA,0.0,80.0,0.0,0.0,69.0,0.0,11.0,
4708,1000541840,珍珠棉;;;;GM128K;,EA,0.0,20.0,0.0,0.0,20.0,0.0,0.0,
4709,1000541855,膠合板;;;;GM129K;,EA,0.0,49.0,0.0,0.0,29.0,0.0,20.0,
4710,1000541856,珍珠棉;;;;GM129K;,EA,0.0,20.0,0.0,0.0,20.0,0.0,0.0,
4711,1000542053,螺帽;鎖緊;M25x1.5Px5.5T;SS41;鍍黑鋅;,EA,0.0,800.0,0.0,0.0,0.0,0.0,800.0,
4712,1000542137,紙箱;基座;;1480x1290x595;;GM112K,EA,0.0,220.0,0.0,0.0,145.0,0.0,75.0,
4713,1000542138,膠合板;基座;;;;GM112K,EA,0.0,210.0,0.0,0.0,145.0,0.0,65.0,
4714,1000542140,珍珠棉;基座;;;;GM112K,EA,0.0,40.0,0.0,0.0,40.0,0.0,0.0,chênh lệch=20.00
4715,1000542142,珍珠棉;基座;;;;GM115K,EA,0.0,40.0,0.0,0.0,40.0,0.0,0.0,
4716,1000542143,膠合板;基座;;;;GM115K,EA,0.0,70.0,0.0,0.0,56.0,0.0,14.0,
4717,1000542144,外紙箱;基座;;1670x1070x445;;GM116K,EA,0.0,20.0,0.0,0.0,20.0,0.0,0.0,
4718,1000542145,珍珠棉;基座;;;;GM116K,EA,0.0,20.0,0.0,0.0,20.0,0.0,0.0,
4719,1000542146,膠合板;基座;;;;GM116K,EA,0.0,70.0,0.0,0.0,20.0,0.0,50.0,
4720,1000542148,珍珠棉;基座;;;;GM117K,EA,0.0,20.0,0.0,0.0,20.0,0.0,0.0,
4721,1000542149,膠合板;基座;;;;GM117K,EA,0.0,140.0,0.0,0.0,87.0,0.0,53.0,
4722,1000542151,膠合板;基座;;;;GM119K,EA,0.0,232.0,0.0,0.0,56.0,0.0,176.0,chênh lệch=10.00
4723,1000542152,珍珠棉;基座;;;;GM119K,EA,0.0,20.0,0.0,0.0,20.0,0.0,0.0,122/123=điều chỉnh; chênh lệch=20.00
4724,1000542160,膠合板;基座;;;;GM123K,EA,0.0,120.0,0.0,0.0,89.0,0.0,31.0,
4725,1000542161,珍珠棉;基座;;;;GM123K,EA,0.0,20.0,0.0,0.0,20.0,0.0,0.0,
4726,1000542163,膠合板;基座;;;;GM126K,EA,0.0,108.0,0.0,0.0,85.0,0.0,23.0,
4727,1000542164,珍珠棉;基座;;;;GM126K,EA,0.0,20.0,0.0,0.0,20.0,0.0,0.0,122/123=điều chỉnh; chênh lệch=40.00
4728,1000542167,膠合板;基座;;;;GM127K,EA,0.0,243.0,0.0,0.0,243.0,0.0,0.0,
4729,1000542168,珍珠棉;基座;;;;GM127K,EA,0.0,20.0,0.0,0.0,20.0,0.0,0.0,
4730,1000542183,膠合板;基座;;;;GM230K,EA,0.0,105.0,0.0,0.0,70.0,0.0,35.0,
4731,1000542184,珍珠棉;基座;;;;GM230K,EA,0.0,20.0,0.0,0.0,20.0,0.0,0.0,
4732,1000542186,膠合板;基座;;;;GM231K,EA,0.0,82.0,0.0,0.0,22.0,0.0,60.0,
4733,1000542187,珍珠棉;基座;;;;GM231K,EA,0.0,40.0,0.0,0.0,40.0,0.0,0.0,chênh lệch=20.00
4734,1000542701,鋼索組;;;鋼索球頭;MS11B;;Φ4.8x11350L,EA,0.0,400.0,0.0,0.0,80.0,0.0,320.0,
4735,1000542703,鋼索組;;;鋼索球頭;MS24D;;Φ4.8x8024L,EA,0.0,310.0,0.0,0.0,20.0,0.0,290.0,
4736,1000543296,珍珠棉;;;;;GM121K,EA,0.0,20.0,0.0,0.0,20.0,0.0,0.0,
4737,1000543299,膠合板;;;;;GM124K-KM,EA,0.0,73.0,0.0,0.0,58.0,0.0,15.0,
4738,1000543533,鋼索-加工;;;壓鋼索頭;Φ6.35x1945L;GM114;,EA,0.0,213.0,0.0,0.0,157.0,0.0,56.0,
4739,1000543561,鋼索-加工;;;壓鋼索頭;Φ6.35x3110L;GM121;,EA,0.0,36.0,0.0,0.0,28.0,0.0,8.0,
4740,1000543597,鋼索-加工;;;壓鋼索頭;Φ6.35x2575L;GM263;,EA,0.0,55.0,0.0,0.0,15.0,0.0,40.0,
4741,1000545487,立管;;φ75.6x3tx920L;前;;STK41;FW336K-B10,EA,0.0,852.0,0.0,0.0,769.0,0.0,83.0,
4742,1000545488,立管;;φ75.6x3tx930L;後;;STK41;FW336K-B11,EA,0.0,897.0,0.0,0.0,769.0,0.0,128.0,
4743,1000546441,彈力繩;壓線端子;;;ψ4.7x2400;;MS24D,EA,0.0,310.0,0.0,0.0,20.0,0.0,290.0,
4744,1000546566,珍珠棉;車架;;;;GM118K,EA,0.0,180.0,0.0,0.0,180.0,0.0,0.0,
4745,1000548321,規格貼標;CE;120V~/17A;銀底黑字;PET;;;TM776K,EA,0.0,5000.0,0.0,0.0,0.0,0.0,5000.0,
4746,100428,端蓋;握把;20#;GM41,EA,0.0,1074.0,0.0,0.0,828.0,0.0,246.0,chênh lệch=40.00
4747,100995,止擋環;腿墊;;ABS/PA757;;;GM42;,EA,0.0,2.0,0.0,0.0,2.0,0.0,0.0,
4748,101012,支撐管;腳踏板;φ50xφ100x3.0tx613L;右;;;GM42;,EA,0.0,210.0,0.0,0.0,175.0,0.0,35.0,
4749,101265,軸承;滾珠;6004ZZ;Φ20xΦ42x12T;TPI;C3,EA,0.0,6146.0,0.0,0.0,1645.0,0.0,4501.0,
4750,102525,拉帽;六角;3/8-16UNC;NLS3-616-150;;鍍白鋅;,EA,0.0,1440.0,0.0,0.0,0.0,0.0,1440.0,
4751,102614,握把調節組-加工;;;烤漆;浸塑137C;MS10;霧黑,EA,0.0,400.0,0.0,0.0,80.0,0.0,320.0,
4752,102874,固定片;腳踏板;一;SPHC;141x55x43.5x5.0T;;MS10;,EA,0.0,200.0,0.0,0.0,40.0,0.0,160.0,
4753,102875,固定片;腳踏板;二;SPHC;104.4x39x5.0T;;MS10;,EA,0.0,200.0,0.0,0.0,40.0,0.0,160.0,
4754,102876,固定片;腳踏板;三;SPHC;38.5x30x5.0T;;MS10;,EA,0.0,200.0,0.0,0.0,40.0,0.0,160.0,
4755,102877,襯套;腳踏板;;20#;;;;;,EA,0.0,200.0,0.0,0.0,40.0,0.0,160.0,
4756,103299,"銅套;副擺臂;銅90%,錫10%;ψ28.5xψ22.3x12.5;EP107",EA,0.0,800.0,0.0,0.0,136.0,0.0,664.0,chênh lệch=40.00
4757,103323,端塞;儀表桿;;PP;純黑色;40x120橢圓管;TM362;,EA,0.0,510.0,0.0,0.0,105.0,0.0,405.0,
4758,103403,移動輪;煞車;;尼龍+30%玻纖;黑色;;TM369;外徑包覆PU,EA,0.0,2636.0,0.0,0.0,1458.0,0.0,1178.0,
4759,103406,墊圈;平;Φ8.2XΦ20.0X1.8T;SPHC;鍍鉻;,EA,0.0,309.0,0.0,0.0,53.0,0.0,256.0,
4760,K40000011,纏繞膜;;4卷/箱;(16公斤毛重);;,EA,0.0,10880.0,0.0,0.0,10827.937,0.0,52.063,CCDC; chênh lệch=10760.00
4761,K40000041,透明膠帶 4.0CM*70碼,EA,0.0,1900.0,0.0,0.0,0.0,2400.0,-500.0,CCDC; chênh lệch=600.00; tồn điều chỉnh (Đã nhập kho nhưng chưa khai báo): delta=-600
4762,K40000051,打包扣 5000只,EA,0.0,100.0,0.0,0.0,0.0,8.0,92.0,CCDC; Đã quy đổi; chênh lệch=90.00; tồn điều chỉnh (do quy đổi đơn vị. để theo đơn vị của hải quan): delta=+90
4763,K60000201,焊絲(1.0) 1.0號,MT,0.0,6.0,0.0,0.0,2.7508850000000002,0.0,3.2491149999999998,"CCDC; UOM quy đổi: 1 MT = 1,000 KG; Đã quy đổi"
4764,K60000430,塗料(銀灰色面漆);T-75#QW27ZS,KG,0.0,40.0,0.0,0.0,5.134,0.0,34.866,CCDC
4765,K60000431,塗料;銀灰色底漆;T-75#QF294S;-,KG,0.0,7350.0,0.0,0.0,3670.639,0.0,3679.361,CCDC
4766,K60000433,塗料(珠光白底漆);T-75#QW217P,KG,0.0,225.0,0.0,0.0,146.571,0.0,78.429,CCDC
4767,K60000434,塗料;烏金黑面漆;T-75#QW258Z;,KG,0.0,11760.0,0.0,0.0,5939.491,0.0,5820.509,CCDC
4768,K60000435,塗料(烏金黑底漆);T-76#QB392S-A,KG,0.0,75.0,0.0,0.0,2.0930000000000035,0.0,72.907,CCDC
4769,K60000447,塗料;黑平光 25kg/箱;,KG,0.0,6225.0,0.0,0.0,3601.5,0.0,2623.5,CCDC
4770,K60000900,焊絲;;1.0;;,MT,0.0,60.0,0.0,0.0,25.123562,0.0,34.876438,"CCDC; UOM quy đổi: 1 MT = 1,000 EA (dây hàn); Đã quy đổi"
4771,MTM1177-00KM,MF;PLED-C;TM750;US/KM;NA;M,EA,0.0,2.0,0.0,0.0,0.0,0.0,2.0,
4772,MTM1178-00KM,MF;LED-C;TM749;US/KM;NA;M,EA,0.0,3.0,0.0,0.0,0.0,0.0,3.0,
4773,MTM3298-00KM,MF;TOUCH-02-C;TM550P;KM5;NA;M;,EA,0.0,1.0,0.0,0.0,0.0,0.0,1.0,
